N°de serie,Proyecto,Cliente,LDP,Fecha de fin estimada,Fecha de entrega estimada,Reprogramaciones de entrega estimada,Causas de reprogramación entrega estimada,Estado,Próximo estadío,Fecha estadío más próximo,Última fecha de entrega acordada con cliente,Registro de fechas de entrega acordada con cliente reprogramadas,Causas reprogramación entrega Cliente,Fecha de fin de equipo,Fecha de entrega final,Comentarios,Duración Planificada Fabricación,Fecha KOM (Inicio del proyecto),Fecha de entrega segun KOM,Cotizado Met,Cotizado Inox,Cotizado GyP,Cotizado Mont,Cotizado Mont E,Cotizado Total,Reales Met,Reales Inox,Reales GyP,Reales Montaje,Reales Montaje E,Reales Total,Retrasos Met,Retrasos Inox,Retrasos GyP,Retrasos Mont,Retrasos Mont E,Retrasos Total,Complejidad,KPI 1 : Hs Consumidas vs Cotizadas,KPI 2: Retraso vs Programación Inicial (días),Carga de LDPs,KPI 3: Presupuesto consumido,Carga Proyección,Comentarios
QM 2942,FRAC PUMP 2500 HP-QSK50-TA8091-QWS 2500,CALFRAC,Facundo Fernández,15/01/2026,15/01/2026,16/5/2025; 27/06/2025; 01/08/2025; 29/08/2025; 05/09/2025; 23/09/2025; 10/10/2025; 15/10/2025; 03/11/2025; 01/12/2025; 08/12/2025; 22/12/2025,Cliente no entrega componentes a tiempo;Cliente no entrega componentes a tiempo;Cliente no entrega componentes a tiempo;Cambios de diseño cliente;Falta capacidad bahia;Cliente retrasa prueba,Entregado,0,12/01/2026,26/01/2026,27/06/2025; 29/08/2025,"Cronograma previo a PO. El cliente se compromete a entregar componentes para cumplir con estas fechas, el cronograma se arma en base a estas condiciones. Cliente pide equipo con kit dual gas, y componentes demoran 90 días",13/01/2026,15/01/2026,0,160,,,1000,500,250,700,250,2700,918,171,178,879,202,2347,44,8,11,121,39,223,3,86.9%,244,0,0%,0,
ODS 1057,REBUILD FRAC PUMP SLB,SLB,0,00/01/1900,00/01/1900,00/01/1900,0,Entregado,0,,00/01/1900,0,0,00/01/1900,00/01/1900,0,0,,,,,,,,,,,,,,,,,,,,,3,,,0,0%,0,
ODS 1059,REBUILD (SL4) SPF74307Y2039  AA401WT,SLB,0,00/01/1900,00/01/1900,00/01/1900,0,Entregado,0,,00/01/1900,0,0,00/01/1900,00/01/1900,0,0,,,,,,,,,,,,,,,,,,,,,,,,0,0%,0,
ODS 1088,REBUILD HIDRATION,0,0,00/01/1900,00/01/1900,00/01/1900,0,Entregado,0,,00/01/1900,0,0,00/01/1900,00/01/1900,0,0,,,,,,,,,,,,,,,,,,,,,,,,0,0%,0,
ODS 1092,Servicio de prueba de fracturador y reacondicionamiento general,SLB,0,00/01/1900,00/01/1900,00/01/1900,0,Entregado,0,,00/01/1900,0,0,00/01/1900,00/01/1900,0,0,,,,,,,,,,,,,,,,,,,,,,,,0,0%,0,
ODS 1099,Reparación de Equipo nitrogenero,ECOSTIM,0,00/01/1900,00/01/1900,00/01/1900,0,Entregado,0,,00/01/1900,0,0,00/01/1900,00/01/1900,0,0,,,,,,,,,,,,,,,,,,,,,,,,0,0%,0,
ODS 1108,REBUID PILETA,WTF,0,00/01/1900,00/01/1900,00/01/1900,0,Entregado,0,,00/01/1900,0,0,00/01/1900,00/01/1900,0,0,,,,,,,,,,,,,,,,,,,,,,,,0,0%,0,
ODS 1113,SERVICIO DE VACIO 2000 GAL,WTF,0,00/01/1900,00/01/1900,00/01/1900,0,Entregado,0,,00/01/1900,0,0,00/01/1900,00/01/1900,0,0,,,,,,,,,,,,,,,,,,,,,,,,0,0%,0,
ODS 1130,REBUILDING FRAC PUMP UF919+SEMI,SUPERIOR,0,00/01/1900,00/01/1900,00/01/1900,0,Entregado,0,,00/01/1900,0,0,00/01/1900,00/01/1900,0,0,,,,,,,,,,,,,,,,,,,,,3,,,0,0%,0,
ODS 1131,REBUILDING FRAC PUMP UF920+SEMI,SUPERIOR,0,00/01/1900,00/01/1900,00/01/1900,0,Entregado,0,,00/01/1900,0,0,00/01/1900,00/01/1900,0,0,,,,,,,,,,,,,,,,,,,,,3,,,0,0%,0,
ODS 1132,REBUILDING FRAC PUMP UF921+SEMI,SUPERIOR,0,00/01/1900,00/01/1900,00/01/1900,0,Entregado,0,,00/01/1900,0,0,00/01/1900,00/01/1900,0,0,,,,,,,,,,,,,,,,,,,,,3,,,0,0%,0,
ODS 1133,REBUILDING FRAC PUMP UF922+SEMI,SUPERIOR,0,00/01/1900,00/01/1900,00/01/1900,0,Entregado,0,,00/01/1900,0,0,00/01/1900,00/01/1900,0,0,,,,,,,,,,,,,,,,,,,,,3,,,0,0%,0,
ODS 1157,Techo cubierta,SIEMENS,0,00/01/1900,00/01/1900,00/01/1900,0,Entregado,0,,00/01/1900,0,0,00/01/1900,00/01/1900,0,0,,,,,,,,,,,,,,,,,,,,,,,,0,0%,0,
ODS 1174,MODIFICACION PILETA ME104,SLB,0,00/01/1900,00/01/1900,00/01/1900,0,Entregado,0,,00/01/1900,0,0,00/01/1900,00/01/1900,0,0,,,,,,,,,,,,,,,,,,,,,,,,0,0%,0,
ODS 1175,MODIFICACION PILETA ME003,SLB,0,00/01/1900,00/01/1900,00/01/1900,0,Entregado,0,,00/01/1900,0,0,00/01/1900,00/01/1900,0,0,,,,,,,,,,,,,,,,,,,,,,,,0,0%,0,
ODS 1176,MODIFICACION PILETA ME001,SLB,0,00/01/1900,00/01/1900,00/01/1900,0,Entregado,0,,00/01/1900,0,0,00/01/1900,00/01/1900,0,0,,,,,,,,,,,,,,,,,,,,,,,,0,0%,0,
ODS 1177,MODIFICACION PILETA ME002,SLB,0,00/01/1900,00/01/1900,00/01/1900,0,Entregado,0,,00/01/1900,0,0,00/01/1900,00/01/1900,0,0,,,,,,,,,,,,,,,,,,,,,,,,0,0%,0,
ODS 1178,MODIFICACION PILETA ME007,SLB,0,00/01/1900,00/01/1900,00/01/1900,0,Entregado,0,,00/01/1900,0,0,00/01/1900,00/01/1900,0,0,,,,,,,,,,,,,,,,,,,,,,,,0,0%,0,
ODS 1179,MODIFICACION PILETA ME036,SLB,0,00/01/1900,00/01/1900,00/01/1900,0,Entregado,0,,00/01/1900,0,0,00/01/1900,00/01/1900,0,0,,,,,,,,,,,,,,,,,,,,,,,,0,0%,0,
ODS 1180,MODIFICACION PILETA ME037,SLB,0,00/01/1900,00/01/1900,00/01/1900,0,Entregado,0,,00/01/1900,0,0,00/01/1900,00/01/1900,0,0,,,,,,,,,,,,,,,,,,,,,,,,0,0%,0,
ODS 1181,MODIFICACION PILETA ME046,SLB,0,00/01/1900,00/01/1900,00/01/1900,0,Entregado,0,,00/01/1900,0,0,00/01/1900,00/01/1900,0,0,,,,,,,,,,,,,,,,,,,,,,,,0,0%,0,
ODS 1182,MODIFICACION PILETA ME005,SLB,0,00/01/1900,00/01/1900,00/01/1900,0,Entregado,0,,00/01/1900,0,0,00/01/1900,00/01/1900,0,0,,,,,,,,,,,,,,,,,,,,,,,,0,0%,0,
ODS 1183,MODIFICACION PILETA ME101,SLB,0,00/01/1900,00/01/1900,00/01/1900,0,Entregado,0,,00/01/1900,0,0,00/01/1900,00/01/1900,0,0,,,,,,,,,,,,,,,,,,,,,,,,0,0%,0,
ODS 1186,REPARACION MANIFOLD TRAILER QM2417 - BAKER,BKR,0,00/01/1900,00/01/1900,00/01/1900,0,Entregado,0,,00/01/1900,0,0,00/01/1900,00/01/1900,0,0,,,,,,,,,,,,,,,,,,,,,,,,0,0%,0,
ODS 1190,MANTENIMIENTO BATEA DE PAPA BOR866,MCCAIN,0,00/01/1900,00/01/1900,00/01/1900,0,Entregado,0,,00/01/1900,0,0,00/01/1900,00/01/1900,0,0,,,,,,,,,,,,,,,,,,,,,,,,0,0%,0,
ODS 1194,#N/A,0,0,00/01/1900,00/01/1900,00/01/1900,0,0,0,,00/01/1900,0,0,00/01/1900,00/01/1900,0,0,,,0,0,0,0,0,,20,0,0,0,0,20,0,0,0,0,0,,,,,0,0%,0,
ODS 1204,REPARACION TROMPO MIXER,DHASA,0,00/01/1900,00/01/1900,00/01/1900,0,Entregado,0,,00/01/1900,0,0,00/01/1900,00/01/1900,0,0,,,,,,,,,,,,,,,,,,,,,,,,0,0%,0,
ODS 1215,#N/A,0,0,00/01/1900,00/01/1900,00/01/1900,0,Entregado,0,,00/01/1900,0,0,00/01/1900,00/01/1900,0,0,,,,,,,,,,,,,,,,,,,,,,,,0,0%,0,
ODS 1216,GALPON  7500 M2,QUIROMED,0,00/01/1900,00/01/1900,00/01/1900,0,Entregado,0,,00/01/1900,0,0,00/01/1900,00/01/1900,0,0,,,,,,,,,,,,,,,,,,,,,,,,0,0%,0,
ODS 1218,#N/A,0,0,00/01/1900,00/01/1900,00/01/1900,0,Entregado,0,,00/01/1900,0,0,00/01/1900,00/01/1900,0,0,,,,,,,,,,,,,,,,,,,,,,,,0,0%,0,
ODS 1224,Bahía de testeo MDP,QME,Martín Navarro,00/01/1900,00/01/1900,00/01/1900,0,Metalurgia Tigre,0,,00/01/1900,0,0,00/01/1900,00/01/1900,0,0,,,0,0,0,0,0,,182,3,14,76,0,275,0,0,0,15,0,15,,,,0.554517744,0%,0.025993019,
ODS 1228,MONTAJE QEM3000 Unidad # 112613,CALFRAC,0,00/01/1900,00/01/1900,00/01/1900,0,Entregado,0,,00/01/1900,0,0,00/01/1900,00/01/1900,0,0,,,,,,,,,,,,,,,,,,,,,,,,0,0%,0,
ODS 1229,MONTAJE QEM3000 Unidad # 112610,CALFRAC,0,00/01/1900,00/01/1900,00/01/1900,0,Entregado,0,,00/01/1900,0,0,00/01/1900,00/01/1900,0,0,,,,,,,,,,,,,,,,,,,,,,,,0,0%,0,
ODS 1232,#N/A,0,0,00/01/1900,00/01/1900,00/01/1900,0,Entregado,0,,00/01/1900,0,0,00/01/1900,05/02/2023,0,0,,,,,,,,,,,,,,,,,,,,,,,,0,0%,0,
ODS 1233,#N/A,0,0,00/01/1900,00/01/1900,00/01/1900,0,Entregado,0,,00/01/1900,0,0,00/01/1900,05/02/2023,0,0,,,,,,,,,,,,,,,,,,,,,,,,0,0%,0,
ODS 1234,REACONDICIONAMIENTO TWIN PUMPER,LATITUD 45,0,00/01/1900,04/08/2023,00/01/1900,0,Entregado,0,,00/01/1900,0,0,00/01/1900,30/08/2023,0,0,,,,,,,,,,,,,,,,,,,,,,,26,0,0%,0,
ODS 1234,REACONDICIONAMIENTO TWIN PUMPER,LATITUD 45,0,00/01/1900,00/01/1900,00/01/1900,0,Entregado,0,,00/01/1900,0,0,00/01/1900,00/01/1900,0,0,,,,,,,,,,,,,,,,,,,,,,,,0,0%,0,
ODS 1236,REBUILDING BLENDER 12300,TENARIS,0,00/01/1900,00/01/1900,00/01/1900,0,Entregado,0,,00/01/1900,0,0,00/01/1900,00/01/1900,0,0,,,,,,,,,,,,,,,,,,,,,5,,,0,0%,0,
ODS 1237,REBUILDING FRAC PUMP #1,HASA,0,00/01/1900,00/01/1900,00/01/1900,0,Entregado,0,,00/01/1900,0,0,00/01/1900,00/01/1900,0,0,,,,,,,,,,,,,,,,,,,,,3,,,0,0%,0,
ODS 1240,SERVICIO DE VACIO 2000 GAL,SESA,0,00/01/1900,00/01/1900,00/01/1900,0,Entregado,0,,00/01/1900,0,0,00/01/1900,00/01/1900,0,0,,,,,,,,,,,,,,,,,,,,,,,,0,0%,0,
ODS 1241,CAMBIO VALVULAS TK CRYO QM1048,SESA,0,00/01/1900,00/01/1900,00/01/1900,0,Entregado,0,,00/01/1900,0,0,00/01/1900,00/01/1900,0,0,,,,,,,,,,,,,,,,,,,,,,,,0,0%,0,
ODS 1244,#N/A,0,0,00/01/1900,00/01/1900,00/01/1900,0,Entregado,0,,00/01/1900,0,0,00/01/1900,00/01/1900,0,0,,,,,,,,,,,,,,,,,,,,,,,,0,0%,0,
ODS 1245,DESMONTAJE Y MONTAJE LINEA DE PESADO Y EMBOLSADO,ARGENBRAS,0,00/01/1900,00/01/1900,00/01/1900,0,Entregado,0,,00/01/1900,0,0,00/01/1900,00/01/1900,0,0,,,,,,,,,,,,,,,,,,,,,,,,0,0%,0,
ODS 1247,Nave nueva SQM,SQM,0,00/01/1900,00/01/1900,00/01/1900,0,Próximo a terminar,0,,00/01/1900,0,0,00/01/1900,00/01/1900,0,0,,,,,,,,,,,,,,,,,,,,,,,,0,0%,0,
ODS 1248,#N/A,0,0,00/01/1900,00/01/1900,00/01/1900,0,Entregado,0,,00/01/1900,0,0,00/01/1900,30/06/2024,0,0,,,,,,,,,,,,,,,,,,,,,,,,0,0%,0,
ODS 1249,#N/A,0,0,00/01/1900,06/02/2023,00/01/1900,0,Entregado,0,,00/01/1900,0,0,00/01/1900,06/02/2023,0,0,,,,,,,,,,,,,,,,,,,,,,,0,0,0%,0,
ODS 1250,BAHIA DE TESTEO NQN,SQM,0,00/01/1900,00/01/1900,00/01/1900,0,Metalurgia,0,,00/01/1900,0,0,00/01/1900,00/01/1900,0,0,,,,,,,,,,,,,,,,,,,,,,,,0,0%,0,
ODS 1251,REPARACION PRENSA CARTON,Havanna,0,00/01/1900,00/01/1900,00/01/1900,0,Entregado,0,,00/01/1900,0,0,00/01/1900,00/01/1900,0,0,,,,,,,,,,,,,,,,,,,,,,,,0,0%,0,
ODS 1255,HYDRAULIC STARTER PERKINS,QME,0,00/01/1900,31/10/2024,00/01/1900,0,Stand by,0,,00/01/1900,0,0,00/01/1900,00/01/1900,0,0,,,,,,,,,,,,,,,,,,,,,,,550,0,0%,0,
ODS 1257,ROLADO Y SOLDADURA TERMOTANQUE,ELECTROTERMA,0,00/01/1900,00/01/1900,00/01/1900,0,Entregado,0,,00/01/1900,0,0,00/01/1900,00/01/1900,0,0,,,,,,,,,,,,,,,,,,,,,,,,0,0%,0,
ODS 1259,REPARACION VIROLA INT CALDERA ROLON,Havanna,0,00/01/1900,00/01/1900,00/01/1900,0,Entregado,0,,00/01/1900,0,0,00/01/1900,00/01/1900,0,0,,,,,,,,,,,,,,,,,,,,,,,,0,0%,0,
ODS 1265,SISTEMA RECEPTOR SET DE FRACTURA - REPARACIÓN,TENARIS,0,00/01/1900,00/01/1900,00/01/1900,0,Entregado,0,,00/01/1900,0,0,00/01/1900,00/01/1900,0,0,,,,,,,,,,,,,,,,,,,,,,,,0,0%,0,
ODS 1266,MANIFOLD SUCCION PARA TWS2250 x4,TENARIS,0,00/01/1900,00/01/1900,00/01/1900,0,Entregado,0,,00/01/1900,0,0,00/01/1900,00/01/1900,0,0,,,,,,,,,,,,,,,,,,,,,,,,0,0%,0,
ODS 1267,ADICIONALES  REPARACION Y VTV,WSPI,0,00/01/1900,00/01/1900,00/01/1900,0,Entregado,0,,00/01/1900,0,0,15/05/2025,15/05/2025,0,0,,,,,,,,,,,,,,,,,,,,,,,,0,0%,0,
ODS 1276,REPARACION PELADORAS #1 Y #2,MCCAIN,0,00/01/1900,00/01/1900,00/01/1900,0,Entregado,0,,00/01/1900,0,0,00/01/1900,00/01/1900,0,0,,,,,,,,,,,,,,,,,,,,,,,,0,0%,0,
ODS 1277,Banco de soldadura,QME,0,00/01/1900,24/01/2025,00/01/1900,0,Entregado,0,,00/01/1900,0,0,28/04/2025,02/05/2025,0,0,,,0,0,0,0,0,,144,3,0,0,83,230,0,0,0,0,10,10,,,98,0,0%,0,
ODS 1280,Reparacion poor boy,0,0,00/01/1900,31/08/2023,00/01/1900,0,Entregado,0,,00/01/1900,0,0,00/01/1900,29/11/2023,0,0,,,,,,,,,,,,,,,,,,,,,,,90,0,0%,0,
ODS 1281,Reparacion poor boy,0,0,00/01/1900,20/05/2024,00/01/1900,0,Entregado,0,,00/01/1900,0,0,00/01/1900,06/06/2024,0,0,,,,,,,,,,,,,,,,,,,,,,,17,0,0%,0,
ODS 1282,Reparacion poor boy,0,0,00/01/1900,29/03/2024,00/01/1900,0,Cancelado,0,,00/01/1900,0,0,00/01/1900,00/01/1900,0,0,,,,,,,,,,,,,,,,,,,,,,,766,0,0%,0,
ODS 1286,#N/A,0,0,00/01/1900,00/01/1900,00/01/1900,0,Entregado,0,,00/01/1900,0,0,00/01/1900,00/01/1900,0,0,,,,,,,,,,,,,,,,,,,,,,,,0,0%,0,
ODS 1291,ROLADO Y SOLDADURA ACUMULADOR 1500L,ELECTROTERMA,0,00/01/1900,29/05/2023,00/01/1900,0,Entregado,0,,00/01/1900,0,0,00/01/1900,29/05/2023,0,0,,,,,,,,,,,,,,,,,,,,,,,0,0,0%,0,
ODS 1293,REBUILDING TUB #131037,CALFRAC,0,00/01/1900,01/12/2023,00/01/1900,0,Entregado,0,,00/01/1900,0,0,00/01/1900,18/12/2023,0,0,,,,,,,,,,,,,,,,,,,,,,,17,0,0%,0,
ODS 1297,REBUILDING BATCH MIXER ,TENARIS,0,00/01/1900,04/10/2024,00/01/1900,0,Entregado,0,,00/01/1900,0,0,00/01/1900,01/10/2024,0,0,,,,,,,,,,,,,,,,,,,,,,,-3,0,0%,0,
ODS 1298,ROLADO Y SOLDADURA VIROLA #1,ELECTROTERMA,0,00/01/1900,00/01/1900,00/01/1900,0,Entregado,0,,00/01/1900,0,0,00/01/1900,00/01/1900,0,0,,,,,,,,,,,,,,,,,,,,,,,,0,0%,0,
ODS 1300,ROLADO Y SOLDADURA VIROLAS VARIAS,ELECTROTERMA,0,00/01/1900,00/01/1900,00/01/1900,0,Entregado,0,,00/01/1900,0,0,00/01/1900,07/12/2023,0,0,,,,,,,,,,,,,,,,,,,,,,,,0,0%,0,
ODS 1301,ROLADO Y SOLDADURA VIROLAS NP1093,ELECTROTERMA,0,00/01/1900,04/01/2024,00/01/1900,0,Entregado,0,,00/01/1900,0,0,00/01/1900,04/01/2024,0,0,,,,,,,,,,,,,,,,,,,,,,,0,0,0%,0,
ODS 1306,QM-01033 SUCTION MANIFOLD  QWS2500 x15,CALFRAC,0,00/01/1900,16/08/2024,00/01/1900,0,Entregado,0,,00/01/1900,0,0,00/01/1900,19/08/2024,0,0,,,,,,,,,,,,,,,,,,,,,,,3,0,0%,0,
ODS 1307,LIGHT REBUILD FRAC PUMP #1,SLB,0,00/01/1900,23/07/2024,00/01/1900,0,Entregado,0,,00/01/1900,0,0,00/01/1900,23/07/2024,0,0,,,,,,,,,,,,,,,,,,,,,3,,0,0,0%,0,
ODS 1308,LIGHT REBUILD FRAC PUMP #2,SLB,0,00/01/1900,25/07/2024,00/01/1900,0,Entregado,0,,00/01/1900,0,0,00/01/1900,26/07/2024,0,0,,,,,,,,,,,,,,,,,,,,,3,,1,0,0%,0,
ODS 1309,LIGHT REBUILD FRAC PUMP #8,SLB,0,00/01/1900,04/10/2024,00/01/1900,0,Entregado,0,,00/01/1900,0,0,00/01/1900,19/10/2024,0,0,,,50,0,50,700,100,900,0,0,8,162,0,170,0,0,0,9,0,9,3,18.9%,15,0,0%,0,
ODS 1310,LIGHT REBUILD FRAC PUMP #3,SLB,0,00/01/1900,05/08/2024,00/01/1900,0,Entregado,0,,00/01/1900,0,0,00/01/1900,10/08/2024,0,0,,,,,,,,,,,,,,,,,,,,,3,,5,0,0%,0,
ODS 1311,LIGHT REBUILD FRAC PUMP #4,SLB,0,00/01/1900,17/08/2024,00/01/1900,0,Entregado,0,,00/01/1900,0,0,00/01/1900,19/08/2024,0,0,,,,,,,,,,,,,,,,,,,,,3,,2,0,0%,0,
ODS 1312,2 x TANQUE VERTICAL 90m3 - BAHIA DE TESTEO SHOP NQN,SQM,0,00/01/1900,00/01/1900,00/01/1900,0,Entregado,0,,00/01/1900,0,0,00/01/1900,00/01/1900,0,0,,,0,0,0,0,0,,9,0,342,0,0,351,0,0,0,0,0,,,,,0,0%,0,
ODS 1313,REPARACIÓN TOLVA BULK POB658,SLB,0,00/01/1900,27/07/2024,00/01/1900,0,Entregado,0,,00/01/1900,0,0,00/01/1900,02/10/2024,0,0,,,,,,,,,,,,,,,,,,,,,1,,67,0,0%,0,
ODS 1314,REPARACIÓN TOLVA BULK NTT659,SLB,0,00/01/1900,27/07/2024,00/01/1900,0,Entregado,0,,00/01/1900,0,0,00/01/1900,02/10/2024,0,0,,,,,,,,,,,,,,,,,,,,,1,,67,0,0%,0,
ODS 1314,REPARACIÓN TOLVA BULK NTT659,SLB,0,00/01/1900,00/01/1900,00/01/1900,0,Entregado,0,,00/01/1900,0,0,00/01/1900,02/10/2024,0,0,,,,,,,,,,,,,,,,,,,,,1,,,0,0%,0,
ODS 1315,ESTACION REGULADORA 1100NM3_H,SQM,0,00/01/1900,00/01/1900,00/01/1900,Se termina cuando arranquen pruebas de gas,Metalurgia,0,,00/01/1900,0,0,00/01/1900,00/01/1900,0,0,,,,,,,,,,,,,,,,,,,,,,,,0,0%,0,
ODS 1316,VISITA DE SOPORTE TÉCNICO,LATITUD 45,0,00/01/1900,00/01/1900,00/01/1900,0,Entregado,0,,00/01/1900,0,0,00/01/1900,00/01/1900,0,0,,,,,,,,,,,,,,,,,,,,,,,,0,0%,0,
ODS 1317,REVAMPING RED INTERNA DE GAS,QME,Martín Navarro,00/01/1900,00/01/1900,00/01/1900,0,Montaje,Entregado,,00/01/1900,0,0,00/01/1900,00/01/1900,0,0,,,0,0,0,0,0,,54,0,63,0,0,117,0,0,0,0,0,,,,,1.039720771,0%,0.025993019,
ODS 1318,MODIFICACION LARGE BORE,TENARIS,0,00/01/1900,12/08/2024,00/01/1900,0,Entregado,0,,00/01/1900,0,0,00/01/1900,00/01/1900,0,0,,,,,,,,,,,,,,,,,,,,,2,,630,0,0%,0,
ODS 1319,REBUILD UH SUPERIOR,LATITUD 45,0,23/05/2025,06/06/2025,25/11/2024; 24/1/2025; 10/03/2025; 23/05,0,Entregado,0,,25/11/2024,0,0,29/05/2025,30/06/2025,Se prueba junto con blender porque lo alimenta,0,,,550,0,0,400,1000,1950,27,108,21,1136,494,1786,0,0,0,220,144,364,,91.6%,217,0,0%,0,
ODS 1320,LIGHT REBUILD FRAC PUMP #5,SLB,0,00/01/1900,30/08/2024,00/01/1900,0,Entregado,0,,00/01/1900,0,0,00/01/1900,02/09/2024,0,0,,,,,,,,,,,,,,,,,,,,,3,,3,0,0%,0,
ODS 1321,LIGHT REBUILD FRAC PUMP #6,SLB,0,00/01/1900,06/09/2024,00/01/1900,0,Entregado,0,,00/01/1900,0,0,00/01/1900,09/09/2024,0,0,,,,,,,,,,,,,,,,,,,,,3,,3,0,0%,0,
ODS 1322,LIGHT REBUILD FRAC PUMP #7,SLB,0,00/01/1900,13/09/2024,00/01/1900,0,Entregado,0,,00/01/1900,0,0,00/01/1900,20/09/2024,0,0,,,,,,,,,,,,,,,,,,,,,3,,7,0,0%,0,
ODS 1323,LIGHT REBUILD FRAC PUMP #9,SLB,0,00/01/1900,27/09/2024,00/01/1900,0,Entregado,0,,00/01/1900,0,0,00/01/1900,10/10/2024,0,0,,,50,0,50,700,100,900,0,0,34,0,0,34,0,0,0,0,0,,3,3.8%,13,0,0%,0,
ODS 1324,LIGHT REBUILD FRAC PUMP #10,SLB,0,00/01/1900,02/10/2024,00/01/1900,0,Entregado,0,,00/01/1900,0,0,00/01/1900,07/10/2024,0,0,,,50,0,50,700,100,900,0,0,13,0,0,13,0,0,0,0,0,,3,1.4%,5,0,0%,0,
ODS 1325,LIGHT REBUILD FRAC PUMP #12,SLB,0,00/01/1900,03/10/2024,00/01/1900,0,Entregado,0,,00/01/1900,0,0,00/01/1900,07/10/2024,0,0,,,50,0,50,700,100,900,0,0,16,0,0,16,0,0,0,0,0,,3,1.8%,4,0,0%,0,
ODS 1326,LIGHT REBUILD FRAC PUMP #11,SLB,0,00/01/1900,04/10/2024,00/01/1900,0,Entregado,0,,00/01/1900,0,0,00/01/1900,10/10/2024,0,0,,,50,0,50,700,100,900,0,0,25,0,0,25,0,0,0,0,0,,3,2.8%,6,0,0%,0,
ODS 1327,LIGHT REBUILD FRAC PUMP #13,SLB,0,00/01/1900,10/11/2024,00/01/1900,0,Entregado,0,,00/01/1900,0,0,00/01/1900,09/12/2024,0,0,,,50,0,50,700,100,900,37,13,73,585,45,753,0,2,0,109,7,118,3,83.7%,29,0,0%,0,
ODS 1328,SISTEMA TRATAMIENTO AGUA NQN,SQM,0,00/01/1900,28/03/2025,00/01/1900,0,Entregado,0,,00/01/1900,0,0,05/02/2025,05/02/2025,0,0,,,0,0,0,0,0,,82,56,1,0,0,139,0,0,0,0,0,,,,-51,0,0%,0,
ODS 1329,BATEA DE PULIDO POR VIBRACIÓN,QME,0,00/01/1900,00/01/1900,00/01/1900,0,Entregado,0,,00/01/1900,0,0,00/01/1900,24/09/2024,0,0,,,,,,,,,,,,,,,,,,,,,,,,0,0%,0,
ODS 1331,CARGA Y DESCARGA EQUINOR,SLB,0,00/01/1900,00/01/1900,00/01/1900,0,Entregado,Entregado,,00/01/1900,0,0,00/01/1900,00/01/1900,0,0,,,,,,,,,,,,,,,,,,,,,,,,0,0%,0,
ODS 1332,LAVADERO SHOP NQN - SQM,SQM,Santiago Lenzi,00/01/1900,14/10/2024,00/01/1900,0,Próximo a terminar,0,,00/01/1900,0,0,00/01/1900,00/01/1900,0,0,,,,,,,,,,,,,,,,,,,,,,,567,0.311916231,0%,0.051986039,
ODS 1334,SUCTION MANIFOLD  QWS2500 x3,SLB,0,00/01/1900,30/01/2025,00/01/1900,0,Metalurgia,0,,00/01/1900,0,0,00/01/1900,00/01/1900,Preguntar a Tincho cómo van. Completar fechas de entrega estadío más próximo,0,,,0,0,0,0,0,,39,433,0,0,0,472,0,55,0,0,0,55,,,459,0,0%,0,
ODS 1339,LIGHT REBUILD FRAC PUMP #15,SLB,0,00/01/1900,15/04/2025,00/01/1900,0,Cancelado,0,,00/01/1900,0,0,00/01/1900,00/01/1900,Cliente evaluando su cancelación,0,,,0,0,0,0,0,,24,13,62,70,34,203,0,0,0,0,0,,3,,384,0,0%,0,
ODS 1340,LIGHT REBUILD FRAC PUMP #16,SLB,0,28/02/2025,28/02/2025,11/2/2025; 28/02/2025,0,Entregado,0,,28/02/2025,45699,0,11/03/2025,11/03/2025,Apuntamos a entregar a tiempo,0,,,340,0,54,1010,86,1490,219,12,72,967,121,1391,2,4,2,231,8,246,3,93.4%,28,0,0%,0,
ODS 1341,LIGHT REBUILD FRAC PUMP #17,SLB,0,00/01/1900,20/05/2025,00/01/1900,0,Entregado,0,,28/03/2025,0,0,20/05/2025,20/05/2025,0,0,,,575,0,4,950,50,1579,256,140,87,991,158,1631,2,45,4,182,33,265,3,103.3%,0,0,0%,0,
ODS 1342,LIGHT REBUILD FRAC PUMP #18,SLB,0,00/01/1900,11/06/2025,00/01/1900,0,Entregado,0,,11/06/2025,0,0,12/06/2025,12/06/2025,0,0,,,425,0,4,950,50,1429,191,129,86,1265,89,1760,21,20,3,322,9,375,3,123.1%,1,0,0%,0,
ODS 1343,LIGHT REBUILD FRAC PUMP #19,SLB,0,00/01/1900,15/04/2025,00/01/1900,0,Entregado,0,,00/01/1900,0,0,09/05/2025,15/04/2025,14/03 sería la prueba,0,,,855,0,4,950,50,1859,207,23,205,1351,210,1996,15,0,1,478,50,543,3,107.4%,0,0,0%,0,
ODS 1344,LIGHT REBUILD FRAC PUMP #20,SLB,0,07/03/2025,07/03/2025,23/2/2025; 07/03/2025,0,Entregado,0,,07/03/2025,45711,0,22/03/2025,22/03/2025,0,0,,,385,0,0,950,50,1385,60,11,81,1099,124,1375,0,0,0,286,27,313,3,99.3%,27,0,0%,0,
ODS 1345,AX10 AXIALES ESTRIBOR x2,ELECTROTERMA,0,00/01/1900,00/01/1900,00/01/1900,0,Entregado,0,,00/01/1900,0,0,00/01/1900,05/12/2024,0,0,,,,,,,,,,,,,,,,,,,,,,,,0,0%,0,
ODS 1346,SR11 PROVISION ENSAMBLES METALURGICOS,SQM,0,00/01/1900,00/01/1900,00/01/1900,0,Entregado,0,,00/01/1900,0,0,00/01/1900,00/01/1900,0,0,,,0,0,0,0,0,,54,0,3,0,0,57,0,0,1,0,0,1,,,,0,0%,0,
ODS 1348,LIGHT REBUILD FRAC PUMP #21,SLB,0,00/01/1900,00/01/1900,00/01/1900,0,Cancelado,0,,00/01/1900,0,0,00/01/1900,00/01/1900,0,0,,,0,0,0,0,0,,0,0,0,57,0,57,0,0,0,0,0,,3,,,0,0%,0,
ODS 1349,LIGHT REBUILD FRAC PUMP #22,SLB,0,00/01/1900,00/01/1900,00/01/1900,0,Cancelado,0,,00/01/1900,0,0,00/01/1900,00/01/1900,0,0,,,0,0,0,0,0,,0,0,1,35,0,36,0,0,0,0,0,,3,,,0,0%,0,
ODS 1352,ACONDICIONAMIENTO CISTERNAS GNC,SQM,0,00/01/1900,16/05/2025,00/01/1900,0,Entregado,0,,00/01/1900,0,0,11/09/2025,11/11/2025,Fueron entregas en diferentes fechas,0,,,0,0,0,0,0,,79,39,7,146,9,279,0,0,4,14,0,18,,,179,0,0%,0,
ODS 1355,CONJUNTO TORNILLOS DST,TENARIS,0,06/08/2025,06/08/2025,00/01/1900,0,Entregado,0,,06/08/2025,0,0,16/08/2025,16/08/2025,Cliente no retira en fecha,0,,,0,0,0,0,0,,0,71,4,0,0,75,0,22,0,0,0,22,,,10,0,0%,0,
ODS 1356,REPARACIÓN TANQUES DE COMBUSTIBLE CHINA,QME,0,00/01/1900,15/08/2025,00/01/1900,0,Entregado,0,,00/01/1900,0,0,00/01/1900,00/01/1900,Entregas con fracs 2987-00/2990-93/3002. Son 2 unidades/equipo,0,,,,,,,,,,,,,,,,,,,,,,,262,0,0%,0,
ODS 1357,CUBRECARDAN PARA BOMBA WOLVERINE - SR-38,SQM,0,00/01/1900,21/04/2025,00/01/1900,0,Entregado,0,,21/04/2025,0,0,00/01/1900,00/01/1900,0,0,,,0,0,0,0,0,,41,0,29,0,0,70,0,0,0,0,0,,1,,378,0,0%,0,
ODS 1358,MANIFOLD SUCCION FLUID END,SLB,0,00/01/1900,26/05/2025,00/01/1900,0,Entregado,0,,26/05/2025,0,0,16/07/2025,16/07/2025,0,0,,,0,0,0,0,0,,84,0,35,0,0,119,0,0,0,0,0,,,,51,0,0%,0,
ODS 1359,MANIFOLD SUCCION FLUID END,SLB,0,00/01/1900,26/05/2025,00/01/1900,0,Entregado,0,,26/05/2025,0,0,16/07/2025,16/07/2025,0,0,,,,,,,,,,,,,,,,,,,,,,,51,0,0%,0,
ODS 1360,MANIFOLD SUCCION FLUID END,SLB,0,00/01/1900,26/05/2025,00/01/1900,0,Entregado,0,,26/05/2025,0,0,16/07/2025,16/07/2025,0,0,,,,,,,,,,,,,,,,,,,,,,,51,0,0%,0,
ODS 1361,SERVICIO DE VACIO TK NITROGENERO AA828KY,SLB,0,00/01/1900,00/01/1900,00/01/1900,0,Entregado,0,,00/01/1900,0,0,04/07/2025,04/07/2025,0,0,,,0,0,0,0,0,,0,134,0,0,0,134,0,0,0,0,0,,,,,0,0%,0,
ODS 1362,Mejoras taller,QME,0,00/01/1900,00/01/1900,00/01/1900,0,Metalurgia,0,,00/01/1900,0,0,00/01/1900,00/01/1900,0,0,,,0,0,0,0,0,,695,0,4,0,0,699,9,0,0,0,0,9,,,,0,0%,0,
ODS 1363,CONJUNTO SILENCIADOR QSK50,CALFRAC,0,00/01/1900,13/05/2025,00/01/1900,0,Entregado,0,,00/01/1900,0,0,15/07/2025,15/07/2025,0,0,,,0,0,0,0,0,,3,11,7,0,0,21,0,0,0,0,0,,1,,63,0,0%,0,
ODS 1364,MANIFOLD DE SUCCIÓN QWS2500 X 10,QME,0,00/01/1900,13/06/2025,00/01/1900,0,Entregado,0,,00/01/1900,0,0,00/01/1900,11/05/2025,400 hh de metalurgia al carbono,0,,,,,,,,,,,,,,,,,,,,,,,-33,0,0%,0,
ODS 1365,SOPORTES FLEX HOSE,SLB,0,00/01/1900,00/01/1900,00/01/1900,0,Entregado,0,,00/01/1900,0,0,15/07/2025,15/07/2025,0,0,,,0,0,0,0,0,,0,0,3,0,0,3,0,0,0,0,0,,,,,0,0%,0,
ODS 1366,MUEBLES MANTENIMIENTO,QME,0,00/01/1900,00/01/1900,00/01/1900,0,Entregado,0,,00/01/1900,0,0,00/01/1900,00/01/1900,0,0,,,0,0,0,0,0,,72,0,0,0,0,72,0,0,0,0,0,,,,,0,0%,0,
ODS 1367,Banco de prueba de mangueras,QME,0,00/01/1900,00/01/1900,00/01/1900,0,Entregado,0,,00/01/1900,0,0,11/05/2025,11/05/2025,150 hh todo ,0,,,,,,,,,,,,,,,,,,,,,,,,0,0%,0,
ODS 1368,REFACCION OFICINA RRHH ,QME,0,00/01/1900,00/01/1900,00/01/1900,0,Entregado,0,,00/01/1900,0,0,00/01/1900,00/01/1900,0,0,,,0,0,0,0,0,,20,0,0,0,0,20,0,0,0,0,0,,,,,0,0%,0,
ODS 1369,PERCHA DE IZAJE REGULABLE,SQM,0,04/07/2025,04/07/2025,00/01/1900,0,Entregado,0,,29/06/2025,0,0,16/07/2025,17/07/2025,0,0,,,110,0,10,0,0,120,32,0,0,0,0,32,0,0,0,0,0,,1,26.7%,13,0,0%,0,
ODS 1371,SILENCIADOR QSK50 x 2,0,0,04/07/2025,04/07/2025,00/01/1900,0,Entregado,0,,07/07/2025,0,0,07/07/2025,07/07/2025,0,14,,,0,0,0,0,0,,4,8,0,0,0,12,0,0,0,0,0,,1,,3,0,0%,0,
ODS 1372,SILENCIADOR QSK50 x 10,CALFRAC,0,11/07/2025,25/07/2025,11/07/2025,Falta de capacidad,Entregado,0,,11/07/2025,0,0,05/08/2025,13/08/2025,0,14,,,0,0,0,0,0,,19,31,3,0,0,53,0,0,0,0,0,,1,,33,0,0%,0,
ODS 1375,CUBRECARDAN PARA BOMBA WOLVERINE x 6,SQM,0,01/10/2025,01/10/2025,15/8/2025; 11/09/2025,Cambios de diseño cliente,Entregado,0,,01/10/2025,15/8/2025; 11/09/2025,Tenaris pide modificaciones,01/10/2025,10/01/2026,07/10: entrega de 1 cubrecardan,0,,,408,0,12,0,0,420,128,0,9,0,0,137,0,0,0,0,0,,1,32.5%,148,0,0%,0,
ODS 1376,WET SAND REVESTIMIENTO - KIT COMPLETO - CANTIDAD 2,SLB,0,00/01/1900,12/09/2025,00/01/1900,0,Entregado,0,,12/09/2025,0,0,16/08/2025,16/08/2025,0,0,,,,,,,,,,,,,,,,,,,,,,,-27,0,0%,0,
ODS 1377,WET SAND REVESTIMIENTO - KIT REDUCIDO,SLB,0,00/01/1900,25/08/2025,00/01/1900,0,Entregado,0,,25/08/2025,0,0,16/08/2025,16/08/2025,0,0,,,,,,,,,,,,,,,,,,,,,,,-9,0,0%,0,
ODS 1379,ADAPTACION DATAVAN #2,TENARIS,Santiago Lenzi,28/02/2026,28/02/2026,28/02/2026,Cliente no define,Entregado,0,,28/02/2026,0,0,27/03/2026,00/01/1900,0,0,,,0,0,0,0,0,,6,3,6,0,213,228,0,0,0,0,17,17,,,65,0,0%,0,
ODS 1380,ACTUALIZACION REGULADORA QM2848,SQM,0,23/10/2025,23/10/2025,00/01/1900,0,Entregado,0,,01/11/2025,0,0,23/10/2025,23/10/2025,0,0,,,0,0,0,0,0,,68,31,12,127,88,325,12,15,0,0,0,27,,,0,0,0%,0,
ODS 1381,REPARACION REEL QM2745,CALFRAC,0,05/11/2025,05/11/2025,10/10/2025; 24/10/2025,Retraso de componentes proveedor;Error de componente,Entregado,0,30/10/2025,10/10/2025,0,0,04/11/2025,04/11/2025,0,0,,,0,0,0,0,0,,216,9,0,144,0,369,0,0,0,4,0,4,,,25,0,0%,0,
ODS 1382,SEMI MOVIMIENTOS,QME,0,00/01/1900,15/10/2025,00/01/1900,0,Entregado,0,,26/09/2025,0,0,22/09/2025,15/10/2025,0,0,,,0,0,0,0,0,,105,0,0,0,0,105,0,0,0,0,0,,,,0,0,0%,0,
ODS 1390,Set de repuestos para Frac Pumps Prometheus,QME,Damián Dagraca,13/03/2026,13/03/2026,00/01/1900,Con QM 3119,Ingeniería,Próximo a entregar,,13/03/2026,0,0,00/01/1900,00/01/1900,0,0,,,,,,,,,,,,,,,,,,,,,3,,52,1.455609079,0%,0.623832463,
ODS 1394,MODULAR GAS PIPING,0,0,08/11/2025,08/11/2025,00/01/1900,0,Metalurgia Tigre,Pintura,,08/11/2025,0,0,00/01/1900,00/01/1900,0,0,,,0,0,0,0,0,,90,0,81,0,0,171,0,0,16,0,0,16,,,177,0,0%,0,
ODS 1396,PLATAFORMA DE DESCARGA PARA CONTENEDORES,QME,Martín Navarro,17/03/2026,17/03/2026,00/01/1900,0,Entregado,0,,00/01/1900,0,0,30/03/2026,30/03/2026,0,0,02/01/2025,,0,0,0,0,0,,371,3,20,176,20,590,23,0,4,30,0,57,1,,13,0,0%,0,
ODS 1397,TOLVA INGRESO MEZCLADOR DRY,CALFRAC,0,15/12/2025,15/12/2025,00/01/1900,0,Entregado,0,,15/12/2025,0,0,10/12/2025,20/02/2026,0,21,,,0,0,0,0,0,,20,3,0,0,0,23,0,0,0,0,0,,1,,67,0,0%,0,
ODS 1399,ADICIONALES KIT DGB,FINNING,0,12/12/2025,12/12/2025,00/01/1900,0,Entregado,0,,00/01/1900,0,0,00/01/1900,16/12/2025,0,0,,,0,0,0,0,0,,0,20,0,0,0,20,0,0,0,0,0,,,,4,0,0%,0,
ODS 1400,MANIFOLD DGB QM PARTS,FINNING,0,19/02/2026,19/02/2026,00/01/1900,0,Entregado,0,,00/01/1900,0,0,00/01/1900,05/12/2025,3 manifolds que quedaron del 2759,0,,,,,,,,,,,,,,,,,,,,,,,-76,0,0%,0,
ODS 1402,PUESTA A PUNTO MÁQUINA DE PAPA,QME,0,15/02/2026,15/02/2026,00/01/1900,0,Stand by,Montaje,00/01/1900,00/01/1900,0,0,00/01/1900,00/01/1900,0,0,,,,,,,,,,,,,,,,,,,,,,,78,0,0%,0,
ODS 1403,Havanna,Havanna,Agustín Bereilh,30/03/2026,30/03/2026,00/01/1900,0,Cancelado,0,00/01/1900,00/01/1900,0,0,00/01/1900,00/01/1900,0,0,,,0,0,0,0,0,,18,0,0,0,0,18,0,0,0,0,0,,,,35,0,0%,0,
ODS 1404,INSTALACIÓN TORRE DE ENFRIAMIENTO QM,QME,Martín Navarro,00/01/1900,00/01/1900,00/01/1900,0,Metalurgia Tigre,0,00/01/1900,00/01/1900,0,0,00/01/1900,00/01/1900,0,0,,,,,,,,,,,,,,,,,,,,,,,,0.554517744,0%,0.025993019,
ODS 1405,MEJORAS GRANALLA Y PINTURA,QME,Daniel Robino,11/05/2026,11/05/2026,00/01/1900,0,Metalurgia Tigre,Pintura,,00/01/1900,0,0,00/01/1900,00/01/1900,0,0,,,0,0,0,0,0,,83,0,0,0,0,83,0,0,0,0,0,,,,-7,0.554517744,0%,0.103972077,
ODS 1406,TABLERO DE COMANDOS PARA SPI,SQM,Lucio Tappi,00/01/1900,00/01/1900,00/01/1900,0,Entregado a NQN,0,,00/01/1900,0,0,21/01/2026,21/01/2026,0,0,,,,,,,,,,,,,,,,,,,,,1,,,0.450545667,0%,0.23104906,
ODS 1407,OFICINAS Y COMEDOR SQM,SQM,Agustín Bereilh,00/01/1900,00/01/1900,00/01/1900,0,Sin empezar,Corte y Plegado,,00/01/1900,0,0,00/01/1900,00/01/1900,0,0,,,,,,,,,,,,,,,,,,,,,,,,0.069314718,0%,0.025993019,
ODS 1408,EXTENSIÓN SHOP,SQM,Agustín Bereilh,00/01/1900,00/01/1900,00/01/1900,0,Sin empezar,Corte y Plegado,,00/01/1900,0,0,00/01/1900,00/01/1900,0,0,,,0,0,0,0,0,,9,0,0,0,0,9,0,0,0,0,0,,,,,0.069314718,0%,0.025993019,
ODS 1409,GALPÓN NUEVO END,SQM,Agustín Bereilh,00/01/1900,00/01/1900,00/01/1900,0,Sin empezar,Corte y Plegado,,00/01/1900,0,0,00/01/1900,00/01/1900,0,0,,,,,,,,,,,,,,,,,,,,,,,,0.069314718,0%,0.025993019,
ODS 1411,RECAMBIO QEM 3000 POR CAT 3600 - PILOTO,QME,Damián Dagraca,00/01/1900,00/01/1900,00/01/1900,0,Ingeniería,Corte y Plegado,,00/01/1900,0,0,00/01/1900,00/01/1900,0,0,,,,,,,,,,,,,,,,,,,,,,,,0.311916231,0%,0.034657359,
ODS 1414,ESTANTERIAS NEUQUEN,SQM,Damián Dagraca,30/04/2026,30/04/2026,00/01/1900,0,Metalurgia,Pintura,16/08/2024,30/04/2026,0,0,00/01/1900,00/01/1900,0,0,,,0,0,0,0,0,,883,0,24,0,0,906,0,0,8,0,0,8,,,4,0.554517744,0%,0.034657359,
ODS 1415,REPARACION ADUANA PUERTO,0,0,03/04/2026,03/04/2026,00/01/1900,0,Metalurgia Tigre,Entregado,00/01/1900,00/01/1900,0,0,00/01/1900,00/01/1900,0,0,,,0,0,0,0,0,,66,0,0,0,0,66,0,0,0,0,0,,,,31,0,0%,0,
ODS 1416,KIT DE CONVERSIÓN CONTROL,SPI,Lucio Tappi,00/01/1900,00/01/1900,00/01/1900,0,Montaje,Próximo a terminar,,00/01/1900,0,0,00/01/1900,27/03/2026,0,0,,,0,0,0,0,0,,0,4,0,0,0,4,0,0,0,0,0,,,,,1.178350207,0%,0.103972077,
ODS 1417,INSTALACION ELECTRONICA DATA VAN,TENARIS,Santiago Lenzi,10/04/2026,10/04/2026,00/01/1900,0,Entregado,0,00/01/1900,00/01/1900,0,0,10/04/2026,00/01/1900,0,0,,,,,,,,,,,,,,,,,,,,,,,24,0,0%,0,
ODS 1418,KIT DE CONVERSIÓN CONTROL x 34,SPI,Lucio Tappi,00/01/1900,00/01/1900,00/01/1900,0,Sin empezar,0,00/01/1900,00/01/1900,0,0,00/01/1900,00/01/1900,0,0,,,,,,,,,,,,,,,,,,,,,,,,0.207944154,0%,0.103972077,
QM 1412,REPARACIÓN BANCO DE PRUEBAS DE MANGUERAS,QME,0,00/01/1900,00/01/1900,00/01/1900,0,Stand by,Ingeniería,,00/01/1900,0,0,00/01/1900,00/01/1900,0,0,,,,,,,,,,,,,,,,,,,,,,,,0,0%,0,
QM 2328,VERTICAL- 3000 GAL- 210 PSI,AVEDIS,0,00/01/1900,00/01/1900,00/01/1900,0,Entregado,0,,00/01/1900,0,0,00/01/1900,00/01/1900,0,0,,,,,,,,,,,,,,,,,,,,,3,,,0,0%,0,
QM 2329,VERTICAL- 3000 GAL- 210 PSI,AVEDIS,0,00/01/1900,00/01/1900,00/01/1900,0,Entregado,0,,00/01/1900,0,0,00/01/1900,00/01/1900,0,0,,,,,,,,,,,,,,,,,,,,,3,,,0,0%,0,
QM 2330,VERTICAL- 3000 GAL- 210 PSI,AVEDIS,0,00/01/1900,00/01/1900,00/01/1900,0,Entregado,0,,00/01/1900,0,0,00/01/1900,00/01/1900,0,0,,,,,,,,,,,,,,,,,,,,,3,,,0,0%,0,
QM 2331,VERTICAL- 3000 GAL- 210 PSI,AVEDIS,0,00/01/1900,00/01/1900,00/01/1900,0,Entregado,0,,00/01/1900,0,0,00/01/1900,00/01/1900,0,0,,,,,,,,,,,,,,,,,,,,,3,,,0,0%,0,
QM 2333,VERTICAL- 3000 GAL- 210 PSI,AVEDIS,0,00/01/1900,21/10/2018,00/01/1900,0,Entregado,0,,00/01/1900,0,0,00/01/1900,23/03/2026,Ya estaba facturado desde hace bastante,0,,,0,0,0,0,0,,0,29,0,0,0,29,0,0,0,0,0,,3,,2710,0,0%,0,
QM 2334,VERTICAL- 3000 GAL- 210 PSI,AVEDIS,0,00/01/1900,00/01/1900,00/01/1900,0,Entregado,0,,00/01/1900,0,0,00/01/1900,00/01/1900,0,0,,,,,,,,,,,,,,,,,,,,,3,,,0,0%,0,
QM 2335,VERTICAL- 3000 GAL- 210 PSI,AVEDIS,0,00/01/1900,11/11/2018,00/01/1900,0,Entregado,0,,00/01/1900,0,0,00/01/1900,00/01/1900,0,0,,,,,,,,,,,,,,,,,,,,,3,,2731,0,0%,0,
QM 2336 ,TK CRYO VERT 3000 GAL,MORDAZZI,0,00/01/1900,00/01/1900,00/01/1900,0,Entregado,0,,00/01/1900,0,0,00/01/1900,00/01/1900,0,0,,,,,,,,,,,,,,,,,,,,,,,,0,0%,0,
QM 2337,VERTICAL- 3000 GAL- 210 PSI,AVEDIS,0,00/01/1900,02/12/2018,00/01/1900,0,Entregado,0,,00/01/1900,0,0,00/01/1900,00/01/1900,0,0,,,,,,,,,,,,,,,,,,,,,3,,2710,0,0%,0,
QM 2356,FRAC PUMP 2500 HP-3512C-TH55E70-QWS 2500,WTF,0,00/01/1900,00/01/1900,00/01/1900,0,Entregado,0,,00/01/1900,0,0,00/01/1900,00/01/1900,0,0,,,,,,,,,,,,,,,,,,,,,3,,,0,0%,0,
QM 2374,Frac pump 2500 HP-QSK50-TA90-8501-QWS 2500,CALFRAC,0,00/01/1900,00/01/1900,00/01/1900,0,Entregado,0,,00/01/1900,0,0,00/01/1900,00/01/1900,0,0,,,,,,,,,,,,,,,,,,,,,3,,,0,0%,0,
QM 2375,Frac pump 2500 HP-QSK50-TA90-8501-QWS 2500,CALFRAC,0,00/01/1900,00/01/1900,00/01/1900,0,Entregado,0,,00/01/1900,0,0,00/01/1900,00/01/1900,0,0,,,,,,,,,,,,,,,,,,,,,3,,,0,0%,0,
QM 2379,FRACTURADOR SPF 743,SLB,0,00/01/1900,00/01/1900,00/01/1900,0,Entregado,0,,00/01/1900,0,0,00/01/1900,00/01/1900,0,0,,,,,,,,,,,,,,,,,,,,,,,,0,0%,0,
QM 2380,FRACTURADOR SPF 743,SLB,0,00/01/1900,00/01/1900,00/01/1900,0,Entregado,0,,00/01/1900,0,0,00/01/1900,00/01/1900,0,0,,,,,,,,,,,,,,,,,,,,,,,,0,0%,0,
QM 2381,FRACTURADOR SPF 743,SLB,0,00/01/1900,00/01/1900,00/01/1900,0,Entregado,0,,00/01/1900,0,0,00/01/1900,00/01/1900,0,0,,,,,,,,,,,,,,,,,,,,,,,,0,0%,0,
QM 2382,FRACTURADOR SPF 743,SLB,0,00/01/1900,00/01/1900,00/01/1900,0,Entregado,0,,00/01/1900,0,0,00/01/1900,00/01/1900,0,0,,,,,,,,,,,,,,,,,,,,,,,,0,0%,0,
QM 2383,FRACTURADOR SPF 743,SLB,0,00/01/1900,00/01/1900,00/01/1900,0,Entregado,0,,00/01/1900,0,0,00/01/1900,00/01/1900,0,0,,,,,,,,,,,,,,,,,,,,,,,,0,0%,0,
QM 2417,MANIFOLD TRAILER,BKR,0,00/01/1900,00/01/1900,00/01/1900,0,Entregado,0,,00/01/1900,0,0,00/01/1900,00/01/1900,0,0,,,,,,,,,,,,,,,,,,,,,,,,0,0%,0,
QM 2427,MANIFOLD TRAILER,WTF,0,00/01/1900,00/01/1900,00/01/1900,0,Entregado,0,,00/01/1900,0,0,00/01/1900,00/01/1900,0,0,,,,,,,,,,,,,,,,,,,,,,,,0,0%,0,
QM 2438,Frac Tank 500 BBL,HASA,0,00/01/1900,00/01/1900,00/01/1900,0,Entregado,0,,00/01/1900,0,0,00/01/1900,00/01/1900,0,0,,,,,,,,,,,,,,,,,,,,,,,,0,0%,0,
QM 2440,Frac Tank 500 BBL,HASA,0,00/01/1900,00/01/1900,00/01/1900,0,Entregado,0,,00/01/1900,0,0,00/01/1900,00/01/1900,0,0,,,,,,,,,,,,,,,,,,,,,,,,0,0%,0,
QM 2441,Frac Tank 500 BBL,HASA,0,00/01/1900,00/01/1900,00/01/1900,0,Entregado,0,,00/01/1900,0,0,00/01/1900,00/01/1900,0,0,,,,,,,,,,,,,,,,,,,,,,,,0,0%,0,
QM 2442,Frac Tank 500 BBL,HASA,0,00/01/1900,00/01/1900,00/01/1900,0,Entregado,0,,00/01/1900,0,0,00/01/1900,00/01/1900,0,0,,,,,,,,,,,,,,,,,,,,,,,,0,0%,0,
QM 2443,REEL TRAILER CT 70 TN + DOLLY,WTF,0,00/01/1900,00/01/1900,00/01/1900,0,Entregado,0,,00/01/1900,0,0,00/01/1900,00/01/1900,0,0,,,,,,,,,,,,,,,,,,,,,,,,0,0%,0,
QM 2444,12021G-FRAC PUMP 2250 HP - LIEBHERR - ZF - QWS 2500,LATITUD 45,0,00/01/1900,00/01/1900,00/01/1900,0,Entregado,0,,00/01/1900,0,0,00/01/1900,00/01/1900,0,0,,,,,,,,,,,,,,,,,,,,,3,,,0,0%,0,
QM 2445,12021G-FRAC PUMP 2250 HP - LIEBHERR - ZF - QWS 2500,LATITUD 45,0,00/01/1900,00/01/1900,00/01/1900,0,Entregado,0,,00/01/1900,0,0,00/01/1900,00/01/1900,0,0,,,,,,,,,,,,,,,,,,,,,3,,,0,0%,0,
QM 2447,12016-TWIN CEMENT PUMPER -SPM TWS 600s,LATITUD 45,0,00/01/1900,00/01/1900,00/01/1900,0,Entregado,0,,00/01/1900,0,0,00/01/1900,00/01/1900,0,0,,,,,,,,,,,,,,,,,,,,,,,,0,0%,0,
QM 2450,REPOWER FRAC PUMP,CALFRAC,0,00/01/1900,00/01/1900,00/01/1900,0,Entregado,0,,00/01/1900,0,0,00/01/1900,00/01/1900,0,0,,,,,,,,,,,,,,,,,,,,,3,,,0,0%,0,
QM 2452,REBUILT FRAC PUMP (Rumano),WTF,0,00/01/1900,00/01/1900,00/01/1900,0,Entregado,0,,00/01/1900,0,0,00/01/1900,00/01/1900,0,0,,,,,,,,,,,,,,,,,,,,,3,,,0,0%,0,
QM 2456,REBUILT FRAC PUMP (Rumano),WTF,0,00/01/1900,00/01/1900,00/01/1900,0,Entregado,0,,00/01/1900,0,0,00/01/1900,00/01/1900,0,0,,,,,,,,,,,,,,,,,,,,,3,,,0,0%,0,
QM 2457,REBUILT FRAC PUMP (Rumano),WTF,0,00/01/1900,00/01/1900,00/01/1900,0,Entregado,0,,00/01/1900,0,0,00/01/1900,00/01/1900,0,0,,,,,,,,,,,,,,,,,,,,,3,,,0,0%,0,
QM 2458,REBUILT FRAC PUMP (Rumano),WTF,0,00/01/1900,00/01/1900,00/01/1900,0,Entregado,0,,00/01/1900,0,0,00/01/1900,00/01/1900,0,0,,,,,,,,,,,,,,,,,,,,,3,,,0,0%,0,
QM 2459,Tolva Bulk ,CALFRAC,0,00/01/1900,00/01/1900,00/01/1900,0,Entregado,0,,00/01/1900,0,0,00/01/1900,00/01/1900,0,0,,,,,,,,,,,,,,,,,,,,,1,,,0,0%,0,
QM 2467,02006-EQUIPO SEMITRAILER PARA TRANPORTE DE CEMENTO 3 TOLVAS 1 + 1 BULK CEMENTER,SAI,0,00/01/1900,00/01/1900,00/01/1900,0,Entregado,0,,00/01/1900,0,0,00/01/1900,00/01/1900,0,0,,,,,,,,,,,,,,,,,,,,,1,,,0,0%,0,
QM 2468,02006-EQUIPO SEMITRAILER PARA TRANPORTE DE CEMENTO 3 TOLVAS 1 + 1 BULK CEMENTER,SAI,0,00/01/1900,00/01/1900,00/01/1900,0,Entregado,0,,00/01/1900,0,0,00/01/1900,00/01/1900,0,0,,,,,,,,,,,,,,,,,,,,,1,,,0,0%,0,
QM 2469,02006-EQUIPO SEMITRAILER PARA TRANPORTE DE CEMENTO 3 TOLVAS 1 + 1 BULK CEMENTER,SAI,0,00/01/1900,00/01/1900,00/01/1900,0,Entregado,0,,00/01/1900,0,0,00/01/1900,00/01/1900,0,0,,,,,,,,,,,,,,,,,,,,,1,,,0,0%,0,
QM 2470,02006-EQUIPO SEMITRAILER PARA TRANPORTE DE CEMENTO 3 TOLVAS 1 + 1 BULK CEMENTER,SAI,0,00/01/1900,00/01/1900,00/01/1900,0,Entregado,0,,00/01/1900,0,0,00/01/1900,00/01/1900,0,0,,,,,,,,,,,,,,,,,,,,,1,,,0,0%,0,
QM 2471,TAQUES FILTROS  DE PROFUNDIDAD,FLUENCE,0,00/01/1900,00/01/1900,00/01/1900,0,Entregado,0,,00/01/1900,0,0,00/01/1900,00/01/1900,0,0,,,,,,,,,,,,,,,,,,,,,,,,0,0%,0,
QM 2472,TAQUES FILTROS  DE PROFUNDIDAD,FLUENCE,0,00/01/1900,00/01/1900,00/01/1900,0,Entregado,0,,00/01/1900,0,0,00/01/1900,00/01/1900,0,0,,,,,,,,,,,,,,,,,,,,,,,,0,0%,0,
QM 2473,TAQUES FILTROS  DE PROFUNDIDAD,FLUENCE,0,00/01/1900,00/01/1900,00/01/1900,0,Entregado,0,,00/01/1900,0,0,00/01/1900,00/01/1900,0,0,,,,,,,,,,,,,,,,,,,,,,,,0,0%,0,
QM 2474,TAQUES FILTROS  DE PROFUNDIDAD,FLUENCE,0,00/01/1900,00/01/1900,00/01/1900,0,Entregado,0,,00/01/1900,0,0,00/01/1900,00/01/1900,0,0,,,,,,,,,,,,,,,,,,,,,,,,0,0%,0,
QM 2475,TAQUES FILTROS  DE PROFUNDIDAD,FLUENCE,0,00/01/1900,00/01/1900,00/01/1900,0,Entregado,0,,00/01/1900,0,0,00/01/1900,00/01/1900,0,0,,,,,,,,,,,,,,,,,,,,,,,,0,0%,0,
QM 2476,TAQUES FILTROS  DE PROFUNDIDAD,FLUENCE,0,00/01/1900,00/01/1900,00/01/1900,0,Entregado,0,,00/01/1900,0,0,00/01/1900,00/01/1900,0,0,,,,,,,,,,,,,,,,,,,,,,,,0,0%,0,
QM 2480,HYDRAULIC CENTRAL STARTER 110 HP,SLB,0,00/01/1900,00/01/1900,00/01/1900,0,Entregado,0,,00/01/1900,0,0,00/01/1900,00/01/1900,0,0,,,,,,,,,,,,,,,,,,,,,,,,0,0%,0,
QM 2481,HYDRAULIC CENTRAL STARTER 110 HP,SLB,0,00/01/1900,00/01/1900,00/01/1900,0,Entregado,0,,00/01/1900,0,0,00/01/1900,00/01/1900,0,0,,,,,,,,,,,,,,,,,,,,,,,,0,0%,0,
QM 2482,HYDRAULIC CENTRAL STARTER 110 HP,SLB,0,00/01/1900,00/01/1900,00/01/1900,0,Entregado,0,,00/01/1900,0,0,00/01/1900,00/01/1900,0,0,,,,,,,,,,,,,,,,,,,,,,,,0,0%,0,
QM 2483,HYDRAULIC CENTRAL STARTER 110 HP,SLB,0,00/01/1900,00/01/1900,00/01/1900,0,Entregado,0,,00/01/1900,0,0,00/01/1900,00/01/1900,0,0,,,,,,,,,,,,,,,,,,,,,,,,0,0%,0,
QM 2484,HYDRAULIC CENTRAL STARTER 110 HP,SLB,0,00/01/1900,00/01/1900,00/01/1900,0,Entregado,0,,00/01/1900,0,0,00/01/1900,00/01/1900,0,0,,,,,,,,,,,,,,,,,,,,,,,,0,0%,0,
QM 2485,HYDRAULIC CENTRAL STARTER 110 HP,SLB,0,00/01/1900,00/01/1900,00/01/1900,0,Entregado,0,,00/01/1900,0,0,00/01/1900,00/01/1900,0,0,,,,,,,,,,,,,,,,,,,,,,,,0,0%,0,
QM 2486,HYDRAULIC CENTRAL STARTER 110 HP,SLB,0,00/01/1900,00/01/1900,00/01/1900,0,Entregado,0,,00/01/1900,0,0,00/01/1900,00/01/1900,0,0,,,,,,,,,,,,,,,,,,,,,,,,0,0%,0,
QM 2487,MANGUERA PONY ENGINE,SLB,0,00/01/1900,00/01/1900,00/01/1900,0,Entregado,0,,00/01/1900,0,0,00/01/1900,00/01/1900,0,0,,,,,,,,,,,,,,,,,,,,,,,,0,0%,0,
QM 2488,MANGUERA PONY ENGINE,SLB,0,00/01/1900,00/01/1900,00/01/1900,0,Entregado,0,,00/01/1900,0,0,00/01/1900,00/01/1900,0,0,,,,,,,,,,,,,,,,,,,,,,,,0,0%,0,
QM 2489,MANGUERA PONY ENGINE,SLB,0,00/01/1900,00/01/1900,00/01/1900,0,Entregado,0,,00/01/1900,0,0,00/01/1900,00/01/1900,0,0,,,,,,,,,,,,,,,,,,,,,,,,0,0%,0,
QM 2490,MANGUERA PONY ENGINE,SLB,0,00/01/1900,00/01/1900,00/01/1900,0,Entregado,0,,00/01/1900,0,0,00/01/1900,00/01/1900,0,0,,,,,,,,,,,,,,,,,,,,,,,,0,0%,0,
QM 2491,MANGUERA PONY ENGINE,SLB,0,00/01/1900,00/01/1900,00/01/1900,0,Entregado,0,,00/01/1900,0,0,00/01/1900,00/01/1900,0,0,,,,,,,,,,,,,,,,,,,,,,,,0,0%,0,
QM 2492,MANGUERA PONY ENGINE,SLB,0,00/01/1900,00/01/1900,00/01/1900,0,Entregado,0,,00/01/1900,0,0,00/01/1900,00/01/1900,0,0,,,,,,,,,,,,,,,,,,,,,,,,0,0%,0,
QM 2493,MANGUERA PONY ENGINE,SLB,0,00/01/1900,00/01/1900,00/01/1900,0,Entregado,0,,00/01/1900,0,0,00/01/1900,00/01/1900,0,0,,,,,,,,,,,,,,,,,,,,,,,,0,0%,0,
QM 2494,MANGUERA PONY ENGINE,SLB,0,00/01/1900,00/01/1900,00/01/1900,0,Entregado,0,,00/01/1900,0,0,00/01/1900,00/01/1900,0,0,,,,,,,,,,,,,,,,,,,,,,,,0,0%,0,
QM 2495,MANGUERA PONY ENGINE,SLB,0,00/01/1900,00/01/1900,00/01/1900,0,Entregado,0,,00/01/1900,0,0,00/01/1900,00/01/1900,0,0,,,,,,,,,,,,,,,,,,,,,,,,0,0%,0,
QM 2496,QM-12021N - FRC PUMP 2250 HP - MTU - ALLISON - TWS 2250 SS,SAI,0,00/01/1900,00/01/1900,00/01/1900,0,Entregado,0,,00/01/1900,0,0,00/01/1900,00/01/1900,0,0,,,,,,,,,,,,,,,,,,,,,,,,0,0%,0,
QM 2497,QM-12021N - FRC PUMP 2250 HP - MTU - ALLISON - TWS 2250 SS,SAI,0,00/01/1900,00/01/1900,00/01/1900,0,Entregado,0,,00/01/1900,0,0,00/01/1900,00/01/1900,0,0,,,,,,,,,,,,,,,,,,,,,,,,0,0%,0,
QM 2498,QM-12021N - FRC PUMP 2250 HP - MTU - ALLISON - TWS 2250 SS,SAI,0,00/01/1900,00/01/1900,00/01/1900,0,Entregado,0,,00/01/1900,0,0,00/01/1900,00/01/1900,0,0,,,,,,,,,,,,,,,,,,,,,,,,0,0%,0,
QM 2505,ESTRUCTURA SOPORTE UTK-UF-826 DOBLE,FLUENCE,0,00/01/1900,00/01/1900,00/01/1900,0,Entregado,0,,00/01/1900,0,0,00/01/1900,00/01/1900,0,0,,,,,,,,,,,,,,,,,,,,,,,,0,0%,0,
QM 2506,ESTRUCTURA SOPORTE UTK-806,FLUENCE,0,00/01/1900,00/01/1900,00/01/1900,0,Entregado,0,,00/01/1900,0,0,00/01/1900,00/01/1900,0,0,,,,,,,,,,,,,,,,,,,,,,,,0,0%,0,
QM 2507,MANIFOLD TRAILER SPM 15K 10 BOCAS,SAI,0,00/01/1900,00/01/1900,00/01/1900,0,Entregado,0,,00/01/1900,0,0,00/01/1900,00/01/1900,0,0,,,,,,,,,,,,,,,,,,,,,,,,0,0%,0,
QM 2511,ESTRUCTURA SOPORTE PIPING FILTROS,FLUENCE,0,00/01/1900,00/01/1900,00/01/1900,0,Entregado,0,,00/01/1900,0,0,00/01/1900,00/01/1900,0,0,,,,,,,,,,,,,,,,,,,,,,,,0,0%,0,
QM 2512,PIPING INTERCONEXION FILTROS PROFUNDIDAD,FLUENCE,0,00/01/1900,00/01/1900,00/01/1900,0,Entregado,0,,00/01/1900,0,0,00/01/1900,00/01/1900,0,0,,,,,,,,,,,,,,,,,,,,,,,,0,0%,0,
QM 2513,ADICIONALES - MODIFICACIONES 2023,JACWELL,0,00/01/1900,17/04/2024,00/01/1900,0,Entregado,0,,00/01/1900,0,0,00/01/1900,11/06/2024,0,0,,,,,,,,,,,,,,,,,,,,,,,55,0,0%,0,
QM 2515,FILTRO GAC INOXIDABLE ADES,FLUENCE,0,00/01/1900,00/01/1900,00/01/1900,0,Entregado,0,,00/01/1900,0,0,00/01/1900,00/01/1900,0,0,,,,,,,,,,,,,,,,,,,,,,,,0,0%,0,
QM 2516,FILTRO GAC INOXIDABLE ADES,FLUENCE,0,00/01/1900,00/01/1900,00/01/1900,0,Entregado,0,,00/01/1900,0,0,00/01/1900,00/01/1900,0,0,,,,,,,,,,,,,,,,,,,,,,,,0,0%,0,
QM 2518,SKID DI 13 + Cramaco G2R 315_B2,SCANIA,0,00/01/1900,00/01/1900,00/01/1900,0,Entregado,0,,00/01/1900,0,0,00/01/1900,00/01/1900,0,0,,,,,,,,,,,,,,,,,,,,,,,,0,0%,0,
QM 2519,SKID DI 13 + Cramaco G2R 315_B2,SCANIA,0,00/01/1900,00/01/1900,00/01/1900,0,Entregado,0,,00/01/1900,0,0,00/01/1900,00/01/1900,0,0,,,,,,,,,,,,,,,,,,,,,,,,0,0%,0,
QM 2520,ESTRUCTURA SOPORTE DOSIFICANTES,FLUENCE,0,00/01/1900,00/01/1900,00/01/1900,0,Entregado,0,,00/01/1900,0,0,00/01/1900,00/01/1900,0,0,,,,,,,,,,,,,,,,,,,,,,,,0,0%,0,
QM 2521,"CONTENEDOR METALICO 2x1,2x1,2 mts",ENAP,0,00/01/1900,00/01/1900,00/01/1900,0,Entregado,0,,00/01/1900,0,0,00/01/1900,00/01/1900,0,0,,,,,,,,,,,,,,,,,,,,,,,,0,0%,0,
QM 2522,"CONTENEDOR METALICO 2x1,2x1,2 mts",ENAP,0,00/01/1900,00/01/1900,00/01/1900,0,Entregado,0,,00/01/1900,0,0,00/01/1900,00/01/1900,0,0,,,,,,,,,,,,,,,,,,,,,,,,0,0%,0,
QM 2523,"CONTENEDOR METALICO 2x1,2x1,2 mts",ENAP,0,00/01/1900,00/01/1900,00/01/1900,0,Entregado,0,,00/01/1900,0,0,00/01/1900,00/01/1900,0,0,,,,,,,,,,,,,,,,,,,,,,,,0,0%,0,
QM 2524,"CONTENEDOR METALICO 2x1,2x1,2 mts",ENAP,0,00/01/1900,00/01/1900,00/01/1900,0,Entregado,0,,00/01/1900,0,0,00/01/1900,00/01/1900,0,0,,,,,,,,,,,,,,,,,,,,,,,,0,0%,0,
QM 2525,"CONTENEDOR METALICO 2x1,2x1,2 mts",ENAP,0,00/01/1900,00/01/1900,00/01/1900,0,Entregado,0,,00/01/1900,0,0,00/01/1900,00/01/1900,0,0,,,,,,,,,,,,,,,,,,,,,,,,0,0%,0,
QM 2526,"CONTENEDOR METALICO 2x1,2x1,2 mts",ENAP,0,00/01/1900,00/01/1900,00/01/1900,0,Entregado,0,,00/01/1900,0,0,00/01/1900,00/01/1900,0,0,,,,,,,,,,,,,,,,,,,,,,,,0,0%,0,
QM 2527,"CONTENEDOR METALICO 2x1,2x1,2 mts",ENAP,0,00/01/1900,00/01/1900,00/01/1900,0,Entregado,0,,00/01/1900,0,0,00/01/1900,00/01/1900,0,0,,,,,,,,,,,,,,,,,,,,,,,,0,0%,0,
QM 2528,"CONTENEDOR METALICO 2x1,2x1,2 mts",ENAP,0,00/01/1900,00/01/1900,00/01/1900,0,Entregado,0,,00/01/1900,0,0,00/01/1900,00/01/1900,0,0,,,,,,,,,,,,,,,,,,,,,,,,0,0%,0,
QM 2529,"CONTENEDOR METALICO 2x1,2x1,2 mts",ENAP,0,00/01/1900,00/01/1900,00/01/1900,0,Entregado,0,,00/01/1900,0,0,00/01/1900,00/01/1900,0,0,,,,,,,,,,,,,,,,,,,,,,,,0,0%,0,
QM 2530,"CONTENEDOR METALICO 2x1,2x1,2 mts",ENAP,0,00/01/1900,00/01/1900,00/01/1900,0,Entregado,0,,00/01/1900,0,0,00/01/1900,00/01/1900,0,0,,,,,,,,,,,,,,,,,,,,,,,,0,0%,0,
QM 2531,"CONTENEDOR METALICO 2x1,2x1,2 mts",ENAP,0,00/01/1900,00/01/1900,00/01/1900,0,Entregado,0,,00/01/1900,0,0,00/01/1900,00/01/1900,0,0,,,,,,,,,,,,,,,,,,,,,,,,0,0%,0,
QM 2532,"CONTENEDOR METALICO 2x1,2x1,2 mts",ENAP,0,00/01/1900,00/01/1900,00/01/1900,0,Entregado,0,,00/01/1900,0,0,00/01/1900,00/01/1900,0,0,,,,,,,,,,,,,,,,,,,,,,,,0,0%,0,
QM 2533,"CONTENEDOR METALICO 2x1,2x1,2 mts",ENAP,0,00/01/1900,00/01/1900,00/01/1900,0,Entregado,0,,00/01/1900,0,0,00/01/1900,00/01/1900,0,0,,,,,,,,,,,,,,,,,,,,,,,,0,0%,0,
QM 2534,"CONTENEDOR METALICO 2x1,2x1,2 mts",ENAP,0,00/01/1900,00/01/1900,00/01/1900,0,Entregado,0,,00/01/1900,0,0,00/01/1900,00/01/1900,0,0,,,,,,,,,,,,,,,,,,,,,,,,0,0%,0,
QM 2547,Cisterna de combustible 2000 lts con dos ejes,AESA,0,00/01/1900,00/01/1900,00/01/1900,0,Entregado,0,,00/01/1900,0,0,00/01/1900,00/01/1900,0,0,,,,,,,,,,,,,,,,,,,,,,,,0,0%,0,
QM 2549,SEPARADOR ENZAYO POZO MOVIL,TECPETROL,0,00/01/1900,00/01/1900,00/01/1900,0,Entregado,0,,00/01/1900,0,0,00/01/1900,00/01/1900,0,0,,,,,,,,,,,,,,,,,,,,,,,,0,0%,0,
QM 2553,SKID BOMBA CENTRIFUGA 8x6 MOTOR ELECTRICO 75 HP,SLB,0,00/01/1900,00/01/1900,00/01/1900,0,Entregado,0,,00/01/1900,0,0,00/01/1900,00/01/1900,0,0,,,,,,,,,,,,,,,,,,,,,,,,0,0%,0,
QM 2554,SKID BOMBA CENTRIFUGA 8x6 MOTOR ELECTRICO 75 HP,SLB,0,00/01/1900,00/01/1900,00/01/1900,0,Entregado,0,,00/01/1900,0,0,00/01/1900,00/01/1900,0,0,,,,,,,,,,,,,,,,,,,,,,,,0,0%,0,
QM 2555,SKID BOMBA CENTRIFUGA 8x6 MOTOR ELECTRICO 100 HP,SLB,0,00/01/1900,00/01/1900,00/01/1900,0,Entregado,0,,00/01/1900,0,0,00/01/1900,00/01/1900,0,0,,,,,,,,,,,,,,,,,,,,,,,,0,0%,0,
QM 2556,SKID BOMBA CENTRIFUGA 8x6 MOTOR ELECTRICO 100 HP,SLB,0,00/01/1900,00/01/1900,00/01/1900,0,Entregado,0,,00/01/1900,0,0,00/01/1900,00/01/1900,0,0,,,,,,,,,,,,,,,,,,,,,,,,0,0%,0,
QM 2559,QM-05015 - CUADRO DE REGULACION OXIGENO,AVEDIS,0,00/01/1900,00/01/1900,00/01/1900,0,Entregado,0,,00/01/1900,0,0,00/01/1900,00/01/1900,0,0,,,,,,,,,,,,,,,,,,,,,,,,0,0%,0,
QM 2560,QM-05015 - CUADRO DE REGULACION OXIGENO,AVEDIS,0,00/01/1900,00/01/1900,00/01/1900,0,Entregado,0,,00/01/1900,0,0,00/01/1900,00/01/1900,0,0,,,,,,,,,,,,,,,,,,,,,,,,0,0%,0,
QM 2561,CISTERNA OXIGENO CHASIS 2+1,AVEDIS,0,00/01/1900,00/01/1900,00/01/1900,0,Entregado,0,,00/01/1900,0,0,00/01/1900,00/01/1900,0,0,,,,,,,,,,,,,,,,,,,,,,,,0,0%,0,
QM 2562,QM-05015 - CUADRO DE REGULACION OXIGENO,AVEDIS,0,00/01/1900,00/01/1900,00/01/1900,0,Entregado,0,,00/01/1900,0,0,00/01/1900,00/01/1900,0,0,,,,,,,,,,,,,,,,,,,,,,,,0,0%,0,
QM 2563,QM-05015 - CUADRO DE REGULACION OXIGENO,AVEDIS,0,00/01/1900,00/01/1900,00/01/1900,0,Entregado,0,,00/01/1900,0,0,00/01/1900,00/01/1900,0,0,,,,,,,,,,,,,,,,,,,,,,,,0,0%,0,
QM 2564,ESTRUCTURAS BOMBAS Y FILTROS EXAR,FLUENCE,0,00/01/1900,00/01/1900,00/01/1900,0,Entregado,0,,00/01/1900,0,0,00/01/1900,00/01/1900,0,0,,,,,,,,,,,,,,,,,,,,,,,,0,0%,0,
QM 2566,CABEZAL ENFRIADORES ACEITE,MCCAIN,0,00/01/1900,00/01/1900,00/01/1900,0,Entregado,0,,00/01/1900,0,0,00/01/1900,00/01/1900,0,0,,,,,,,,,,,,,,,,,,,,,,,,0,0%,0,
QM 2567,#N/A,0,0,00/01/1900,00/01/1900,00/01/1900,0,Entregado,0,,00/01/1900,0,0,00/01/1900,25/04/2023,0,0,,,,,,,,,,,,,,,,,,,,,,,,0,0%,0,
QM 2568,Silo Balanza,MARBAR,0,00/01/1900,00/01/1900,00/01/1900,0,Entregado,0,,00/01/1900,0,0,00/01/1900,00/01/1900,0,0,,,,,,,,,,,,,,,,,,,,,,,,0,0%,0,
QM 2569,Silo Balanza,MARBAR,0,00/01/1900,00/01/1900,00/01/1900,0,Entregado,0,,00/01/1900,0,0,00/01/1900,00/01/1900,0,0,,,,,,,,,,,,,,,,,,,,,,,,0,0%,0,
QM 2573-88,Contenedores metálicos,Aramark,0,00/01/1900,00/01/1900,00/01/1900,0,Entregado,0,,00/01/1900,0,0,00/01/1900,00/01/1900,0,0,,,,,,,,,,,,,,,,,,,,,,,,0,0%,0,
QM 2591,Skid Scania DI13 - G2R 315-B2,SCANIA,0,00/01/1900,00/01/1900,00/01/1900,0,Entregado,0,,00/01/1900,0,0,00/01/1900,00/01/1900,0,0,,,,,,,,,,,,,,,,,,,,,,,,0,0%,0,
QM 2592,Skid Scania DI13 - G2R 315-B2,SCANIA,0,00/01/1900,00/01/1900,00/01/1900,0,Entregado,0,,00/01/1900,0,0,00/01/1900,00/01/1900,0,0,,,,,,,,,,,,,,,,,,,,,,,,0,0%,0,
QM 2593,POOR BOY- 110 PSI- OD 1118 mm,PAE,0,00/01/1900,00/01/1900,00/01/1900,0,Entregado,0,,00/01/1900,0,0,00/01/1900,00/01/1900,0,0,,,,,,,,,,,,,,,,,,,,,,,,0,0%,0,
QM 2594,SKID GOLPEADOR REBATIBLE,PAE,0,00/01/1900,00/01/1900,00/01/1900,0,Entregado,0,,00/01/1900,0,0,00/01/1900,00/01/1900,0,0,,,,,,,,,,,,,,,,,,,,,,,,0,0%,0,
QM 2595,SKID GOLPEADOR REBATIBLE,PAE,0,00/01/1900,10/11/2023,00/01/1900,0,Entregado,0,,00/01/1900,0,0,00/01/1900,29/11/2023,0,0,,,,,,,,,,,,,,,,,,,,,,,19,0,0%,0,
QM 2595,SKID GOLPEADOR REBATIBLE,PAE,0,00/01/1900,00/01/1900,00/01/1900,0,Entregado,0,,00/01/1900,0,0,00/01/1900,00/01/1900,0,0,,,,,,,,,,,,,,,,,,,,,,,,0,0%,0,
QM 2596,SKID GOLPEADOR REBATIBLE,PAE,0,00/01/1900,20/05/2024,00/01/1900,0,Entregado,0,,00/01/1900,0,0,00/01/1900,06/06/2024,0,0,,,,,,,,,,,,,,,,,,,,,,,17,0,0%,0,
QM 2596,SKID GOLPEADOR REBATIBLE,PAE,0,00/01/1900,00/01/1900,00/01/1900,0,Entregado,0,,00/01/1900,0,0,00/01/1900,00/01/1900,0,0,,,,,,,,,,,,,,,,,,,,,,,,0,0%,0,
QM 2597,SKID GOLPEADOR REBATIBLE,PAE,0,00/01/1900,29/03/2024,00/01/1900,0,Cancelado,0,,00/01/1900,0,0,00/01/1900,00/01/1900,0,0,,,,,,,,,,,,,,,,,,,,,,,766,0,0%,0,
QM 2600,PLACA Y SOPORTE PROTECCION DRAG CHAIN,PAE,0,00/01/1900,00/01/1900,00/01/1900,0,Entregado,0,,00/01/1900,0,0,00/01/1900,00/01/1900,0,0,,,,,,,,,,,,,,,,,,,,,,,,0,0%,0,
QM 2601,PLACA Y SOPORTE PROTECCION DRAG CHAIN,PAE,0,00/01/1900,00/01/1900,00/01/1900,0,Entregado,0,,00/01/1900,0,0,00/01/1900,00/01/1900,0,0,,,,,,,,,,,,,,,,,,,,,,,,0,0%,0,
QM 2602,PLACA Y SOPORTE PROTECCION DRAG CHAIN,PAE,0,00/01/1900,00/01/1900,00/01/1900,0,Entregado,0,,00/01/1900,0,0,00/01/1900,00/01/1900,0,0,,,,,,,,,,,,,,,,,,,,,,,,0,0%,0,
QM 2609,SKID TRANSPORTE TOP DRIVE TDS 10RR,PAE,0,00/01/1900,00/01/1900,00/01/1900,0,Entregado,0,,00/01/1900,0,0,00/01/1900,00/01/1900,0,0,,,,,,,,,,,,,,,,,,,,,,,,0,0%,0,
QM 2614,TRAILER PORTA SILOS,MARBAR,0,00/01/1900,00/01/1900,00/01/1900,0,Entregado,0,,00/01/1900,0,0,00/01/1900,00/01/1900,0,0,,,,,,,,,,,,,,,,,,,,,,,,0,0%,0,
QM 2616,#N/A,0,0,00/01/1900,07/10/2021,00/01/1900,0,Entregado,0,,00/01/1900,0,0,00/01/1900,00/01/1900,0,0,,,,,,,,,,,,,,,,,,,,,,,1670,0,0%,0,
QM 2617,#N/A,0,0,00/01/1900,15/11/2021,00/01/1900,0,Entregado,0,,00/01/1900,0,0,00/01/1900,00/01/1900,0,0,,,,,,,,,,,,,,,,,,,,,,,1631,0,0%,0,
QM 2620,#N/A,0,0,00/01/1900,07/10/2021,00/01/1900,0,Entregado,0,,00/01/1900,0,0,00/01/1900,00/01/1900,0,0,,,,,,,,,,,,,,,,,,,,,,,1670,0,0%,0,
QM 2621,#N/A,0,0,00/01/1900,15/11/2021,00/01/1900,0,Entregado,0,,00/01/1900,0,0,00/01/1900,00/01/1900,0,0,,,,,,,,,,,,,,,,,,,,,,,1631,0,0%,0,
QM 2624-25,#N/A,0,0,00/01/1900,07/10/2021,00/01/1900,0,Entregado,0,,00/01/1900,0,0,00/01/1900,00/01/1900,0,0,,,,,,,,,,,,,,,,,,,,,,,1670,0,0%,0,
QM 2626-27,#N/A,0,0,00/01/1900,15/11/2021,00/01/1900,0,Entregado,0,,00/01/1900,0,0,00/01/1900,00/01/1900,0,0,,,,,,,,,,,,,,,,,,,,,,,1631,0,0%,0,
QM 2634,CORTADORA DE SEMILLA,0,0,00/01/1900,00/01/1900,00/01/1900,0,Stand by,0,,00/01/1900,0,0,00/01/1900,00/01/1900,0,0,,,,,,,,,,,,,,,,,,,,,,,,0,0%,0,
QM 2639,TUBING REEL 2 5-8,CALFRAC,0,00/01/1900,00/01/1900,00/01/1900,0,Entregado,0,,00/01/1900,0,0,00/01/1900,00/01/1900,0,0,,,,,,,,,,,,,,,,,,,,,,,,0,0%,0,
QM 2643,REBUILD BLENDER 60 BBL SOBRE TRAILER,CALFRAC,0,00/01/1900,23/12/2023,00/01/1900,0,Entregado,0,,00/01/1900,0,0,00/01/1900,20/03/2024,0,0,,,,,,,,,,,,,,,,,,,,,5,,88,0,0%,0,
QM 2644,REBUILD BLENDER 2,0,0,00/01/1900,15/03/2023,00/01/1900,0,Stand by,0,,00/01/1900,0,0,00/01/1900,00/01/1900,0,0,,,,,,,,,,,,,,,,,,,,,5,,1146,0,0%,0,
QM 2645,FRAC PUMP - CAT 2500 HP TIER IV F-DGB - CAT TH55 E90 - QWS2500 EXL,CALFRAC,0,00/01/1900,00/01/1900,00/01/1900,0,Entregado,0,,00/01/1900,0,0,00/01/1900,00/01/1900,0,0,,,,,,,,,,,,,,,,,,,,,3,,,0,0%,0,
QM 2646,FRAC PUMP - CAT 2500 HP TIER IV F-DGB - CAT TH55 E90 - QEM3000,CALFRAC,0,00/01/1900,00/01/1900,00/01/1900,0,Entregado,0,,00/01/1900,0,0,00/01/1900,00/01/1900,0,0,,,,,,,,,,,,,,,,,,,,,3,,,0,0%,0,
QM 2648,#N/A,0,0,00/01/1900,25/05/2023,00/01/1900,0,Entregado,0,,00/01/1900,0,0,00/01/1900,25/05/2023,0,0,,,,,,,,,,,,,,,,,,,,,,,0,0,0%,0,
QM 2652,BATCH MIXER 2 CENT,HALLIBURTON,0,00/01/1900,00/01/1900,00/01/1900,0,Entregado,0,,00/01/1900,0,0,00/01/1900,00/01/1900,0,0,,,,,,,,,,,,,,,,,,,,,,,,0,0%,0,
QM 2653,BATCH MIXER 2 CENT,HALLIBURTON,0,00/01/1900,00/01/1900,00/01/1900,0,Entregado,0,,00/01/1900,0,0,00/01/1900,00/01/1900,0,0,,,,,,,,,,,,,,,,,,,,,,,,0,0%,0,
QM 2654,BATCH MIXER 2 CENT,HALLIBURTON,0,00/01/1900,00/01/1900,00/01/1900,0,Entregado,0,,00/01/1900,0,0,00/01/1900,00/01/1900,0,0,,,,,,,,,,,,,,,,,,,,,,,,0,0%,0,
QM 2658,PLATAFORMA COLUMNAS PRIMARIA,FLUENCE,0,00/01/1900,00/01/1900,00/01/1900,0,Entregado,0,,00/01/1900,0,0,00/01/1900,00/01/1900,0,0,,,,,,,,,,,,,,,,,,,,,,,,0,0%,0,
QM 2659,PLATAFORMA COLUMNAS CENIZA DE SODA,FLUENCE,0,00/01/1900,00/01/1900,00/01/1900,0,Entregado,0,,00/01/1900,0,0,00/01/1900,00/01/1900,0,0,,,,,,,,,,,,,,,,,,,,,,,,0,0%,0,
QM 2660,PLATAFORMA COLUMNAS PULIDO,FLUENCE,0,00/01/1900,00/01/1900,00/01/1900,0,Entregado,0,,00/01/1900,0,0,00/01/1900,00/01/1900,0,0,,,,,,,,,,,,,,,,,,,,,,,,0,0%,0,
QM 2662,FRAC PUMP 2250 HP - MTU - ALLISON - QWS 2500,WTF,0,00/01/1900,00/01/1900,00/01/1900,0,Entregado,0,,00/01/1900,0,0,00/01/1900,00/01/1900,0,0,,,,,,,,,,,,,,,,,,,,,3,,,0,0%,0,
QM 2663,FRAC PUMP 2250 HP - MTU - ALLISON - QWS 2500,WTF,0,00/01/1900,00/01/1900,00/01/1900,0,Entregado,0,,00/01/1900,0,0,00/01/1900,00/01/1900,0,0,,,,,,,,,,,,,,,,,,,,,3,,,0,0%,0,
QM 2664,FRAC PUMP 2250 HP - MTU - ALLISON - QWS 2500 ,WTF,0,00/01/1900,10/08/2023,00/01/1900,0,Entregado,0,,00/01/1900,0,0,00/01/1900,18/08/2023,0,0,,,,,,,,,,,,,,,,,,,,,3,,8,0,0%,0,
QM 2665,FRAC PUMP 2500 HP - 3512C-TH55E70 - QWS 2500,WTF,0,00/01/1900,00/01/1900,00/01/1900,0,Entregado,0,,00/01/1900,0,0,00/01/1900,00/01/1900,0,0,,,,,,,,,,,,,,,,,,,,,3,,,0,0%,0,
QM 2666,FRAC PUMP 2500 HP - 3512C-TH55E70 - QWS 2500,WTF,0,00/01/1900,00/01/1900,00/01/1900,0,Entregado,0,,00/01/1900,0,0,00/01/1900,00/01/1900,0,0,,,,,,,,,,,,,,,,,,,,,3,,,0,0%,0,
QM 2667,FRAC PUMP 2500 HP - 3512C-TH55E70 - QWS 2500,WTF,0,00/01/1900,00/01/1900,00/01/1900,0,Entregado,0,,00/01/1900,0,0,00/01/1900,00/01/1900,0,0,,,,,,,,,,,,,,,,,,,,,3,,,0,0%,0,
QM 2668,FRAC PUMP 3000 HP-3516-TH55-QEM 3000,TENARIS,0,00/01/1900,01/02/2023,00/01/1900,0,Entregado,0,,00/01/1900,0,0,00/01/1900,04/02/2023,0,0,,,,,,,,,,,,,,,,,,,,,3,,3,0,0%,0,
QM 2669,FRAC PUMP 3000 HP-3516-TH55-QEM 3000,TENARIS,0,00/01/1900,05/02/2023,00/01/1900,0,Entregado,0,,00/01/1900,0,0,00/01/1900,07/02/2023,0,0,,,,,,,,,,,,,,,,,,,,,3,,2,0,0%,0,
QM 2670,FRAC PUMP 3000 HP-3516-TH55-QEM 3000,TENARIS,0,00/01/1900,08/02/2023,00/01/1900,0,Entregado,0,,00/01/1900,0,0,00/01/1900,16/02/2023,0,0,,,,,,,,,,,,,,,,,,,,,3,,8,0,0%,0,
QM 2671,FRAC PUMP 3000 HP-3516-TH55-QEM 3000,TENARIS,0,00/01/1900,13/03/2023,00/01/1900,0,Entregado,0,,00/01/1900,0,0,00/01/1900,13/03/2023,0,0,,,,,,,,,,,,,,,,,,,,,3,,0,0,0%,0,
QM 2672,FRAC PUMP 3000 HP-3516-TH55-QEM 3000,TENARIS,0,00/01/1900,24/04/2023,00/01/1900,0,Entregado,0,,00/01/1900,0,0,00/01/1900,05/05/2023,0,0,,,,,,,,,,,,,,,,,,,,,3,,11,0,0%,0,
QM 2673,FRAC PUMP 3000 HP-3516-TH55-QEM 3000,TENARIS,0,00/01/1900,24/02/2023,00/01/1900,0,Entregado,0,,00/01/1900,0,0,00/01/1900,24/02/2023,0,0,,,,,,,,,,,,,,,,,,,,,3,,0,0,0%,0,
QM 2674,FRAC PUMP 3000 HP-3516-TH55-QEM 3000,TENARIS,0,00/01/1900,17/03/2023,00/01/1900,0,Entregado,0,,00/01/1900,0,0,00/01/1900,17/03/2023,0,0,,,,,,,,,,,,,,,,,,,,,3,,0,0,0%,0,
QM 2675,FRAC PUMP 3000 HP-3516-TH55-QEM 3000,TENARIS,0,00/01/1900,27/04/2023,00/01/1900,0,Entregado,0,,00/01/1900,0,0,00/01/1900,27/04/2023,0,0,,,,,,,,,,,,,,,,,,,,,3,,0,0,0%,0,
QM 2676,FRAC PUMP 3000 HP-3516-TH55-QEM 3000,TENARIS,0,00/01/1900,27/06/2023,00/01/1900,0,Entregado,0,,00/01/1900,0,0,00/01/1900,30/06/2023,0,0,,,,,,,,,,,,,,,,,,,,,3,,3,0,0%,0,
QM 2677,FRAC PUMP 3000 HP-3516-TH55-QEM 3000,TENARIS,0,00/01/1900,30/06/2023,00/01/1900,0,Entregado,0,,00/01/1900,0,0,00/01/1900,08/07/2023,0,0,,,,,,,,,,,,,,,,,,,,,3,,8,0,0%,0,
QM 2682-87,SISTEMA DE PESAJE BOLSAS 8 PUESTOS,ARGENBRAS,0,00/01/1900,00/01/1900,00/01/1900,0,Entregado,0,,00/01/1900,0,0,00/01/1900,00/01/1900,0,0,,,,,,,,,,,,,,,,,,,,,,,,0,0%,0,
QM 2683,"CINTA HORIZONTAL-LARGO 1,5m-ANCHO 0,3m",ARGENBRAS,0,00/01/1900,00/01/1900,00/01/1900,0,Entregado,0,,00/01/1900,0,0,00/01/1900,00/01/1900,0,0,,,,,,,,,,,,,,,,,,,,,,,,0,0%,0,
QM 2684,CINTA ELEVADORA 30 GR A 1200 MM,ARGENBRAS,0,00/01/1900,00/01/1900,00/01/1900,0,Entregado,0,,00/01/1900,0,0,00/01/1900,00/01/1900,0,0,,,,,,,,,,,,,,,,,,,,,,,,0,0%,0,
QM 2685,CINTA GIRATORIA DIAMETRO 2500 MM,ARGENBRAS,0,00/01/1900,00/01/1900,00/01/1900,0,Entregado,0,,00/01/1900,0,0,00/01/1900,00/01/1900,0,0,,,,,,,,,,,,,,,,,,,,,,,,0,0%,0,
QM 2686,MESA LATERAL APILADO,ARGENBRAS,0,00/01/1900,00/01/1900,00/01/1900,0,Entregado,0,,00/01/1900,0,0,00/01/1900,00/01/1900,0,0,,,,,,,,,,,,,,,,,,,,,,,,0,0%,0,
QM 2687,MESA LATERAL APILADO,ARGENBRAS,0,00/01/1900,00/01/1900,00/01/1900,0,Entregado,0,,00/01/1900,0,0,00/01/1900,00/01/1900,0,0,,,,,,,,,,,,,,,,,,,,,,,,0,0%,0,
QM 2688,SOPORTES VARIOS ESTRUCTURAS EXAR ,FLUENCE,0,00/01/1900,00/01/1900,00/01/1900,0,Entregado,0,,00/01/1900,0,0,00/01/1900,00/01/1900,0,0,,,,,,,,,,,,,,,,,,,,,,,,0,0%,0,
QM 2689,BATCH MIXER 2 CENT,LATITUD 45,0,00/01/1900,00/01/1900,00/01/1900,0,Entregado,0,,00/01/1900,0,0,00/01/1900,00/01/1900,0,0,,,,,,,,,,,,,,,,,,,,,,,,0,0%,0,
QM 2690,SKID DI13 + Cramaco G2R 315 MB,SCANIA,0,00/01/1900,00/01/1900,00/01/1900,0,Entregado,0,,00/01/1900,0,0,00/01/1900,00/01/1900,0,0,,,,,,,,,,,,,,,,,,,,,,,,0,0%,0,
QM 2694,SISTEMA DE CONTROL UNIDAD DE HIDRATACION,LATITUD 45,0,00/01/1900,00/01/1900,00/01/1900,0,Entregado,0,,00/01/1900,0,0,00/01/1900,00/01/1900,0,0,,,,,,,,,,,,,,,,,,,,,,,,0,0%,0,
QM 2695,#N/A,0,0,00/01/1900,00/01/1900,00/01/1900,0,Entregado,0,,00/01/1900,0,0,00/01/1900,04/02/2023,0,0,,,,,,,,,,,,,,,,,,,,,,,,0,0%,0,
QM 2705,TRAILER PORTA SILOS 22-60M3,SEA WHITE,0,00/01/1900,04/08/2023,00/01/1900,0,Entregado,0,,00/01/1900,0,0,00/01/1900,20/10/2023,0,0,,,,,,,,,,,,,,,,,,,,,,,77,0,0%,0,
QM 2706,TRAILER PORTA SILOS 22-60M3,SEA WHITE,0,00/01/1900,12/10/2023,00/01/1900,0,Entregado,0,,00/01/1900,0,0,00/01/1900,30/11/2023,0,0,,,,,,,,,,,,,,,,,,,,,,,49,0,0%,0,
QM 2707,FRAC PUMP 3000 HP-3516-TH55-QEM 3000,TENARIS,0,00/01/1900,17/01/2024,00/01/1900,0,Entregado,0,,00/01/1900,0,0,00/01/1900,17/01/2024,0,0,,,,,,,,,,,,,,,,,,,,,3,,0,0,0%,0,
QM 2708,FRAC PUMP 3000 HP-3516-TH55-QEM 3000,TENARIS,0,00/01/1900,17/01/2024,00/01/1900,0,Entregado,0,,00/01/1900,0,0,00/01/1900,22/01/2024,0,0,,,,,,,,,,,,,,,,,,,,,3,,5,0,0%,0,
QM 2709,FRAC PUMP 3000 HP-3516-TH55-QEM 3000,TENARIS,0,00/01/1900,18/01/2024,00/01/1900,0,Entregado,0,,00/01/1900,0,0,00/01/1900,22/01/2024,0,0,,,,,,,,,,,,,,,,,,,,,3,,4,0,0%,0,
QM 2710,FRAC PUMP 3000 HP-3516-TH55-QEM 3000,TENARIS,0,00/01/1900,18/01/2024,00/01/1900,0,Entregado,0,,00/01/1900,0,0,00/01/1900,17/01/2024,0,0,,,,,,,,,,,,,,,,,,,,,3,,-1,0,0%,0,
QM 2711,FRAC PUMP 3000 HP-3516-TH55-QEM 3000,TENARIS,0,00/01/1900,23/01/2024,00/01/1900,0,Entregado,0,,00/01/1900,0,0,00/01/1900,15/02/2024,0,0,,,,,,,,,,,,,,,,,,,,,3,,23,0,0%,0,
QM 2712,FRAC PUMP 3000 HP-3516-TH55-QEM 3000,TENARIS,0,00/01/1900,02/02/2024,00/01/1900,0,Entregado,0,,00/01/1900,0,0,00/01/1900,15/02/2024,0,0,,,,,,,,,,,,,,,,,,,,,3,,13,0,0%,0,
QM 2713,FRAC PUMP 3000 HP-3516-TH55-QEM 3000,TENARIS,0,00/01/1900,16/02/2024,00/01/1900,0,Entregado,0,,00/01/1900,0,0,00/01/1900,19/02/2024,0,0,,,,,,,,,,,,,,,,,,,,,3,,3,0,0%,0,
QM 2714,FRAC PUMP 3000 HP-3516-TH55-QEM 3000,TENARIS,0,00/01/1900,16/02/2024,00/01/1900,0,Entregado,0,,00/01/1900,0,0,00/01/1900,19/02/2024,0,0,,,,,,,,,,,,,,,,,,,,,3,,3,0,0%,0,
QM 2715,FRAC PUMP 3000 HP-3516-TH55-QEM 3000,TENARIS,0,00/01/1900,01/03/2024,00/01/1900,0,Entregado,0,,00/01/1900,0,0,00/01/1900,29/02/2024,0,0,,,,,,,,,,,,,,,,,,,,,3,,-1,0,0%,0,
QM 2716,FRAC PUMP 3000 HP-3516-TH55-QEM 3000,TENARIS,0,00/01/1900,01/03/2024,00/01/1900,0,Entregado,0,,00/01/1900,0,0,00/01/1900,29/02/2024,0,0,,,,,,,,,,,,,,,,,,,,,3,,-1,0,0%,0,
QM 2718,#N/A,0,0,00/01/1900,00/01/1900,00/01/1900,0,Entregado,0,,00/01/1900,0,0,00/01/1900,00/01/1900,0,0,,,,,,,,,,,,,,,,,,,,,,,,0,0%,0,
QM 2728,CABINADO ESTRUCUTRAL PARA C175-20 ,FINNING,0,00/01/1900,04/12/2023,00/01/1900,0,Entregado,0,,00/01/1900,0,0,00/01/1900,30/11/2023,0,0,,,,,,,,,,,,,,,,,,,,,,,-4,0,0%,0,
QM 2729,CABINADO ESTRUCUTRAL PARA C175-20 ,FINNING,0,00/01/1900,15/05/2024,00/01/1900,0,Entregado,0,,00/01/1900,0,0,00/01/1900,13/05/2024,0,0,,,,,,,,,,,,,,,,,,,,,,,-2,0,0%,0,
QM 2730,CABINADO ESTRUCUTRAL PARA C175-20 ,FINNING,0,00/01/1900,27/12/2024,00/01/1900,0,Entregado,0,,00/01/1900,0,0,14/01/2025,09/01/2025,0,0,,,0,0,0,0,0,,105,0,24,152,0,281,0,0,0,0,0,,,,13,0,0%,0,
QM 2731,CABINADO ESTRUCUTRAL PARA C175-20 ,FINNING,0,00/01/1900,03/01/2025,00/01/1900,0,Entregado,0,,03/01/2025,0,0,14/01/2025,21/01/2025,0,0,,,,,,,,,,,,,,,,,,,,,,,18,0,0%,0,
QM 2732,CABINADO ESTRUCUTRAL PARA C175-20 ,FINNING,0,00/01/1900,10/01/2025,00/01/1900,0,Entregado,0,,10/01/2025,0,0,14/01/2025,09/01/2025,0,0,,,,,,,,,,,,,,,,,,,,,,,-1,0,0%,0,
QM 2733,ADICIONAL #1 YARD SPOOLER 2 5-8,CALFRAC,0,00/01/1900,09/06/2023,00/01/1900,0,Entregado,0,,00/01/1900,0,0,00/01/1900,15/06/2023,0,0,,,,,,,,,,,,,,,,,,,,,,,6,0,0%,0,
QM 2734,SUPER REEL,WTF,0,00/01/1900,29/01/2024,00/01/1900,0,Entregado,0,,00/01/1900,0,0,00/01/1900,15/02/2024,0,0,,,,,,,,,,,,,,,,,,,,,,,17,0,0%,0,
QM 2735,TRAILER QUICK RIG UP,WTF,0,00/01/1900,20/10/2023,00/01/1900,0,Entregado,0,,00/01/1900,0,0,00/01/1900,20/10/2023,0,0,,,,,,,,,,,,,,,,,,,,,,,0,0,0%,0,
QM 2737,PESADORA LINEAL DE PAPA 2 CABEZALES,BIDEGAIN,0,00/01/1900,20/03/2023,00/01/1900,0,Entregado,0,,00/01/1900,0,0,00/01/1900,21/03/2023,0,0,,,,,,,,,,,,,,,,,,,,,,,1,0,0%,0,
QM 2738,Frac Pump 2250HP - MTU-ALLISON,SESA,0,00/01/1900,17/10/2023,00/01/1900,0,Entregado,0,,00/01/1900,0,0,00/01/1900,12/10/2023,0,0,,,,,,,,,,,,,,,,,,,,,3,,-5,0,0%,0,
QM 2739,CABINA SBF624,SLB,0,00/01/1900,17/11/2023,00/01/1900,0,Entregado,0,,00/01/1900,0,0,00/01/1900,07/12/2023,0,0,,,,,,,,,,,,,,,,,,,,,,,20,0,0%,0,
QM 2740,TWIN CEMENT PUMPER,LATITUD 45,0,00/01/1900,18/01/2024,00/01/1900,0,Entregado,0,,00/01/1900,0,0,00/01/1900,18/01/2024,0,0,,,,,,,,,,,,,,,,,,,,,,,0,0,0%,0,
QM 2742,LARGE BORE 7- 116 - 26 BOCAS,TENARIS,0,00/01/1900,05/02/2024,00/01/1900,0,Entregado,0,,00/01/1900,0,0,00/01/1900,15/03/2024,0,0,,,,,,,,,,,,,,,,,,,,,2,,39,0,0%,0,
QM 2745,TUBING REEL 2 5-8,CALFRAC,0,00/01/1900,31/08/2023,00/01/1900,0,Entregado,0,,00/01/1900,0,0,00/01/1900,04/09/2023,0,0,,,,,,,,,,,,,,,,,,,,,,,4,0,0%,0,
QM 2746,DESGASIFICADOR TK SKIMMER Ø2032x4500 7KG_CM2,PAE,0,00/01/1900,04/03/2024,00/01/1900,0,Entregado,0,,00/01/1900,0,0,00/01/1900,01/07/2024,0,0,,,,,,,,,,,,,,,,,,,,,,,119,0,0%,0,
QM 2747,BATCH MIXER 3 CENT,LATITUD 45,0,00/01/1900,18/12/2023,00/01/1900,0,Entregado,0,,00/01/1900,0,0,00/01/1900,00/01/1900,0,0,,,,,,,,,,,,,,,,,,,,,,,868,0,0%,0,
QM 2748,Bulk Cementer 600CuFt + 100CuFt,LATITUD 45,0,00/01/1900,29/09/2023,00/01/1900,0,Entregado,0,,00/01/1900,0,0,00/01/1900,19/10/2023,0,0,,,,,,,,,,,,,,,,,,,,,,,20,0,0%,0,
QM 2749,SISTEMA DE CONTROL UNIDAD DE HIDRATACION #2,LATITUD 45,0,00/01/1900,05/01/2024,00/01/1900,0,Stand by,0,,00/01/1900,0,0,00/01/1900,00/01/1900,0,0,,,,,,,,,,,,,,,,,,,,,,,850,0,0%,0,
QM 2750,ADICIONAL END CANCAMOS SILO QM2750,HALLIBURTON,0,00/01/1900,12/01/2024,00/01/1900,0,Entregado,0,,00/01/1900,0,0,00/01/1900,13/01/2024,0,0,,,,,,,,,,,,,,,,,,,,,,,1,0,0%,0,
QM 2751,ADICIONAL END CANCAMOS SILO QM2751,HALLIBURTON,0,00/01/1900,22/01/2024,00/01/1900,0,Entregado,0,,00/01/1900,0,0,00/01/1900,19/01/2024,0,0,,,,,,,,,,,,,,,,,,,,,,,-3,0,0%,0,
QM 2752,ADICIONAL END CANCAMOS SILO QM2752,HALLIBURTON,0,00/01/1900,12/01/2024,00/01/1900,0,Entregado,0,,00/01/1900,0,0,00/01/1900,13/01/2024,0,0,,,,,,,,,,,,,,,,,,,,,,,1,0,0%,0,
QM 2753,FRAC PUMP (R) 2250 HP - MTU - ALLISON - QWS 2500,WTF,0,00/01/1900,04/03/2024,00/01/1900,0,Entregado,0,,00/01/1900,0,0,00/01/1900,15/03/2024,0,0,,,,,,,,,,,,,,,,,,,,,3,,11,0,0%,0,
QM 2754,FRAC PUMP (R) 2250 HP - MTU - ALLISON - QWS 2500,WTF,0,00/01/1900,13/09/2024,00/01/1900,0,Entregado,0,,00/01/1900,0,0,00/01/1900,04/10/2024,0,0,,,,,,,,,,,,,,,,,,,,,3,,21,0,0%,0,
QM 2755,FRAC PUMP (R) 2250 HP - MTU - ALLISON - QWS 2500,WTF,0,13/06/2025,13/06/2025,20/6/2025; 06/06/2025,Falta de capacidad;Retraso de componentes compras,Entregado,0,,00/01/1900,0,0,17/06/2025,17/06/2025,0,0,,,600,64,227,500,95,1486,582,142,70,961,101,1856,16,5,9,94,9,133,3,124.9%,-3,0,0%,0,
QM 2756,FRAC PUMP (R) 2250 HP - MTU - ALLISON - QWS 2500,WTF,0,00/01/1900,11/07/2025,00/01/1900,0,Cancelado,0,,00/01/1900,0,0,00/01/1900,00/01/1900,0,0,,,0,0,0,0,0,,0,0,0,2,0,2,0,0,0,0,0,,3,,297,0,0%,0,
QM 2757,WET SAND BLENDER,SLB,0,00/01/1900,17/11/2023,00/01/1900,0,Entregado,0,,00/01/1900,0,0,00/01/1900,07/12/2023,0,0,,,,,,,,,,,,,,,,,,,,,5,,20,0,0%,0,
QM 2758,DATA VAN 2 EJES,TENARIS,0,00/01/1900,19/02/2024,00/01/1900,0,Entregado,0,,00/01/1900,0,0,00/01/1900,22/02/2024,0,0,,,,,,,,,,,,,,,,,,,,,,,3,0,0%,0,
QM 2759,MANIFOLD KIT DGB HASA x60,FINNING,0,00/01/1900,15/01/2025,00/01/1900,0,Entregado,0,,00/01/1900,0,0,00/01/1900,00/01/1900,"*Última entrega parcial de 9 kits -Restan 6 y están reparando 3 que volvieron
El adicional corresponde a reparaciones
4 están listos, restan hacer 2",0,,,0,0,0,0,0,,55,197,89,88,0,429,0,0,14,5,0,19,,,474,0,0%,0,
QM 2760,SKID LARGE BORE 8-STATION,CALFRAC,0,00/01/1900,15/12/2023,00/01/1900,0,Entregado,0,,00/01/1900,0,0,00/01/1900,29/11/2023,0,0,,,,,,,,,,,,,,,,,,,,,2,,-16,0,0%,0,
QM 2761,SKID DI16 + STAMFORD HCI5F,SCANIA,0,00/01/1900,16/06/2023,00/01/1900,0,Entregado,0,,00/01/1900,0,0,00/01/1900,23/06/2023,0,0,,,,,,,,,,,,,,,,,,,,,,,7,0,0%,0,
QM 2762,CUNA METALICA PARA TRANSPORTE MOTOR CAT 3512,SLB,0,00/01/1900,00/01/1900,00/01/1900,0,Entregado,0,,00/01/1900,0,0,00/01/1900,03/11/2023,0,0,,,,,,,,,,,,,,,,,,,,,,,,0,0%,0,
QM 2763,CUNA METALICA PARA TRANSPORTE MOTOR CAT 3512,SLB,0,00/01/1900,00/01/1900,00/01/1900,0,Entregado,0,,00/01/1900,0,0,00/01/1900,03/11/2023,0,0,,,,,,,,,,,,,,,,,,,,,,,,0,0%,0,
QM 2764,SKID DI16 + STAMFORD HCI5F,SCANIA,0,00/01/1900,21/07/2023,00/01/1900,0,Entregado,0,,00/01/1900,0,0,00/01/1900,25/07/2023,0,0,,,,,,,,,,,,,,,,,,,,,,,4,0,0%,0,
QM 2765,#N/A,0,0,00/01/1900,20/07/2023,00/01/1900,0,Entregado,0,,00/01/1900,0,0,00/01/1900,20/07/2023,0,0,,,,,,,,,,,,,,,,,,,,,,,0,0,0%,0,
QM 2766,"FILTROS DUPLEX SKID 3,5 BARG",CTSA,0,00/01/1900,10/05/2024,00/01/1900,0,Entregado,0,,00/01/1900,0,0,00/01/1900,13/05/2024,0,0,,,,,,,,,,,,,,,,,,,,,,,3,0,0%,0,
QM 2767,ADICIONAL END CANCAMOS SILO QM2767,HALLIBURTON,0,00/01/1900,10/04/2024,00/01/1900,0,Entregado,0,,00/01/1900,0,0,00/01/1900,20/05/2024,0,0,,,,,,,,,,,,,,,,,,,,,,,40,0,0%,0,
QM 2768,ADICIONAL END CANCAMOS SILO QM2768,HALLIBURTON,0,00/01/1900,10/04/2024,00/01/1900,0,Entregado,0,,00/01/1900,0,0,00/01/1900,20/05/2024,0,0,,,,,,,,,,,,,,,,,,,,,,,40,0,0%,0,
QM 2769,ADICIONAL END CANCAMOS SILO QM2769,HALLIBURTON,0,00/01/1900,31/01/2024,00/01/1900,0,Entregado,0,,00/01/1900,0,0,00/01/1900,08/04/2024,0,0,,,,,,,,,,,,,,,,,,,,,,,68,0,0%,0,
QM 2770,ADICIONAL END CANCAMOS SILO QM2770,HALLIBURTON,0,00/01/1900,10/04/2024,00/01/1900,0,Entregado,0,,00/01/1900,0,0,00/01/1900,20/05/2024,0,0,,,,,,,,,,,,,,,,,,,,,,,40,0,0%,0,
QM 2771,FRAC PUMP 2500 HP-QSK50-TA8091-QWS 2500,CALFRAC,Facundo Fernández,00/01/1900,26/06/2024,00/01/1900,0,Entregado,0,,00/01/1900,0,0,00/01/1900,04/07/2024,0,0,,,,,,,,,,,,,,,,,,,,,3,,8,0,0%,0,
QM 2772,FRAC PUMP 2500 HP-QSK50-TA8091-QWS 2500,CALFRAC,Facundo Fernández,00/01/1900,26/06/2024,00/01/1900,0,Entregado,0,,00/01/1900,0,0,00/01/1900,04/07/2024,0,0,,,,,,,,,,,,,,,,,,,,,3,,8,0,0%,0,
QM 2773,FRAC PUMP 2500 HP-QSK50-TA8091-QWS 2500,LATITUD 45,Facundo Fernández,00/01/1900,09/08/2024,00/01/1900,0,Entregado,0,,00/01/1900,0,0,00/01/1900,11/08/2024,0,0,,,,,,,,,,,,,,,,,,,,,3,,2,0,0%,0,
QM 2774,FRAC PUMP 2500 HP-QSK50-TA8091-QWS 2500,LATITUD 45,Facundo Fernández,00/01/1900,30/08/2024,00/01/1900,0,Entregado,0,,00/01/1900,0,0,00/01/1900,02/10/2024,0,0,,,,,,,,,,,,,,,,,,,,,3,,33,0,0%,0,
QM 2775,DOFT TRAILER MOUNTED,TENARIS,0,00/01/1900,19/08/2024,00/01/1900,0,Entregado,0,,00/01/1900,0,0,00/01/1900,31/08/2024,0,0,,,,,,,,,,,,,,,,,,,,,,,12,0,0%,0,
QM 2776,BLENDER 60 BBL,LATITUD 45,0,00/01/1900,02/06/2025,27/06/2024,0,Entregado,0,,27/06/2024,0,0,02/06/2025,13/06/2025,0,239,,,,,,,,,,,,,,,,,,,,,5,,351,0,0%,0,
QM 2777,SKID SCANIA DI9 GENERADOR SIN DEFINIR,SCANIA,0,00/01/1900,00/01/1900,00/01/1900,0,Entregado,0,,00/01/1900,0,0,00/01/1900,24/11/2023,0,0,,,,,,,,,,,,,,,,,,,,,,,,0,0%,0,
QM 2778,SKID SCANIA DI9 GENERADOR SIN DEFINIR,SCANIA,0,00/01/1900,00/01/1900,00/01/1900,0,Entregado,0,,00/01/1900,0,0,00/01/1900,24/11/2023,0,0,,,,,,,,,,,,,,,,,,,,,,,,0,0%,0,
QM 2779,SKID PARA 2 GENERADORES SIN DEFINIR,SCANIA,0,00/01/1900,00/01/1900,00/01/1900,0,Entregado,0,,00/01/1900,0,0,00/01/1900,24/11/2023,0,0,06/06/2024,15/01/2025,,,,,,,,,,,,,,,,,,,,,,0,0%,0,
QM 2780,CABINA SBF624,SLB,0,00/01/1900,31/05/2024,00/01/1900,0,Entregado,0,,00/01/1900,0,0,00/01/1900,08/07/2024,0,0,06/06/2024,15/01/2025,0,0,0,0,0,,0,2,0,0,83,85,0,0,0,0,18,18,,,38,0,0%,0,
QM 2781,CABINA SBF624,SLB,0,00/01/1900,05/07/2024,00/01/1900,0,Entregado,0,,00/01/1900,0,0,00/01/1900,01/11/2024,0,0,06/06/2024,15/01/2025,,,,,,,,,,,,,,,,,,,,,119,0,0%,0,
QM 2782,CABINA SBF624,SLB,0,00/01/1900,05/07/2024,00/01/1900,0,Entregado,0,,00/01/1900,0,0,00/01/1900,12/07/2024,Resta instalación,0,06/06/2024,15/01/2025,,,,,,,,,,,,,,,,,,,,,7,0,0%,0,
QM 2793,FRAC PUMP 2500 HP-QSK50-TA8091-QWS 2500,CALFRAC,Facundo Fernández,00/01/1900,25/10/2024,00/01/1900,0,Entregado,0,,00/01/1900,0,0,30/12/2024,15/01/2025,0,112,06/06/2024,15/01/2025,1120,300,350,600,280,2650,17,38,66,413,98,632,3,0,0,39,6,48,3,23.8%,82,0,0%,0,
QM 2794,FRAC PUMP 2500 HP-QSK50-TA8091-QWS 2500,CALFRAC,Facundo Fernández,00/01/1900,25/10/2024,00/01/1900,0,Entregado,0,,00/01/1900,0,0,30/12/2024,15/01/2025,0,126,,,1120,300,350,600,280,2650,22,84,87,442,185,820,3,0,0,49,5,57,3,30.9%,82,0,0%,0,
QM 2795,FRAC PUMP 2500 HP-QSK50-TA8091-QWS 2500,CALFRAC,Facundo Fernández,00/01/1900,22/11/2024,00/01/1900,0,Entregado,0,,00/01/1900,0,0,27/12/2024,15/01/2025,0,133,,,1120,300,350,600,280,2650,23,90,100,717,283,1212,0,3,0,80,29,112,3,45.7%,54,0,0%,0,
QM 2796,FRAC PUMP 2500 HP-QSK50-TA8091-QWS 2500,CALFRAC,Facundo Fernández,00/01/1900,22/11/2024,00/01/1900,0,Entregado,0,,00/01/1900,0,0,30/12/2024,15/01/2025,0,133,,,1120,300,350,600,280,2650,39,97,45,639,263,1081,11,0,0,90,40,140,3,40.8%,54,0,0%,0,
QM 2797,TURBINE FRAC PUMP 5000 HP,QME,Federico Donatini,00/01/1900,30/05/2025,10/01/2025,0,Stand by,Montaje,02/06/2025,00/01/1900,0,0,00/01/1900,00/01/1900,0,0,,,,,,,,,,,,,,,,,,,,,3,,479,1.213007566,0%,0.623832463,
QM 2798 Prototipo,GRUA TIPO BANDERA 280Kgs MODELO QM-G280 GEN3,0,Federico Donatini,00/01/1900,00/01/1900,00/01/1900,0,Entregado,0,,00/01/1900,0,0,00/01/1900,00/01/1900,0,0,,,,,,,,,,,,,,,,,,,,,1,,,0,0%,0,
QM 2798-17,GRUA TIPO BANDERA 280Kgs MODELO QM-G280 GEN3,0,Federico Donatini,00/01/1900,29/03/2024,00/01/1900,0,Entregado,0,,00/01/1900,0,0,00/01/1900,02/09/2024,0,0,,,,,,,,,,,,,,,,,,,,,1,,157,0,0%,0,
QM 2818-19,CUNA METALICA PARA TRANSPORTE MOTOR CAT 3512,0,Federico Donatini,00/01/1900,00/01/1900,00/01/1900,0,Entregado,0,,00/01/1900,0,0,00/01/1900,12/04/2024,0,0,,,,,,,,,,,,,,,,,,,,,,,,0,0%,0,
QM 2820,Turbine Power Module,0,Federico Donatini,00/01/1900,30/05/2025,10/01/2025,0,Stand by,Próximo a terminar,,00/01/1900,0,0,00/01/1900,00/01/1900,0,0,,,,,,,,,,,,,,,,,,,,,,,479,0,0%,0,
QM 2821,SKID DI16 + STAMFORD HCI5F,SCANIA,0,00/01/1900,15/04/2024,00/01/1900,0,Entregado,0,,00/01/1900,0,0,00/01/1900,00/01/1900,0,0,,,,,,,,,,,,,,,,,,,,,,,749,0,0%,0,
QM 2822,FRAC PUMP 2500 HP - 3512C-TH55E70 - QWS 2500,WTF,Agustín Bereilh,00/01/1900,31/01/2025,00/01/1900,0,Entregado,0,,10/12/2024,0,0,20/02/2025,21/02/2025,Fecha de testeo es estimada,174,,,1100,300,250,700,100,2450,59,399,300,706,135,1598,0,72,0,149,23,244,3,65.2%,21,0,0%,0,
QM 2823,FRAC PUMP 2500 HP - 3512C-TH55E70 - QWS 2500,WTF,Agustín Bereilh,00/01/1900,31/01/2025,00/01/1900,0,Entregado,0,,10/12/2024,0,0,20/02/2025,21/02/2025,Fecha de testeo es estimada,166,,,1100,300,250,700,100,2450,65,387,246,734,141,1571,6,60,0,155,11,232,3,64.1%,21,0,0%,0,
QM 2824,FRAC PUMP 2000 HP - WAUKESHA - ZF - QWS2500XL,QME,Federico Donatini,00/01/1900,03/04/2025,26/02/2025,0,Entregado,0,,00/01/1900,0,0,20/03/2025,20/03/2025,"Puede volver, no está vendido",149,,,1000,300,200,500,280,2280,1121,339,400,1554,646,4059,38,32,17,457,203,747,3,178.0%,22,0,0%,0,
QM 2825,"DRILLING RIG GAS GENSET - WAUKESHA - 1,2 MW",QME,Santiago Lenzi,30/03/2026,30/03/2026,01/10/2025,0,Stand by,Pintura,20/04/2026,00/01/1900,0,0,00/01/1900,00/01/1900,0,0,,,1100,0,200,600,0,1900,621,115,0,0,0,736,3,1,0,0,0,4,,38.7%,215,0.046209812,0%,0.034657359,
QM 2826,"DRILLING RIG GAS GENSET - WAUKESHA - 1,2 MW",QME,Santiago Lenzi,30/03/2026,30/03/2026,01/10/2025,0,Stand by,Pintura,20/04/2026,00/01/1900,0,0,00/01/1900,00/01/1900,0,0,,,1100,0,200,600,0,1900,574,87,0,0,0,661,4,1,0,0,0,5,,34.8%,215,0.046209812,0%,0.034657359,
QM 2827,"DRILLING RIG GAS GENSET - WAUKESHA - 1,2 MW",QME,Santiago Lenzi,30/03/2026,30/03/2026,01/10/2025,0,Stand by,Pintura,27/04/2026,00/01/1900,0,0,00/01/1900,00/01/1900,0,0,19/09/2024,,1100,0,200,600,0,1900,562,78,0,0,0,641,0,1,0,0,0,1,,33.7%,215,0.046209812,0%,0.034657359,
QM 2828-37,GRUA TIPO BANDERA 280Kgs MODELO QM-G280 GEN3,0,Agustín Bereilh,00/01/1900,27/09/2024,00/01/1900,0,Entregado,0,,00/01/1900,0,0,00/01/1900,16/09/2024,0,0,19/09/2024,,,,,,,,,,,,,,,,,,,,1,,-11,0,0%,0,
QM 2838,DOSIFICADOR DE ADITIVOS SECOS (DAS) QM9100A,SESA,Martín Navarro,00/01/1900,03/01/2025,00/01/1900,0,Entregado,0,,00/01/1900,0,0,30/01/2025,03/02/2025,A la espera de gente para retomar,0,,,,,,,,,,,,,,,,,,,,,,,31,0,0%,0,
QM 2839,DOSIFICADOR DE ADITIVOS SECOS (DAS) QM9100A,SESA,Martín Navarro,00/01/1900,03/01/2025,00/01/1900,0,Entregado,0,,00/01/1900,0,0,30/01/2025,03/02/2025,A la espera de gente para retomar,0,,,,,,,,,,,,,,,,,,,,,,,31,0,0%,0,
QM 2840,UNIDAD DE CONTROL DE FRACTURA,TENARIS,Agustín Bereilh,00/01/1900,20/08/2024,00/01/1900,0,Entregado,0,,00/01/1900,0,0,00/01/1900,09/10/2024,0,0,,,0,0,0,0,0,,6,46,1,0,18,70,3,4,0,0,0,7,1,,50,0,0%,0,
QM 2841,UNIDAD DE CONTROL DE FRACTURA,TENARIS,Agustín Bereilh,00/01/1900,20/08/2024,00/01/1900,0,Entregado,0,,00/01/1900,0,0,00/01/1900,00/01/1900,0,0,,,,,,,,,,,,,,,,,,,,,1,,622,0,0%,0,
QM 2842,UNIDAD DE CONTROL DE FRACTURA,TENARIS,Agustín Bereilh,00/01/1900,25/12/2024,00/01/1900,0,Entregado,0,,00/01/1900,0,0,00/01/1900,00/01/1900,0,0,,,,,,,,,,,,,,,,,,,,,1,,495,0,0%,0,
QM 2843,UNIDAD DE CONTROL DE FRACTURA,TENARIS,Agustín Bereilh,00/01/1900,10/01/2025,00/01/1900,0,Entregado,0,,00/01/1900,0,0,00/01/1900,00/01/1900,En Shop NQN,0,,,,,,,,,,,,,,,,,,,,,1,,479,0,0%,0,
QM 2844,UNIDAD DE CONTROL DE FRACTURA,TENARIS,Agustín Bereilh,00/01/1900,10/01/2025,00/01/1900,0,Entregado,0,,00/01/1900,0,0,00/01/1900,07/01/2026,En Shop NQN,0,,,,,,,,,,,,,,,,,,,,,1,,362,0,0%,0,
QM 2846,SKID CUADRO DE DESFOGUE 15K,SLB,Agustín Bereilh,00/01/1900,03/01/2025,00/01/1900,0,Entregado,0,,07/10/2024,0,0,16/01/2025,16/01/2025,0,28,,,124,0,9,0,90,223,128,63,188,151,285,815,4,0,0,40,20,64,2,365.4%,13,0,0%,0,
QM 2847,"PLANTA REGULADORA DE PRESIÓN - 6,000 Nm3/h",QME,Martín Navarro,30/05/2026,30/05/2026,13/8/2025; 29/09/2025; 01/12/2025,0,Ingeniería,Corte y Plegado,13/01/2025,30/05/2026,13/8/2025; 29/09/2025; 01/12/2025,0,00/01/1900,00/01/1900,0,0,,,900,0,250,500,0,1650,1021,235,0,0,8,1264,51,0,0,0,8,59,,76.6%,264,0.311916231,0%,0.025993019,
QM 2848,"PLANTA REGULADORA DE PRESIÓN PRP - 2,000 Nm3/h",SQM,Martín Navarro,20/05/2025,20/05/2025,15/03/2025; 01/04/2025; 04/04/2025; 22/04/2025,Ingeniería;Retraso de componentes compras;Fallas en montaje,Entregado,0,,20/05/2025,0,0,18/05/2025,18/05/2025,"Está en proceso de definición, compras, etc. Todavía no llegó formalmente a Odoo",0,,,150,60,250,100,0,560,265,238,50,394,455,1401,0,15,7,166,93,281,,250.2%,64,0,0%,0,
QM 2849,BULK STORAGE TRAILER 1600 CuFt STEADY FLOW,HALLIBURTON,Santiago Lenzi,13/06/2025,04/11/2025,12/3/2025; 31/03/2025; 15/04/2025; 28/04/2025; 07/05/2025; 21/05/2025; 29/05/2025; 13/06/2025; 27/06/2025,Fallas en montaje;Ingeniería ;Ingeniería;Demora coordinación de despacho,Entregado,0,,13/01/2025,0,0,30/06/2025,04/11/2025,Fecha de entrega acordada anterior 28/02,0,,,2010,0,295,400,0,2705,3217,293,316,1515,92,5433,81,20,16,281,4,402,,200.9%,237,0,0%,0,
QM 2850,BULK STORAGE TRAILER 1600 CuFt STEADY FLOW,HALLIBURTON,Santiago Lenzi,13/06/2025,30/09/2025,12/3/2025; 31/03/2025; 15/05/2025; 29/05/2025; 13/06/2025; 27/06/2025,Fallas en montaje;Ingeniería;Ingeniería;Demora coordinación de despacho,Entregado,0,,13/01/2025,0,0,30/06/2025,14/10/2025,Fecha de entrega acordada anterior 28/02,0,,,2010,0,295,400,0,2705,3505,283,330,1191,107,5416,28,6,0,189,14,237,,200.2%,216,0,0%,0,
QM 2851,FRAC PUMP 2500 HP-QSK50-TA8091-QWS 2500 ,CALFRAC,Facundo Fernández,04/04/2025,11/04/2025,24/02/2025; 04/04/2025,0,Entregado,0,,03/02/2025,0,0,11/04/2025,11/04/2025,Reprogramación por retraso de transmisiones en el exterior (problema de puertos),126,,,1120,300,350,600,280,2650,530,229,308,659,219,1945,1,12,14,98,15,140,3,73.4%,46,0,0%,0,
QM 2852,FRAC PUMP 2500 HP-QSK50-TA8091-QWS 2500 ,CALFRAC,Facundo Fernández,04/04/2025,11/04/2025,24/02/2025; 04/04/2025,0,Entregado,0,,03/02/2025,0,0,11/04/2025,11/04/2025,Reprogramación por retraso de transmisiones en el exterior (problema de puertos),126,,,1120,300,350,600,280,2650,630,220,255,635,206,1945,19,10,10,126,11,176,3,73.4%,46,0,0%,0,
QM 2853,FRAC PUMP 2500 HP-QSK50-TA8091-QWS 2500 ,CALFRAC,Facundo Fernández,11/04/2025,25/04/2025,3/3/2025; 11/04/2025,0,Entregado,0,,03/02/2025,0,0,29/04/2025,29/04/2025,Reprogramación por retraso de transmisiones en el exterior (problema de puertos),126,,,1120,300,350,600,280,2650,614,179,222,862,204,2081,5,5,10,164,18,201,3,78.5%,57,0,0%,0,
QM 2854,FRAC PUMP 2500 HP-QSK50-TA8091-QWS 2500 ,CALFRAC,Facundo Fernández,11/04/2025,25/04/2025,3/3/2025; 11/04/2025,0,Entregado,0,,03/03/2025,0,0,02/05/2025,02/05/2025,Reprogramación por retraso de transmisiones en el exterior (problema de puertos),126,,,1120,300,350,600,280,2650,681,165,165,888,230,2128,5,7,12,118,16,157,3,80.3%,60,0,0%,0,
QM 2855,FRAC PUMP 2500 HP-QSK50-TA8091-QWS 2500 ,CALFRAC,Facundo Fernández,02/05/2025,16/05/2025,10/3/2025; 18/04/2025; 02/05/2025,0,Entregado,0,,03/03/2025,0,0,19/05/2025,19/05/2025,Reprogramación por retraso de transmisiones en el exterior (problema de puertos),154,,,1120,300,350,600,280,2650,754,170,197,1035,212,2368,15,7,12,85,24,142,3,89.4%,70,0,0%,0,
QM 2856,FRAC PUMP 2500 HP-QSK50-TA8091-QWS 2500 ,CALFRAC,Facundo Fernández,05/05/2025,16/05/2025,10/3/2025; 18/04/2025; 05/05/2025,0,Entregado,0,,03/03/2025,0,0,23/05/2025,24/05/2025,Reprogramación por retraso de transmisiones en el exterior (problema de puertos),154,,,1120,300,350,600,280,2650,744,157,287,736,199,2123,20,6,10,91,24,151,3,80.1%,75,0,0%,0,
QM 2857-96,GRUA TIPO BANDERA 280Kgs MODELO QM-G280 GEN3,0,Agustín Bereilh,00/01/1900,20/01/2025,00/01/1900,0,Entregado,0,,00/01/1900,0,0,17/12/2024,22/01/2025,Entregas parciales,0,,,,,,,,,,,,,,,,,,,,,1,,2,0,0%,0,
QM 2897,FRAC PUMP 2500 HP-QSK50-TA8091-QWS 2500,LATITUD 45,Facundo Fernández,15/05/2025,21/05/2025,28/3/2025; 18/04/2025; 15/05/2025,0,Entregado,0,,00/01/1900,0,0,27/05/2025,27/05/2025,0,133,,,1120,300,300,600,280,2600,650,243,230,694,268,2085,2,39,4,90,48,182,3,80.2%,60,0,0%,0,
QM 2898,FRAC PUMP 2500 HP-QSK50-TA8091-QWS 2500,LATITUD 45,Facundo Fernández,09/06/2025,09/06/2025,28/3/2025; 02/05/2025; 23/05/2025,0,Entregado,0,,00/01/1900,0,0,09/06/2025,27/12/2025,0,133,,,1120,300,300,600,280,2600,689,177,251,636,277,2030,0,10,4,45,49,108,3,78.1%,274,0,0%,0,
QM 2899,FRAC PUMP 2500 HP-QSK50-TA8091-QWS 2500,LATITUD 45 ZMC,Facundo Fernández,26/01/2026,26/01/2026,11/4/2025; 02/05/2025; 30/05/2025; 13/06/2025,Cambia cliente,Entregado,0,,00/01/1900,0,0,13/06/2025,05/02/2026,QM 3143 adaptado para ZMC,147,,,1120,300,300,600,280,2600,677,209,135,631,288,1940,4,10,2,53,32,102,3,74.6%,300,0,0%,0,
QM 2900,FRAC PUMP 2500 HP-QSK50-TA8091-QWS 2500,LATITUD 45,Facundo Fernández,09/07/2025,09/07/2025,11/4/2025; 02/05/2025; 30/05/2025; 27/06/2025,Demora coordinación de despacho,Entregado,0,,00/01/1900,0,0,28/08/2025,06/01/2026,0,147,,,1120,300,300,600,280,2600,703,196,375,703,261,2238,0,13,9,55,17,95,3,86.1%,270,0,0%,0,
QM 2901,CONJUNTO SILENCIADOR SPF743,SLB,0,00/01/1900,04/10/2024,00/01/1900,0,Entregado,0,,00/01/1900,0,0,00/01/1900,31/10/2024,0,0,,,0,0,0,0,0,,0,40,0,0,0,40,0,0,0,0,0,,1,,27,0,0%,0,
QM 2902,CONJUNTO SILENCIADOR SPF743,SLB,0,00/01/1900,04/10/2024,00/01/1900,0,Entregado,0,,00/01/1900,0,0,00/01/1900,31/10/2024,0,0,,,,,,,,,,,,,,,,,,,,,1,,27,0,0%,0,
QM 2903,SKID DI16 + STAMFORD HCI5F,SCANIA,0,00/01/1900,16/09/2024,00/01/1900,0,Entregado,0,,00/01/1900,0,0,00/01/1900,10/09/2024,0,0,,,,,,,,,,,,,,,,,,,,,,,-6,0,0%,0,
QM 2904,SKID DI16 + STAMFORD HCI5F,SCANIA,0,00/01/1900,16/09/2024,00/01/1900,0,Entregado,0,,00/01/1900,0,0,00/01/1900,10/09/2024,0,0,,,,,,,,,,,,,,,,,,,,,,,-6,0,0%,0,
QM 2905,SKID DI16 + STAMFORD HCI5F,SCANIA,0,00/01/1900,16/09/2024,00/01/1900,0,Entregado,0,,00/01/1900,0,0,00/01/1900,10/09/2024,0,0,,,,,,,,,,,,,,,,,,,,,,,-6,0,0%,0,
QM 2906,4-STATION SKID,SPM,0,00/01/1900,29/11/2024,00/01/1900,0,Entregado,0,,00/01/1900,0,0,19/02/2025,19/02/2025,Entrega acordada en base a lo restante. consultar con maxi,0,,,0,0,0,0,0,,84,0,56,283,0,423,45,0,0,169,0,214,,,82,0,0%,0,
QM 2907,4-STATION SKID,SPM,0,00/01/1900,29/11/2024,00/01/1900,0,Entregado,0,,00/01/1900,0,0,19/02/2025,19/02/2025,Entrega acordada en base a lo restante. consultar con maxi,0,,,0,0,0,0,0,,106,0,32,0,0,138,77,0,0,0,0,77,,,82,0,0%,0,
QM 2908,4-STATION SKID,SPM,0,00/01/1900,29/11/2024,00/01/1900,0,Entregado,0,,00/01/1900,0,0,19/02/2025,19/02/2025,Entrega acordada en base a lo restante. consultar con maxi,0,,,0,0,0,0,0,,83,0,31,0,0,114,61,0,0,0,0,61,,,82,0,0%,0,
QM 2909,4-STATION SKID,SPM,0,00/01/1900,29/11/2024,00/01/1900,0,Entregado,0,,00/01/1900,0,0,19/02/2025,19/02/2025,Entrega acordada en base a lo restante. consultar con maxi,0,,,0,0,0,0,0,,93,0,30,0,0,123,56,0,0,0,0,56,,,82,0,0%,0,
QM 2910,FE Lube oil remoto ,SLB,Santiago Lenzi,00/01/1900,06/12/2024,00/01/1900,0,Entregado,0,,00/01/1900,0,0,00/01/1900,13/12/2024,0,0,,,,,,,,,,,,,,,,,,,,,,,7,0,0%,0,
QM 2911,FE Lube oil remoto ,SLB,Santiago Lenzi,00/01/1900,06/12/2024,00/01/1900,0,Entregado,0,,00/01/1900,0,0,00/01/1900,13/12/2024,0,0,,,,,,,,,,,,,,,,,,,,,,,7,0,0%,0,
QM 2912,LARGE BORE 7- 116 - 24+8 BOCAS,CALFRAC,Agustín Bereilh,20/05/2025,20/05/2025,30/4/2025; 07/05/2025,Falta de capacidad;Retraso de componentes comex externo;Falta de capacidad; Retraso de componentes comex externo,Entregado,0,,30/04/2025,0,0,20/05/2025,29/05/2025,"Se realizaron entregas parciales, 20/05 se entrega skid largo, van a quedar para entregar skid cortos que los manda QM por flete",98,,,1890,6,370,500,20,2786,1269,0,326,442,0,2037,78,0,0,23,0,101,2,73.1%,29,0,0%,0,
QM 2913,WET SAND BLENDER #3,SLB,Federico Donatini,00/01/1900,28/01/2025,00/01/1900,0,Entregado,0,,00/01/1900,0,0,29/01/2025,29/01/2025,0,64,,,150,350,46,150,50,746,110,201,19,158,41,529,0,31,1,11,6,49,5,70.9%,1,0,0%,0,
QM 2914,CONJUNTO SILENCIADOR SPF743,SLB,0,00/01/1900,00/01/1900,00/01/1900,0,Entregado,0,,00/01/1900,0,0,00/01/1900,00/01/1900,0,0,,,0,0,0,0,0,,5,449,0,0,0,454,0,0,0,0,0,,1,,,0,0%,0,
QM 2915,CONJUNTO SILENCIADOR SPF744,SLB,0,00/01/1900,00/01/1900,00/01/1900,0,Entregado,0,,00/01/1900,0,0,00/01/1900,00/01/1900,0,0,,,,,,,,,,,,,,,,,,,,,1,,,0,0%,0,
QM 2916,CONJUNTO SILENCIADOR SPF745,SLB,0,00/01/1900,00/01/1900,00/01/1900,0,Entregado,0,,00/01/1900,0,0,00/01/1900,00/01/1900,"No se van a entregar aparentemente, queda p/ stock",0,,,,,,,,,,,,,,,,,,,,,1,,,0,0%,0,
QM 2917,CONJUNTO SILENCIADOR SPF746,SLB,0,00/01/1900,00/01/1900,00/01/1900,0,Próximo a entregar,0,,00/01/1900,0,0,00/01/1900,00/01/1900,"No se van a entregar aparentemente, queda p/ stock",0,,,,,,,,,,,,,,,,,,,,,1,,,0,0%,0,
QM 2918,SILENCIADOR QSK50,TENARIS,0,00/01/1900,15/12/2024,00/01/1900,0,Entregado,0,,00/01/1900,0,0,00/01/1900,21/11/2024,0,0,,,0,0,0,0,0,,0,259,0,0,0,259,0,110,0,0,0,110,1,,-24,0,0%,0,
QM 2919,GRUA TIPO BANDERA 280Kgs MODELO QM-G280 GEN3,0,Agustín Bereilh,00/01/1900,25/04/2025,00/01/1900,0,Entregado,0,,00/01/1900,0,0,00/01/1900,29/04/2025,Entrega con 2853,0,08/04/2025,#¡REF!,0,0,0,0,0,,572,0,245,149,0,965,37,0,5,78,0,120,1,,4,0,0%,0,
QM 2920,GRUA TIPO BANDERA 280Kgs MODELO QM-G280 GEN3,0,Agustín Bereilh,00/01/1900,14/02/2025,00/01/1900,0,Entregado,0,,00/01/1900,0,0,00/01/1900,21/02/2025,Entrega con 2823,0,16/01/2025,21/04/2025,,,,,,,,,,,,,,,,,,,1,,7,0,0%,0,
QM 2921,GRUA TIPO BANDERA 280Kgs MODELO QM-G280 GEN3,0,Agustín Bereilh,00/01/1900,08/02/2025,00/01/1900,0,Entregado,0,,00/01/1900,0,0,00/01/1900,21/02/2025,Entrega con 2822,0,16/01/2025,21/04/2025,,,,,,,,,,,,,,,,,,,1,,13,0,0%,0,
QM 2922,GRUA TIPO BANDERA 280Kgs MODELO QM-G280 GEN3,0,Agustín Bereilh,00/01/1900,25/04/2025,00/01/1900,0,Entregado,0,,00/01/1900,0,0,00/01/1900,02/05/2025,Entrega con 2854,0,16/01/2025,15/05/2025,,,,,,,,,,,,,,,,,,,1,,7,0,0%,0,
QM 2923,GRUA TIPO BANDERA 280Kgs MODELO QM-G280 GEN3,SLB,Agustín Bereilh,00/01/1900,15/02/2025,00/01/1900,0,Entregado,0,,00/01/1900,0,0,00/01/1900,25/02/2025,Venta,0,16/01/2025,15/05/2025,,,,,,,,,,,,,,,,,,,1,,10,0,0%,0,
QM 2924,GRUA TIPO BANDERA 280Kgs MODELO QM-G280 GEN3,0,Agustín Bereilh,00/01/1900,11/04/2025,00/01/1900,0,Entregado,0,,00/01/1900,0,0,00/01/1900,15/04/2025,Entrega con ODS 1343,0,,,,,,,,,,,,,,,,,,,,,1,,4,0,0%,0,
QM 2925,GRUA TIPO BANDERA 280Kgs MODELO QM-G280 GEN3,SLB,Agustín Bereilh,00/01/1900,22/02/2025,00/01/1900,0,Entregado,0,,00/01/1900,0,0,00/01/1900,25/02/2025,Venta,0,,,,,,,,,,,,,,,,,,,,,1,,3,0,0%,0,
QM 2926,GRUA TIPO BANDERA 280Kgs MODELO QM-G280 GEN3,SLB,Agustín Bereilh,00/01/1900,18/04/2025,00/01/1900,0,Entregado,0,,00/01/1900,0,0,00/01/1900,12/06/2025,Entrega con ODS 1342,0,,,,,,,,,,,,,,,,,,,,,1,,55,0,0%,0,
QM 2927,GRUA TIPO BANDERA 280Kgs MODELO QM-G280 GEN3,0,Agustín Bereilh,00/01/1900,04/04/2025,00/01/1900,0,Entregado,0,,00/01/1900,0,0,00/01/1900,11/04/2025,Entrega con 2851,0,,,,,,,,,,,,,,,,,,,,,1,,7,0,0%,0,
QM 2928,GRUA TIPO BANDERA 280Kgs MODELO QM-G280 GEN3,SLB,Agustín Bereilh,00/01/1900,28/03/2025,00/01/1900,0,Entregado,0,,00/01/1900,0,0,00/01/1900,20/05/2025,ODS 1341,0,,,,,,,,,,,,,,,,,,,,,1,,53,0,0%,0,
QM 2929,GRUA TIPO BANDERA 280Kgs MODELO QM-G280 GEN3,SLB,Agustín Bereilh,00/01/1900,01/04/2025,00/01/1900,0,Entregado,0,,00/01/1900,0,0,00/01/1900,12/02/2025,VENTA SLB,0,,,,,,,,,,,,,,,,,,,,,1,,-48,0,0%,0,
QM 2930,GRUA TIPO BANDERA 280Kgs MODELO QM-G280 GEN3,SLB,Agustín Bereilh,00/01/1900,01/04/2025,00/01/1900,0,Entregado,0,,00/01/1900,0,0,00/01/1900,12/02/2025,VENTA SLB,0,,,,,,,,,,,,,,,,,,,,,1,,-48,0,0%,0,
QM 2931,GRUA TIPO BANDERA 280Kgs MODELO QM-G280 GEN3,SLB,Agustín Bereilh,00/01/1900,05/03/2025,00/01/1900,0,Entregado,0,,00/01/1900,0,0,00/01/1900,12/02/2025,VENTA SLB,0,,,,,,,,,,,,,,,,,,,,,1,,-21,0,0%,0,
QM 2932,GRUA TIPO BANDERA 280Kgs MODELO QM-G280 GEN3,SLB,Agustín Bereilh,00/01/1900,15/04/2025,00/01/1900,0,Entregado,0,,00/01/1900,0,0,00/01/1900,12/02/2025,VENTA SLB,0,,,,,,,,,,,,,,,,,,,,,1,,-62,0,0%,0,
QM 2933,GRUA TIPO BANDERA 280Kgs MODELO QM-G280 GEN3,0,Agustín Bereilh,00/01/1900,02/05/2025,00/01/1900,0,Entregado,0,,00/01/1900,0,0,00/01/1900,24/05/2025,Entrega con 2856,0,,,,,,,,,,,,,,,,,,,,,1,,22,0,0%,0,
QM 2934,GRUA TIPO BANDERA 280Kgs MODELO QM-G280 GEN3,0,Agustín Bereilh,00/01/1900,01/05/2025,00/01/1900,0,Entregado,0,,00/01/1900,0,0,00/01/1900,11/03/2025,Entrega con ODS 1340,0,,,,,,,,,,,,,,,,,,,,,1,,-51,0,0%,0,
QM 2935,GRUA TIPO BANDERA 280Kgs MODELO QM-G280 GEN3,0,Agustín Bereilh,00/01/1900,04/04/2025,00/01/1900,0,Entregado,0,,00/01/1900,0,0,00/01/1900,11/04/2025,Entrega con 2852,0,,,,,,,,,,,,,,,,,,,,,1,,7,0,0%,0,
QM 2936,GRUA TIPO BANDERA 280Kgs MODELO QM-G280 GEN3,0,Agustín Bereilh,00/01/1900,02/05/2025,00/01/1900,0,Entregado,0,,00/01/1900,0,0,00/01/1900,19/05/2025,Entrega con 2855,0,,,,,,,,,,,,,,,,,,,,,1,,17,0,0%,0,
QM 2937,GRUA TIPO BANDERA 280Kgs MODELO QM-G280 GEN3,0,Agustín Bereilh,00/01/1900,22/02/2025,00/01/1900,0,Entregado,0,,00/01/1900,0,0,00/01/1900,22/03/2025,Entrega con ODS 1344,0,,,,,,,,,,,,,,,,,,,,,1,,28,0,0%,0,
QM 2938,GRUA TIPO BANDERA 280Kgs MODELO QM-G280 GEN3,0,Agustín Bereilh,00/01/1900,15/05/2025,00/01/1900,0,Entregado,0,,00/01/1900,0,0,00/01/1900,18/06/2025,Entrega con ODS 2755,0,,,,,,,,,,,,,,,,,,,,,1,,34,0,0%,0,
QM 2939,FRAC PUMP 2500 HP-QSK50-TA8091-QWS 2500,ZMC,Facundo Fernández,09/07/2025,09/07/2025,28/4/2025; 09/06/2025; 13/06/2025; 25/06/2025,Cliente no define;Retraso de componentes comex externo,Entregado,0,,02/06/2025,45775,Demora en definición de diseño,24/07/2025,21/08/2025,0,160,,,1120,300,350,600,280,2650,894,186,272,739,311,2402,63,3,5,57,35,162,3,90.6%,115,0,0%,0,
QM 2940,FRAC PUMP 2500 HP-QSK50-TA8091-QWS 2500,CALFRAC,Facundo Fernández,26/09/2025,31/10/2025,28/4/2025; 20/06/2025; 30/06/2025; 15/08/2025; 29/08/2025,Cliente no entrega componentes a tiempo;Retraso de componentes comex externo;Cliente no entrega componentes a tiempo;Demora coordinación de despacho,Entregado,0,,29/08/2025,45821,"Cronograma previo a PO. El cliente se compromete a entregar componentes para cumplir con estas fechas, el cronograma se arma en base a estas condiciones",07/10/2025,14/11/2025,0,160,,,1000,500,250,700,250,2700,834,230,219,982,205,2470,42,19,2,108,24,194,3,91.5%,200,0,0%,0,
QM 2941,FRAC PUMP 2500 HP-QSK50-TA8091-QWS 2500,CALFRAC,Facundo Fernández,27/11/2025,27/11/2025,16/5/2025; 20/06/2025; 30/06/2025; 15/08/2025; 29/08/2025; 18/09/2025; 03/11/2025,Cliente no entrega componentes a tiempo;Cliente no entrega componentes a tiempo;Falta capacidad bahia,Entregado,0,01/12/2025,26/01/2026,27/06/2025; 29/08/2025,"Cronograma previo a PO. El cliente se compromete a entregar componentes para cumplir con estas fechas, el cronograma se arma en base a estas condiciones. Cliente pide equipo con kit dual gas, y componentes demoran 90 días",06/11/2025,10/12/2025,0,160,,,1000,500,250,700,250,2700,833,159,210,756,174,2132,42,16,8,84,9,159,3,78.9%,208,0,0%,0,
QM 2943,FRAC PUMP - CAT 2500 HP TIER IV DGB - CAT TH55 E90 - QWS2500 EXL,TENARIS,Damián Dagraca,08/08/2025,08/08/2025,2/5/2025; 30/05/2025; 25/06/2025; 17/07/2025; 28/07/2025,Demora PO cliente;Retraso de componentes comex externo;Retraso de componentes comex externo,Entregado,0,,02/05/2025,0,0,02/09/2025,17/10/2025,0,120,,,1000,500,250,700,250,2700,1020,243,265,1206,471,3205,105,60,25,121,189,499,3,118.7%,168,0,0%,0,
QM 2944,FRAC PUMP - CAT 2500 HP TIER IV DGB - CAT TH55 E90 - QWS2500 EXL,TENARIS,Damián Dagraca,15/08/2025,15/08/2025,2/5/2025; 30/05/2025; 25/06/2025; 17/07/2025; 28/09/2025,Demora PO cliente;Retraso de componentes comex externo;Retraso de componentes comex externo,Entregado,0,,02/05/2025,0,0,19/08/2025,17/10/2025,0,120,,,1000,500,250,700,250,2700,1013,172,285,1012,393,2874,67,21,23,130,136,377,3,106.5%,168,0,0%,0,
QM 2945,FRAC PUMP - CAT 2500 HP TIER IV DGB - CAT TH55 E90 - QWS2500 EXL,TENARIS,Damián Dagraca,22/08/2025,07/11/2025,16/5/2025; 06/06/2025; 01/07/2025; 23/07/2025; 04/08/2025,Demora PO cliente; Retraso de componentes comex externo; Retraso de componentes comex externo,Entregado,0,,16/05/2025,0,0,30/08/2025,11/11/2025,0,120,,,1000,500,250,700,250,2700,993,169,235,738,346,2480,57,17,1,98,92,265,3,91.9%,179,0,0%,0,
QM 2946,FRAC PUMP - CAT 2500 HP TIER IV DGB - CAT TH55 E90 - QWS2500 EXL,TENARIS,Damián Dagraca,15/08/2025,07/11/2025,16/5/2025; 06/06/2025; 01/07/2025; 23/07/2025; 04/08/2025,Demora PO cliente;Retraso de componentes comex externo;Retraso de componentes comex externo,Entregado,0,,16/05/2025,0,0,27/08/2025,22/10/2025,0,120,,,1000,500,250,700,250,2700,912,165,206,1097,343,2723,51,25,17,189,89,370,3,100.9%,159,0,0%,0,
QM 2947,GRUA TIPO BANDERA 280Kgs MODELO QM-G280 GEN3,SLB,Agustín Bereilh,00/01/1900,30/05/2025,00/01/1900,0,Entregado,0,,30/05/2025,0,0,00/01/1900,24/06/2025,VENTA SLB,0,,,0,0,0,0,0,,1301,0,497,555,0,2353,18,0,21,60,0,99,1,,25,0,0%,0,
QM 2948,GRUA TIPO BANDERA 280Kgs MODELO QM-G280 GEN3,0,Agustín Bereilh,00/01/1900,30/05/2025,00/01/1900,0,Entregado,0,,30/05/2025,0,0,00/01/1900,24/06/2025,VENTA SLB,0,,,,,,,,,,,,,,,,,,,,,1,,25,0,0%,0,
QM 2949,GRUA TIPO BANDERA 280Kgs MODELO QM-G280 GEN3,0,Agustín Bereilh,00/01/1900,30/05/2025,00/01/1900,0,Entregado,0,,30/05/2025,0,0,00/01/1900,24/06/2025,VENTA SLB,0,,,,,,,,,,,,,,,,,,,,,1,,25,0,0%,0,
QM 2950,GRUA TIPO BANDERA 280Kgs MODELO QM-G280 GEN3,SLB,Agustín Bereilh,00/01/1900,30/05/2025,00/01/1900,0,Entregado,0,,30/05/2025,0,0,00/01/1900,24/06/2025,VENTA SLB,0,,,,,,,,,,,,,,,,,,,,,1,,25,0,0%,0,
QM 2951,GRUA TIPO BANDERA 280Kgs MODELO QM-G280 GEN3,SLB,Agustín Bereilh,00/01/1900,30/05/2025,00/01/1900,0,Entregado,0,,30/05/2025,0,0,00/01/1900,24/06/2025,VENTA SLB,0,,,,,,,,,,,,,,,,,,,,,1,,25,0,0%,0,
QM 2952,GRUA TIPO BANDERA 280Kgs MODELO QM-G280 GEN3,0,Agustín Bereilh,00/01/1900,30/05/2025,00/01/1900,0,Entregado,0,,30/05/2025,0,0,00/01/1900,24/06/2025,VENTA SLB,0,,,,,,,,,,,,,,,,,,,,,1,,25,0,0%,0,
QM 2953,GRUA TIPO BANDERA 280Kgs MODELO QM-G280 GEN3,0,Agustín Bereilh,00/01/1900,30/05/2025,00/01/1900,0,Entregado,0,,30/05/2025,0,0,00/01/1900,30/05/2025,VENTA SLB,0,,,,,,,,,,,,,,,,,,,,,1,,0,0,0%,0,
QM 2954,GRUA TIPO BANDERA 280Kgs MODELO QM-G280 GEN3,SLB,Agustín Bereilh,00/01/1900,30/05/2025,00/01/1900,0,Entregado,0,,30/05/2025,0,0,00/01/1900,30/05/2025,VENTA SLB,0,,,,,,,,,,,,,,,,,,,,,1,,0,0,0%,0,
QM 2955,GRUA TIPO BANDERA 280Kgs MODELO QM-G280 GEN3,SLB,Agustín Bereilh,00/01/1900,30/05/2025,00/01/1900,0,Entregado,0,,30/05/2025,0,0,00/01/1900,30/05/2025,VENTA SLB,0,,,,,,,,,,,,,,,,,,,,,1,,0,0,0%,0,
QM 2956,GRUA TIPO BANDERA 280Kgs MODELO QM-G280 GEN3,SLB,Agustín Bereilh,00/01/1900,30/05/2025,00/01/1900,0,Entregado,0,,30/05/2025,0,0,00/01/1900,30/05/2025,VENTA SLB,0,,,,,,,,,,,,,,,,,,,,,1,,0,0,0%,0,
QM 2957,GRUA TIPO BANDERA 280Kgs MODELO QM-G280 GEN3,SLB,Agustín Bereilh,00/01/1900,30/05/2025,00/01/1900,0,Entregado,0,,30/05/2025,0,0,00/01/1900,30/05/2025,VENTA SLB,0,,,,,,,,,,,,,,,,,,,,,1,,0,0,0%,0,
QM 2958,GRUA TIPO BANDERA 280Kgs MODELO QM-G280 GEN3,SLB,Agustín Bereilh,00/01/1900,30/05/2025,00/01/1900,0,Entregado,0,,30/05/2025,0,0,00/01/1900,30/05/2025,VENTA SLB,0,,,,,,,,,,,,,,,,,,,,,1,,0,0,0%,0,
QM 2959,GRUA TIPO BANDERA 280Kgs MODELO QM-G280 GEN3,SLB,Agustín Bereilh,00/01/1900,30/05/2025,00/01/1900,0,Entregado,0,,30/05/2025,0,0,00/01/1900,30/05/2025,VENTA SLB,0,,,,,,,,,,,,,,,,,,,,,1,,0,0,0%,0,
QM 2960,GRUA TIPO BANDERA 280Kgs MODELO QM-G280 GEN3,SLB,Agustín Bereilh,00/01/1900,30/05/2025,00/01/1900,0,Entregado,0,,30/05/2025,0,0,00/01/1900,30/05/2025,VENTA SLB,0,,,,,,,,,,,,,,,,,,,,,1,,0,0,0%,0,
QM 2961,GRUA TIPO BANDERA 280Kgs MODELO QM-G280 GEN3,SLB,Agustín Bereilh,00/01/1900,00/01/1900,00/01/1900,0,Entregado,0,,30/05/2025,0,0,00/01/1900,30/05/2025,VENTA SLB,0,,,,,,,,,,,,,,,,,,,,,1,,,0,0%,0,
QM 2962,GRUA TIPO BANDERA 280Kgs MODELO QM-G280 GEN3,SLB,Agustín Bereilh,00/01/1900,30/05/2025,00/01/1900,0,Entregado,0,,30/05/2025,0,0,00/01/1900,30/05/2025,VENTA SLB,0,,,,,,,,,,,,,,,,,,,,,1,,0,0,0%,0,
QM 2963,GRUA TIPO BANDERA 280Kgs MODELO QM-G280 GEN3,0,Agustín Bereilh,00/01/1900,00/01/1900,00/01/1900,0,Entregado,0,,00/01/1900,0,0,00/01/1900,30/05/2025,Sin Asignar,0,,,,,,,,,,,,,,,,,,,,,1,,,0,0%,0,
QM 2964,GRUA TIPO BANDERA 280Kgs MODELO QM-G280 GEN3,TENARIS,Agustín Bereilh,17/07/2025,22/07/2025,00/01/1900,0,Entregado,0,,30/05/2025,0,0,17/07/2025,17/07/2025,VENTA Tenaris,0,,,,,,,,,,,,,,,,,,,,,1,,-5,0,0%,0,
QM 2965,GRUA TIPO BANDERA 280Kgs MODELO QM-G280 GEN3,TENARIS,Agustín Bereilh,17/07/2025,22/07/2025,00/01/1900,0,Entregado,0,,30/05/2025,0,0,17/07/2025,17/07/2025,VENTA Tenaris,0,,,,,,,,,,,,,,,,,,,,,1,,-5,0,0%,0,
QM 2966,GRUA TIPO BANDERA 280Kgs MODELO QM-G280 GEN3,TENARIS,Agustín Bereilh,17/07/2025,22/07/2025,00/01/1900,0,Entregado,0,,30/05/2025,0,0,17/07/2025,17/07/2025,VENTA Tenaris,0,,,,,,,,,,,,,,,,,,,,,1,,-5,0,0%,0,
QM 2967,GRUA TIPO BANDERA 280Kgs MODELO QM-G280 GEN3,TENARIS,Agustín Bereilh,17/07/2025,22/07/2025,00/01/1900,0,Entregado,0,,30/05/2025,0,0,17/07/2025,17/07/2025,VENTA Tenaris,0,,,,,,,,,,,,,,,,,,,,,1,,-5,0,0%,0,
QM 2968,GRUA TIPO BANDERA 280Kgs MODELO QM-G280 GEN3,TENARIS,Agustín Bereilh,17/07/2025,22/07/2025,00/01/1900,0,Entregado,0,,30/05/2025,0,0,17/07/2025,17/07/2025,VENTA Tenaris,0,08/04/2025,,,,,,,,,,,,,,,,,,,,1,,-5,0,0%,0,
QM 2969,GRUA TIPO BANDERA 280Kgs MODELO QM-G280 GEN3,TENARIS,Agustín Bereilh,17/07/2025,22/07/2025,00/01/1900,0,Entregado,0,,30/05/2025,0,0,17/07/2025,17/07/2025,VENTA Tenaris,0,,,,,,,,,,,,,,,,,,,,,1,,-5,0,0%,0,
QM 2970,GRUA TIPO BANDERA 280Kgs MODELO QM-G280 GEN3,TENARIS,Agustín Bereilh,17/07/2025,22/07/2025,00/01/1900,0,Entregado,0,,30/05/2025,0,0,17/07/2025,17/07/2025,VENTA Tenaris,0,,,,,,,,,,,,,,,,,,,,,1,,-5,0,0%,0,
QM 2971,GRUA TIPO BANDERA 280Kgs MODELO QM-G280 GEN3,TENARIS,Agustín Bereilh,17/07/2025,22/07/2025,00/01/1900,0,Entregado,0,,30/05/2025,0,0,17/07/2025,17/07/2025,VENTA Tenaris,0,08/04/2025,,,,,,,,,,,,,,,,,,,,1,,-5,0,0%,0,
QM 2972,GRUA TIPO BANDERA 280Kgs MODELO QM-G280 GEN3,TENARIS,Agustín Bereilh,00/01/1900,22/07/2025,00/01/1900,0,Entregado,0,,30/05/2025,0,0,00/01/1900,30/05/2025,VENTA Tenaris,0,,,,,,,,,,,,,,,,,,,,,1,,-53,0,0%,0,
QM 2973,GRUA TIPO BANDERA 280Kgs MODELO QM-G280 GEN3,TENARIS,Agustín Bereilh,00/01/1900,22/07/2025,00/01/1900,0,Entregado,0,,30/05/2025,0,0,00/01/1900,30/05/2025,VENTA Tenaris,0,,,,,,,,,,,,,,,,,,,,,1,,-53,0,0%,0,
QM 2974,GRUA TIPO BANDERA 280Kgs MODELO QM-G280 GEN3,0,Agustín Bereilh,00/01/1900,17/07/2025,00/01/1900,0,Entregado,0,,00/01/1900,0,0,00/01/1900,25/06/2025,Venta CWS,0,,,,,,,,,,,,,,,,,,,,,1,,-22,0,0%,0,
QM 2975,GRUA TIPO BANDERA 280Kgs MODELO QM-G280 GEN3,0,Agustín Bereilh,00/01/1900,17/07/2025,00/01/1900,0,Entregado,0,,00/01/1900,0,0,00/01/1900,25/06/2025,Venta CWS,0,,,,,,,,,,,,,,,,,,,,,1,,-22,0,0%,0,
QM 2976,GRUA TIPO BANDERA 280Kgs MODELO QM-G280 GEN3,0,Agustín Bereilh,00/01/1900,23/07/2025,00/01/1900,0,Entregado,0,,00/01/1900,0,0,00/01/1900,25/06/2025,Venta CWS,0,14/04/2025,15/08/2025,,,,,,,,,,,,,,,,,,,1,,-28,0,0%,0,
QM 2977,GRUA TIPO BANDERA 280Kgs MODELO QM-G280 GEN3,0,Agustín Bereilh,00/01/1900,23/07/2025,00/01/1900,0,Entregado,0,,00/01/1900,0,0,00/01/1900,25/06/2025,Venta CWS,0,04/09/2025,15/01/2026,,,,,,,,,,,,,,,,,,,1,,-28,0,0%,0,
QM 2978,GRUA TIPO BANDERA 280Kgs MODELO QM-G280 GEN3,SPI,Agustín Bereilh,00/01/1900,00/01/1900,00/01/1900,0,Entregado,0,,00/01/1900,0,0,00/01/1900,28/05/2025,WTH,0,,,,,,,,,,,,,,,,,,,,,1,,,0,0%,0,
QM 2979,GRUA TIPO BANDERA 280Kgs MODELO QM-G280 GEN3,SPI,Agustín Bereilh,00/01/1900,00/01/1900,00/01/1900,0,Entregado,0,,00/01/1900,0,0,00/01/1900,28/05/2025,WTH,0,,,,,,,,,,,,,,,,,,,,,1,,,0,0%,0,
QM 2980,GRUA TIPO BANDERA 280Kgs MODELO QM-G280 GEN3,SPI,Agustín Bereilh,00/01/1900,00/01/1900,00/01/1900,0,Entregado,0,,00/01/1900,0,0,00/01/1900,28/05/2025,WTH,0,08/04/2025,,,,,,,,,,,,,,,,,,,,1,,,0,0%,0,
QM 2981,GRUA TIPO BANDERA 280Kgs MODELO QM-G280 GEN3,SPI,Agustín Bereilh,00/01/1900,00/01/1900,00/01/1900,0,Entregado,0,,00/01/1900,0,0,00/01/1900,28/05/2025,WTH,0,31/03/2025,21/08/2025,,,,,,,,,,,,,,,,,,,1,,,0,0%,0,
QM 2982,GRUA TIPO BANDERA 280Kgs MODELO QM-G280 GEN3,SPI,Agustín Bereilh,00/01/1900,00/01/1900,00/01/1900,0,Entregado,0,,00/01/1900,0,0,00/01/1900,28/05/2025,WTH,0,31/03/2025,21/08/2025,,,,,,,,,,,,,,,,,,,1,,,0,0%,0,
QM 2983,GRUA TIPO BANDERA 280Kgs MODELO QM-G280 GEN3,QME,Agustín Bereilh,00/01/1900,15/08/2025,00/01/1900,0,Entregado,0,,00/01/1900,0,0,00/01/1900,14/11/2025,QM 2940,0,31/03/2025,04/09/2025,,,,,,,,,,,,,,,,,,,1,,91,0,0%,0,
QM 2984,GRUA TIPO BANDERA 280Kgs MODELO QM-G280 GEN3,QME,Agustín Bereilh,00/01/1900,00/01/1900,00/01/1900,0,Entregado,0,,00/01/1900,0,0,00/01/1900,30/01/2026,QM 2990,0,31/03/2025,04/09/2025,,,,,,,,,,,,,,,,,,,1,,,0,0%,0,
QM 2985,GRUA TIPO BANDERA 280Kgs MODELO QM-G280 GEN3,QME,Agustín Bereilh,00/01/1900,15/08/2025,00/01/1900,0,Entregado,0,,00/01/1900,0,0,00/01/1900,30/05/2025,QM 2942,0,31/03/2025,25/09/2025,,,,,,,,,,,,,,,,,,,1,,-77,0,0%,0,
QM 2986,GRUA TIPO BANDERA 280Kgs MODELO QM-G280 GEN3,QME,Agustín Bereilh,00/01/1900,29/08/2025,00/01/1900,0,Entregado,0,,00/01/1900,0,0,00/01/1900,11/12/2025,QM 2941,0,31/03/2025,25/09/2025,,,,,,,,,,,,,,,,,,,1,,104,0,0%,0,
QM 2987,CEMENT COMBO UNIT,TACKER,Agustín Bereilh,00/01/1900,29/05/2026,08/08/2025,0,Cancelado,0,,31/10/2025,45877,Falta de definición de requerimientos por parte del cliente,00/01/1900,00/01/1900,0,141,31/03/2025,09/10/2025,,,,,,,,,,,,,,,,,,,,,269,0,0%,0,
QM 2988,AIR RECEIVER TANK (VERTICAL) 10Kg/cm2 1000 Lts,QME,0,23/05/2025,23/05/2025,17/02/2025; 16/03/2025,Falta de capacidad en planta,Entregado,0,,17/02/2025,45807,0,23/05/2025,00/01/1900,0,0,31/03/2025,09/10/2025,75,0,18,18,0,111,135,0,0,0,0,135,0,0,0,0,0,,,121.2%,441,0,0%,0,
QM 2989,TUBING REEL 2 3-8,CALFRAC,Facundo Fernández,30/05/2025,30/05/2025,00/01/1900,0,Entregado,0,,30/05/2025,45807,0,29/06/2025,24/06/2025,0,102,31/03/2025,30/10/2025,1300,0,250,250,0,1800,1090,0,171,183,0,1443,0,0,18,22,0,40,,80.2%,25,0,0%,0,
QM 2990,FRAC PUMP 2500 HP-QSK50-TA8091-QWS 2500,CALFRAC,Facundo Fernández,30/01/2026,30/01/2026,6/6/2025; 25/07/2025; 01/08/2025; 29/08/2025; 05/09/2025; 23/09/2025; 10/10/2025; 15/10/2025; 26/01/2026,Retraso de componentes comex externo;Retraso de componentes comex externo;Cliente no entrega componentes a tiempo;Demora en inoxidable;Cambios de diseño cliente;Retraso de componentes proveedor,Entregado,0,,26/01/2026,11/07/2025; 29/08/2025,"Cronograma previo a PO. El cliente se compromete a entregar componentes para cumplir con estas fechas, el cronograma se arma en base a estas condiciones. Cliente pide equipo con kit dual gas, y componentes demoran 90 días",30/01/2026,30/01/2026,"Se van sin kit de gas, se tiene que instalar allá",160,31/03/2025,30/10/2025,1000,500,250,700,250,2700,666,115,178,716,150,1824,31,8,17,131,8,195,3,67.5%,238,0,0%,0,
QM 2991,FRAC PUMP 2500 HP-QSK50-TA8091-QWS 2500,CALFRAC,Facundo Fernández,20/11/2025,27/11/2025,6/6/2025; 25/07/2025; 15/08/2025; 05/09/2025; 26/09/2025; 08/10/2025; 24/10/2025; 17/11/2025,Cliente no entrega componentes a tiempo;Cliente no entrega componentes a tiempo;Cliente no entrega componentes a tiempo;Cambios de diseño cliente;Retraso de componentes compras;Falta capacidad bahia,Entregado,0,19/11/2025,26/09/2025,45863,El cliente iba a proveer motores y finalmente no. Se compraron tarde,06/12/2025,10/12/2025,0,160,31/03/2025,06/11/2025,1000,500,250,700,250,2700,721,161,145,731,168,1925,2,75,20,57,15,169,3,71.3%,187,0,0%,0,
QM 2992,FRAC PUMP 2500 HP-QSK50-TA8091-QWS 2500,CALFRAC,Facundo Fernández,20/11/2025,27/11/2025,20/6/2025; 15/08/2025; 05/09/2025; 26/09/2025; 08/10/2025; 24/10/2025; 17/11/2025,Cliente no entrega componentes a tiempo;Cliente no entrega componentes a tiempo;Cliente no entrega componentes a tiempo;Cambios de diseño cliente;Retraso de componentes compras;Falta capacidad bahia,Entregado,0,11/12/2025,26/09/2025,45863,El cliente iba a proveer motores y finalmente no. Se compraron tarde,11/12/2025,11/12/2025,0,160,31/03/2025,06/11/2025,1000,500,250,700,250,2700,699,127,131,635,167,1759,5,21,17,45,11,99,3,65.1%,174,0,0%,0,
QM 2993,FRAC PUMP 2500 HP-QSK50-TA8091-QWS 2500,CALFRAC,Facundo Fernández,30/01/2026,30/01/2026,20/6/2025; 15/08/2025; 22/08/2025; 12/09/2025; 06/10/2025; 24/10/2025; 31/10/2025; 26/01/2026,Cliente no entrega componentes a tiempo;Cliente no entrega componentes a tiempo;Cliente no entrega componentes a tiempo;Cambios de diseño cliente;Retraso de componentes compras;Retraso de componentes proveedor,Entregado,0,27/10/2025,06/10/2025,45884,El cliente iba a proveer motores y finalmente no. Se compraron tarde,30/01/2026,30/01/2026,Entregado sin kit,160,31/03/2025,30/10/2025,1000,500,250,700,250,2700,650,128,127,596,117,1617,13,27,8,56,0,103,3,59.9%,224,0,0%,0,
QM 2994,SKID DI16 + STAMFORD HCI5F,SCANIA,0,13/03/2025,13/03/2025,12/03/2025,0,Entregado,0,,14/03/2025,0,0,13/03/2025,14/03/2025,"Se va a hacer CyP en QM, el resto tercerizado",0,31/03/2025,30/10/2025,,,,,,,,,,,,,,,,,,,,,2,0,0%,0,
QM 2995,SKID DI16 + STAMFORD HCI5F,SCANIA,0,13/03/2025,13/03/2025,12/03/2025,0,Entregado,0,,14/03/2025,0,0,13/03/2025,14/03/2025,"Se va a hacer CyP en QM, el resto tercerizado",0,31/03/2025,11/12/2025,,,,,,,,,,,,,,,,,,,,,2,0,0%,0,
QM 2996,LARGE BORE 7-1_16,TENARIS,Agustín Bereilh,18/11/2025,26/11/2025,18/11/2025,Coordinación de despachos,Entregado,0,01/11/2025,18/11/2025,45898,Entrega tardía de críticos,19/11/2025,26/11/2025,1° entrega: 05/11 2° entrega: 12/11,156,31/03/2025,11/12/2025,1800,0,300,1100,100,3300,1221,20,343,599,171,2353,0,0,35,85,23,143,2,71.3%,8,0,0%,0,
QM 2997,LARGE BORE 7-1_16,TENARIS,Agustín Bereilh,13/03/2026,17/04/2026,16/2/2026; 10/03/2026; 30/03/2026,Cambios de diseño cliente;Cliente no define,Entregado,0,,31/03/2026,46069,Cambios de diseño cliente,14/04/2026,17/04/2026,0,156,31/03/2025,25/12/2025,1800,0,300,1100,100,3300,1274,12,316,397,200,2199,16,0,81,36,48,181,2,66.6%,60,0,0%,0,
QM 2998,DST TRAILER MOUNTED,TENARIS,Agustín Bereilh,26/09/2025,26/09/2025,29/8/2025; 12/09/2025,0,Entregado,0,22/09/2025,28/09/2025,0,0,28/09/2025,28/09/2025,0,193,31/03/2025,25/12/2025,1700,550,350,1200,650,4450,1086,569,261,1606,932,4454,28,33,27,309,254,650,,100.1%,30,0,0%,0,
QM 2999,DST TRAILER MOUNTED,TENARIS,Agustín Bereilh,30/03/2026,24/04/2026,13/3/2026; 30/03/2026; 06/04/2026,Cliente retrasa prueba;Cliente retrasa prueba;Cliente retrasa prueba,Próximo a entregar,Testeo,,27/03/2026,0,0,00/01/1900,00/01/1900,0,193,31/03/2025,15/01/2026,1700,550,350,1200,650,4450,1195,339,183,1289,684,3689,208,20,28,201,137,593,,82.9%,52,0.411979608,0%,0.082395922,
QM 3000,PROMETHEUS USA,QME,Facundo Fernández,17/12/2025,17/12/2025,15/8/2025; 19/09/2025; 22/10/2025; 24/11/2025; 01/12/2025,Retraso de componentes comex externo;Cambia cliente;Limpieza en planta;Falta capacidad bahia,Entregado,0,17/11/2025,22/10/2025,15/8/2025; 19/9/2025,Cambios en cliente,17/12/2025,17/12/2025,0,136,31/03/2025,15/01/2026,1000,500,250,700,250,2700,976,87,188,1162,387,2798,14,10,10,279,139,452,4,103.6%,124,0,0%,0,
QM 3001,BAHIA DE TESTEO,TENARIS,0,00/01/1900,00/01/1900,00/01/1900,0,Stand by,0,,00/01/1900,0,0,00/01/1900,00/01/1900,0,0,31/03/2025,22/01/2026,,,,,,,,,,,,,,,,,,,,,,0,0%,0,
QM 3002,FRAC PUMP 2500 HP-QSK50-TA8091-QWS 2500,CALFRAC,Facundo Fernández,02/03/2026,05/03/2026,15/8/2025; 22/08/2025; 12/09/2025; 06/10/2025; 24/10/2025; 26/01/2026; 26/01/2026; 13/02/2026; 27/02/2026,Cliente no entrega componentes a tiempo;Cliente no entrega componentes a tiempo;Cliente no entrega componentes a tiempo;Cambios de diseño cliente;Retraso de componentes compras;Falta de capacidad;Retraso de componentes proveedor;Error de componente,Entregado,0,,06/10/2025,45884,El cliente iba a proveer motores y finalmente no. Se compraron tarde,00/01/1900,05/03/2026,0,160,31/03/2025,22/01/2026,1000,500,250,700,250,2700,793,131,153,730,157,1964,51,26,27,60,5,168,3,72.7%,202,0,0%,0,
QM 3003,FRAC PUMP - CAT 2500 HP TIER IV DGB - CAT TH55 E90 - QWS2500 EXL,TENARIS,Santiago Lenzi,24/09/2025,14/11/2025,1/8/2025; 29/08/2025; 10/09/2025; 23/09/2025,Cliente no entrega componentes a tiempo;Retraso de componentes comex interno,Entregado,0,,29/08/2025,45870,*Ver si registro la fecha de entrega cliente como reprogramación o como primera fecha,01/10/2025,07/11/2025,0,120,31/03/2025,05/02/2026,1000,500,250,700,250,2700,813,76,144,883,319,2234,67,5,20,169,72,332,3,82.7%,98,0,0%,0,
QM 3004,FRAC PUMP - CAT 2500 HP TIER IV DGB - CAT TH55 E90 - QWS2500 EXL,TENARIS,Santiago Lenzi,25/09/2025,14/11/2025,1/8/2025; 29/08/2025; 10/09/2025; 23/09/2025,Cliente no entrega componentes a tiempo;Retraso de componentes comex interno,Entregado,0,,29/08/2025,45870,0,01/10/2025,07/11/2025,0,120,31/03/2025,05/02/2026,1000,500,250,700,250,2700,822,47,140,842,285,2136,37,1,16,116,38,208,3,79.1%,98,0,0%,0,
QM 3005,FRAC PUMP - CAT 2500 HP TIER IV DGB - CAT TH55 E90 - QWS2500 EXL,TENARIS,Santiago Lenzi,24/11/2025,24/11/2025,01/08/2025; 11/09/2025; 23/09/2025; 1/10/2025; 17/11/2025,Cliente no entrega componentes a tiempo;Retraso de componentes comex interno;Cliente retrasa prueba;Cliente retrasa prueba,Entregado,0,10/11/2025,17/11/2025,1/8/2025; 11/09/2025,Cliente no tiene disponibilidad para probar en bahia,09/10/2025,18/11/2025,0,120,31/03/2025,19/02/2026,1000,500,250,700,250,2700,800,60,163,880,296,2198,41,8,32,125,44,250,3,81.4%,109,0,0%,0,
QM 3006,FRAC PUMP - CAT 2500 HP TIER IV DGB - CAT TH55 E90 - QWS2500 EXL,TENARIS,Santiago Lenzi,24/11/2025,24/11/2025,01/08/2025; 11/09/2025; 23/09/2025; 1/10/2025; 17/11/2025,Cliente no entrega componentes a tiempo;Retraso de componentes comex interno;Cliente retrasa prueba;Cliente retrasa prueba,Entregado,0,11/11/2025,17/11/2025,1/8/2025; 11/09/2025,Cliente no tiene disponibilidad para probar en bahia,09/10/2025,25/11/2025,0,120,31/03/2025,19/02/2026,1000,500,250,700,250,2700,752,50,160,939,273,2174,43,0,32,108,24,206,3,80.5%,116,0,0%,0,
QM 3007,FRAC PUMP - CAT 2500 HP TIER IV DGB - CAT TH55 E90 - QWS2500 EXL,TENARIS,Santiago Lenzi,24/11/2025,24/11/2025,01/09/2025; 25/09/2025; 14/10/2025; 17/11/2025,Retraso de componentes compras;Retraso de equipos anteriores;Cliente retrasa prueba;Cliente retrasa prueba,Entregado,0,12/11/2025,17/11/2025,1/9/2025; 25/09/2025,Cliente no tiene disponibilidad para probar en bahia,18/11/2025,29/12/2025,0,120,31/03/2025,26/02/2026,1000,500,250,700,250,2700,808,44,171,796,263,2082,5,0,20,85,20,130,3,77.1%,119,0,0%,0,
QM 3008,FRAC PUMP - CAT 2500 HP TIER IV DGB - CAT TH55 E90 - QWS2500 EXL,TENARIS,Santiago Lenzi,24/11/2025,24/11/2025,01/09/2025; 25/09/2025; 14/10/2025; 17/11/2025,Retraso de componentes compras;Retraso de equipos anteriores;Cliente retrasa prueba;Cliente retrasa prueba,Entregado,0,13/11/2025,17/11/2025,1/9/2025; 25/09/2025,Cliente no tiene disponibilidad para probar en bahia,18/11/2025,29/12/2025,0,120,31/03/2025,26/02/2026,1000,500,250,700,250,2700,754,45,159,698,258,1914,1,0,18,84,22,125,3,70.9%,119,0,0%,0,
QM 3009,FRAC PUMP - CAT 2500 HP TIER IV DGB - CAT TH55 E90 - QWS2500 EXL,TENARIS,Santiago Lenzi,24/11/2025,24/11/2025,1/9/2025; 09/10/2025; 14/10/2025; 21/11/2025,Retraso de equipos anteriores;Cliente retrasa prueba,Entregado,0,30/10/2025,09/10/2025,45901,0,19/11/2025,09/01/2026,0,120,,,1000,500,250,700,250,2700,764,41,147,751,247,1949,9,0,19,55,21,104,3,72.2%,130,0,0%,0,
QM 3010,FRAC PUMP - CAT 2500 HP TIER IV DGB - CAT TH55 E90 - QWS2500 EXL,TENARIS,Santiago Lenzi,24/11/2025,24/11/2025,1/9/2025; 09/10/2025; 14/10/2025; 21/11/2025,Retraso de equipos anteriores;Cliente retrasa prueba,Entregado,0,31/10/2025,09/10/2025,45901,0,19/11/2025,13/01/2026,0,120,,,1000,500,250,700,250,2700,755,48,149,808,257,2017,13,1,14,68,31,127,3,74.7%,134,0,0%,0,
QM 3011,FRAC PUMP - CAT 2500 HP TIER IV DGB - CAT TH55 E90 - QWS2500 EXL,TENARIS,Santiago Lenzi,13/01/2026,13/01/2026,01/10/2025; 16/10/2025; 21/11/2025; 05/12/2025,Retraso de equipos anteriores;Cliente retrasa prueba;Falta capacidad bahia,Entregado,0,06/11/2025,16/10/2025,45931,0,24/11/2025,23/01/2026,0,120,,,1000,500,250,700,250,2700,837,62,164,825,243,2130,10,4,13,98,19,143,3,78.9%,114,0,0%,0,
QM 3012,FRAC PUMP - CAT 2500 HP TIER IV DGB - CAT TH55 E90 - QWS2500 EXL,TENARIS,Santiago Lenzi,09/01/2026,09/01/2026,01/10/2025; 16/10/2025; 21/11/2025; 05/12/2025,Retraso de equipos anteriores;Cliente retrasa prueba;Falta capacidad bahia,Entregado,0,07/11/2025,16/10/2025,45931,0,24/11/2025,26/01/2026,0,120,,,1000,500,250,700,250,2700,809,43,154,722,269,1996,12,7,12,69,31,130,3,73.9%,117,0,0%,0,
QM 3013,FRAC PUMP - CAT 2500 HP TIER IV DGB - CAT TH55 E90 - QWS2500 EXL,TENARIS,Santiago Lenzi,09/01/2026,09/01/2026,01/10/2025; 30/10/2025; 28/11/2025; 05/12/2025,Retraso de equipos anteriores;Cliente retrasa prueba;Falta capacidad bahia,Entregado,0,,30/10/2025,45931,0,09/12/2025,28/01/2026,0,120,,,1000,500,250,700,250,2700,870,34,163,784,253,2103,18,4,14,69,27,131,3,77.9%,119,0,0%,0,
QM 3014,FRAC PUMP - CAT 2500 HP TIER IV DGB - CAT TH55 E90 - QWS2500 EXL,TENARIS,Santiago Lenzi,30/01/2026,27/02/2026,01/10/2025; 30/10/2025; 28/11/2025; 05/12/2025; 30/01/2026; 10/02/2026,Retraso de equipos anteriores;Cliente retrasa prueba;Falta capacidad bahia;Rotura de componentes;Rotura de componentes;Falta de capacidad,Entregado,0,,30/10/2025,45931,0,23/02/2026,09/03/2026,0,120,,,1000,500,250,700,250,2700,828,35,190,1061,257,2370,24,3,30,280,26,362,3,87.8%,159,0,0%,0,
QM 3015,FRAC PUMP - CAT 2500 HP TIER IV DGB - CAT TH55 E90 - QWS2500 EXL,TENARIS,Santiago Lenzi,14/01/2026,27/02/2026,01/11/2025; 13/11/2025; 05/12/2025; 05/12/2025; 19/01/2026,Retraso de equipos anteriores;Cliente retrasa prueba;Falta capacidad bahia;Cliente retrasa prueba,Entregado,0,,13/11/2025,45962,0,18/02/2026,02/03/2026,0,120,,,1000,500,250,700,250,2700,871,35,149,826,262,2143,19,0,20,60,38,137,3,79.4%,121,0,0%,0,
QM 3016,FRAC PUMP - CAT 2500 HP TIER IV DGB - CAT TH55 E90 - QWS2500 EXL,TENARIS,Santiago Lenzi,15/01/2026,04/03/2026,01/11/2025; 13/11/2025; 05/12/2025; 05/12/2025; 20/01/2026,Retraso de equipos anteriores;Cliente retrasa prueba;Falta capacidad bahia;Cliente retrasa prueba,Entregado,0,,13/11/2025,45962,0,18/02/2026,02/03/2026,0,120,,,1000,500,250,700,250,2700,793,35,159,721,252,1960,10,0,20,63,24,116,3,72.6%,121,0,0%,0,
QM 3017,FRAC PUMP - CAT 2500 HP TIER IV DGB - CAT TH55 E90 - QWS2500 EXL,TENARIS,Santiago Lenzi,16/01/2026,04/03/2026,01/11/2025; 27/11/2025; 15/12/2025; 05/01/2026,Retraso de equipos anteriores;Retraso de equipos anteriores;Falta capacidad bahia;Cliente retrasa prueba,Entregado,0,,27/11/2025,45962,0,18/02/2026,05/03/2026,0,120,,,1000,500,250,700,250,2700,873,33,164,758,255,2082,38,1,32,34,23,127,3,77.1%,124,0,0%,0,
QM 3018,FRAC PUMP - CAT 2500 HP TIER IV DGB - CAT TH55 E90 - QWS2500 EXL,TENARIS,Santiago Lenzi,19/01/2026,06/03/2026,01/11/2025; 27/11/2025; 15/12/2025; 05/01/2026,Retraso de equipos anteriores;Retraso de equipos anteriores;Falta capacidad bahia;Cliente retrasa prueba,Entregado,0,,27/11/2025,45962,0,18/02/2026,05/03/2026,0,120,,,1000,500,250,700,250,2700,845,63,165,743,247,2062,23,4,37,49,16,129,3,76.4%,124,0,0%,0,
QM 3019,FRAC PUMP - CAT 2500 HP TIER IV DGB - CAT TH55 E90 - QWS2500 EXL,TENARIS,Santiago Lenzi,21/01/2026,27/03/2026,01/12/2025; 11/12/2025; 22/12/2025; 12/01/2026; 21/01/2026; 06/03/2026,Retraso de equipos anteriores;Retraso de equipos anteriores;Falta de capacidad;Cliente retrasa prueba;Retraso de equipos anteriores,Entregado,0,,11/12/2025,45992,0,23/02/2026,30/03/2026,0,120,,,1000,500,250,700,250,2700,707,102,154,735,255,1953,19,20,32,53,17,140,3,72.3%,119,0,0%,0,
QM 3020,FRAC PUMP - CAT 2500 HP TIER IV DGB - CAT TH55 E90 - QWS2500 EXL,TENARIS,Santiago Lenzi,07/03/2026,20/04/2026,01/12/2025; 11/12/2025; 22/12/2025; 06/02/2026; 07/03/2026; 30/03/2026,Retraso de equipos anteriores;Retraso de equipos anteriores;Falta de capacidad;Retraso de equipos anteriores;Cliente retrasa prueba,Entregado,0,,11/12/2025,45992,0,26/03/2026,16/04/2026,0,120,,,1000,500,250,700,250,2700,701,108,168,817,253,2048,14,25,23,86,18,166,3,75.8%,136,0,0%,0,
QM 3021,FRAC PUMP - CAT 2500 HP TIER IV DGB - CAT TH55 E90 - QWS2500 EXL,TENARIS,Santiago Lenzi,22/01/2026,13/04/2026,1/12/2025; 29/12/2025; 12/01/2026; 22/01/2026; 27/02/2026,Retraso de equipos anteriores;Retraso de equipos anteriores;Falta de capacidad;Cliente retrasa prueba;Retraso de equipos anteriores,Entregado,0,,29/12/2025,45992,0,27/02/2026,10/04/2026,0,120,,,1000,500,250,700,250,2700,834,107,147,808,243,2139,9,18,30,31,14,102,3,79.2%,130,0,0%,0,
QM 3022,FRAC PUMP - CAT 2500 HP TIER IV DGB - CAT TH55 E90 - QWS2500 EXL,TENARIS,Santiago Lenzi,30/01/2026,20/04/2026,1/12/2025; 29/12/2025; 23/01/2026; 02/02/2026; 27/02/2026; 13/03/2026,Retraso de equipos anteriores;Retraso de equipos anteriores;Falta de capacidad;Falta de capacidad;Retraso de equipos anteriores;Cliente retrasa prueba,Entregado,0,,29/12/2025,45992,0,27/02/2026,15/04/2026,0,120,,,1000,500,250,700,250,2700,852,129,152,734,255,2122,9,21,25,56,23,133,3,78.6%,135,0,0%,0,
QM 3023,FRAC PUMP - CAT 2500 HP TIER IV DGB - CAT TH55 E90 - QWS2500 EXL,TENARIS,Santiago Lenzi,30/01/2026,24/04/2026,1/1/2026; 08/01/2026; 23/01/2026; 02/02/2026; 27/02/2026; 18/03/2026,Retraso de equipos anteriores;Retraso de equipos anteriores;Falta de capacidad;Falta de capacidad;Retraso de equipos anteriores;Cliente retrasa prueba,Entregado,0,,08/01/2026,46023,0,27/02/2026,27/04/2026,0,120,,,1000,500,250,700,250,2700,867,122,151,614,248,2002,17,20,21,51,14,123,3,74.1%,116,0,0%,0,
QM 3024,FRAC PUMP - CAT 2500 HP TIER IV DGB - CAT TH55 E90 - QWS2500 EXL,TENARIS,Santiago Lenzi,06/02/2026,24/04/2026,1/1/2026; 08/01/2026; 30/01/2026; 06/02/2026; 04/03/2026; 30/03/2026,Retraso de equipos anteriores;Retraso de equipos anteriores;Falta de capacidad;Falta de capacidad;Cliente retrasa prueba;Cliente retrasa prueba,Entregado,0,,08/01/2026,46023,0,23/03/2026,30/04/2026,0,120,,,1000,500,250,700,250,2700,812,84,138,764,243,2040,11,3,16,83,19,131,3,75.6%,119,0,0%,0,
QM 3025,FRAC PUMP - CAT 2500 HP TIER IV DGB - CAT TH55 E90 - QWS2500 EXL,TENARIS,Santiago Lenzi,13/02/2026,24/04/2026,1/1/2026; 15/01/2026; 30/01/2026; 06/03/2026; 30/03/2026,Retraso de equipos anteriores;Retraso de equipos anteriores;Falta de capacidad;Cliente retrasa prueba;Cliente retrasa prueba,Entregado,Entregado,,15/01/2026,46023,0,25/03/2026,02/05/2026,0,120,,,1000,500,250,700,250,2700,796,135,147,860,235,2172,10,1,16,84,12,121,3,80.5%,121,0,0%,0,
QM 3026,FRAC PUMP - CAT 2500 HP TIER IV DGB - CAT TH55 E90 - QWS2500 EXL,TENARIS,Santiago Lenzi,13/02/2026,08/05/2026,1/1/2026; 15/01/2026; 06/02/2026; 08/03/2026; 30/03/2026; 01/05/2026,Retraso de equipos anteriores;Retraso de equipos anteriores;Falta de capacidad;Cliente retrasa prueba;Cliente retrasa prueba;Cliente no retira equipo,Próximo a entregar,Entregado,,15/01/2026,46023,0,31/03/2026,00/01/1900,0,120,,,1000,500,250,700,250,2700,874,86,153,726,237,2075,9,7,22,98,12,147,3,76.8%,123,0.288625357,0%,0.18941039,
QM 3027,FRAC PUMP - CAT 2500 HP TIER IV DGB - CAT TH55 E90 - QWS2500 EXL,TENARIS,Santiago Lenzi,17/04/2026,08/05/2026,1/2/2026; 22/01/2026; 13/02/2026; 13/03/2026; 01/04/2026; 01/05/2026,Retraso de equipos anteriores;Retraso de equipos anteriores;Falta de capacidad;Cliente retrasa prueba;Cliente retrasa prueba;Cliente no retira equipo,Próximo a entregar,Entregado,,22/01/2026,46054,0,31/03/2026,00/01/1900,0,120,,,1000,500,250,700,250,2700,958,97,150,986,240,2430,8,12,22,136,12,189,3,90.0%,92,0.288625357,0%,0.18941039,
QM 3028,FRAC PUMP - CAT 2500 HP TIER IV DGB - CAT TH55 E90 - QWS2500 EXL,TENARIS,Santiago Lenzi,17/04/2026,08/05/2026,1/2/2026; 22/01/2026; 13/02/2026; 14/03/2026; 01/04/2026; 01/05/2026,Retraso de equipos anteriores;Retraso de equipos anteriores;Falta de capacidad;Cliente retrasa prueba;Cliente retrasa prueba;Cliente no retira equipo,Próximo a entregar,Entregado,,22/01/2026,46054,0,17/04/2026,00/01/1900,0,120,,,1000,500,250,700,250,2700,851,101,157,792,239,2140,10,17,27,103,12,168,3,79.3%,92,0.288625357,0%,0.18941039,
QM 3029,FRAC PUMP - CAT 2500 HP TIER IV DGB - CAT TH55 E90 - QWS2500 EXL,TENARIS,Santiago Lenzi,17/04/2026,15/05/2026,1/2/2026; 29/01/2026; 20/02/2026; 20/03/2026; 01/04/2026; 07/05/2026,Retraso de equipos anteriores;Retraso de equipos anteriores;Falta de capacidad;Cliente retrasa prueba;Cliente retrasa prueba;Cliente no retira equipo,Próximo a entregar,Entregado,,29/01/2026,46054,0,23/04/2026,00/01/1900,0,120,,,1000,500,250,700,250,2700,845,139,181,754,255,2173,17,41,21,98,10,186,3,80.5%,92,0.288625357,0%,0.18941039,
QM 3030,FRAC PUMP - CAT 2500 HP TIER IV DGB - CAT TH55 E90 - QWS2500 EXL,TENARIS,Santiago Lenzi,07/05/2026,15/05/2026,1/2/2026; 29/01/2026; 20/02/2026; 25/03/2026; 01/04/2026; 07/05/2026,Retraso de equipos anteriores;Retraso de equipos anteriores;Falta de capacidad;Cliente no entrega componentes a tiempo;Cliente no retira equipo,Montaje,Testeo,,29/01/2026,46054,0,00/01/1900,00/01/1900,0,120,,,1000,500,250,700,250,2700,820,118,187,368,232,1725,18,25,32,82,19,175,3,63.9%,92,0.41489895,0%,0.18941039,
QM 3031,CONJUNTO SILENCIADOR SPF743,SLB,0,09/05/2025,09/05/2025,00/01/1900,0,Entregado,0,,09/05/2025,0,0,13/05/2025,13/05/2025,0,0,,,0,0,0,0,0,,0,56,0,86,0,142,0,0,0,14,0,14,1,,4,0,0%,0,
QM 3032,CONJUNTO SILENCIADOR SPF743,SLB,0,09/05/2025,09/05/2025,00/01/1900,0,Entregado,0,,09/05/2025,0,0,13/05/2025,13/05/2025,0,0,,,,,,,,,,,,,,,,,,,,,1,,4,0,0%,0,
QM 3033,CONJUNTO SILENCIADOR SPF743,SLB,0,09/05/2025,09/05/2025,00/01/1900,0,Entregado,0,,09/05/2025,0,0,13/05/2025,13/05/2025,0,0,,,,,,,,,,,,,,,,,,,,,1,,4,0,0%,0,
QM 3034,QM-6104 - PUMP CONTROL MODULE,QME,Federico Donatini,05/12/2025,05/12/2025,00/01/1900,Con QM 3000,Entregado,0,,02/10/2025,0,0,13/02/2026,13/02/2026,Entrega con 2da vuelta del 2824,0,,,0,0,0,0,0,,0,0,2,0,55,56,0,0,0,0,4,4,1,,70,0,0%,0,
QM 3035,QM-6104 - PUMP CONTROL MODULE,QME,Agustín Bereilh,05/12/2025,05/12/2025,00/01/1900,0,Stand by,Próximo a entregar,,10/10/2025,0,0,00/01/1900,00/01/1900,Entrega con 4to y 5to frac tenaris,0,,,0,0,0,0,0,,0,0,3,0,4,7,0,0,0,0,0,,1,,150,0.450545667,0%,0.173286795,
QM 3036,WET SAND BLENDER,SLB,Federico Donatini,31/07/2025,31/07/2025,00/01/1900,0,Entregado,0,,00/01/1900,0,0,12/08/2025,22/08/2025,0,39,,,150,350,46,200,50,796,96,184,12,160,58,509,0,9,0,0,13,22,5,64.0%,22,0,0%,0,
QM 3037,GRUA TIPO BANDERA 280Kgs MODELO QM-G280 GEN3,QME,Agustín Bereilh,00/01/1900,00/01/1900,00/01/1900,0,Entregado,0,,00/01/1900,0,0,00/01/1900,10/12/2025,Con QM 2991,0,,,,,,,,,,,,,,,,,,,,,1,,,0,0%,0,
QM 3038,GRUA TIPO BANDERA 280Kgs MODELO QM-G280 GEN3,QME,Agustín Bereilh,00/01/1900,00/01/1900,00/01/1900,0,Entregado,0,,00/01/1900,0,0,00/01/1900,10/12/2025,Con QM 2992,0,,,,,,,,,,,,,,,,,,,,,1,,,0,0%,0,
QM 3039,GRUA TIPO BANDERA 280Kgs MODELO QM-G280 GEN3,CALFRAC,Agustín Bereilh,00/01/1900,00/01/1900,00/01/1900,Entrega con QM 2993,Entregado,0,,00/01/1900,0,0,00/01/1900,30/01/2026,Entrega con QM 2993,0,,,,,,,,,,,,,,,,,,,,,1,,,0,0%,0,
QM 3040,GRUA TIPO BANDERA 280Kgs MODELO QM-G280 GEN3,CALFRAC,Agustín Bereilh,27/02/2026,27/02/2026,00/01/1900,Entrega con QM 3002,Entregado,0,,00/01/1900,0,0,00/01/1900,05/03/2026,Entrega con QM 3002,0,,,,,,,,,,,,,,,,,,,,,1,,6,0,0%,0,
QM 3041,GRUA TIPO BANDERA 280Kgs MODELO QM-G280 GEN3,SPI,Agustín Bereilh,20/02/2026,06/03/2026,00/01/1900,Entrega con QM 3112,Entregado,0,,00/01/1900,0,0,00/01/1900,03/03/2026,Entrega con QM 3112,0,,,,,,,,,,,,,,,,,,,,,1,,-3,0,0%,0,
QM 3042,GRUA TIPO BANDERA 280Kgs MODELO QM-G280 GEN3,SPI,Agustín Bereilh,20/02/2026,27/02/2026,00/01/1900,Entrega con QM 3113,Entregado,0,,00/01/1900,0,0,00/01/1900,07/03/2026,Entrega con QM 3113,0,,,,,,,,,,,,,,,,,,,,,1,,8,0,0%,0,
QM 3043,GRUA TIPO BANDERA 280Kgs MODELO QM-G280 GEN3,SPI,Agustín Bereilh,20/02/2026,11/03/2026,00/01/1900,Entrega con QM 3114,Entregado,0,,00/01/1900,0,0,00/01/1900,09/03/2026,Entrega con QM 3114,0,,,,,,,,,,,,,,,,,,,,,1,,-2,0,0%,0,
QM 3044,GRUA TIPO BANDERA 280Kgs MODELO QM-G280 GEN3,SPI,Agustín Bereilh,13/03/2026,13/03/2026,00/01/1900,Entrega con QM 3115,Entregado,0,,00/01/1900,0,0,00/01/1900,11/04/2026,Entrega con QM 3115,0,,,,,,,,,,,,,,,,,,,,,1,,29,0,0%,0,
QM 3045,GRUA TIPO BANDERA 280Kgs MODELO QM-G280 GEN3,SPI,Agustín Bereilh,13/03/2026,13/03/2026,00/01/1900,Entrega con QM 3116,Entregado,0,,00/01/1900,0,0,00/01/1900,21/04/2026,Entrega con QM 3116,0,,,,,,,,,,,,,,,,,,,,,1,,39,0,0%,0,
QM 3046,GRUA TIPO BANDERA 280Kgs MODELO QM-G280 GEN3,SPI,Agustín Bereilh,13/03/2026,13/03/2026,00/01/1900,Entrega con QM 3117,Entregado,0,,00/01/1900,0,0,00/01/1900,30/04/2026,Entrega con QM 3117,0,,,,,,,,,,,,,,,,,,,,,1,,48,0,0%,0,
QM 3047,GRUA TIPO BANDERA 280Kgs MODELO QM-G280 GEN3,QME,Agustín Bereilh,00/01/1900,00/01/1900,00/01/1900,Entrega con QM 3000,Entregado,0,,00/01/1900,0,0,00/01/1900,17/12/2025,Entrega con QM 3000,0,,,,,,,,,,,,,,,,,,,,,1,,,0,0%,0,
QM 3048,GRUA TIPO BANDERA 280Kgs MODELO QM-G280 GEN3,QME,Agustín Bereilh,24/04/2026,24/04/2026,00/01/1900,Entrega con QM 3119,Pintura,Montaje,,00/01/1900,0,0,00/01/1900,00/01/1900,Entrega con QM 3119,0,25/06/2025,30/09/2025,,,,,,,,,,,,,,,,,,,1,,10,0.083754556,0%,0.012316846,
QM 3049,GRUA TIPO BANDERA 280Kgs MODELO QM-G280 GEN3,QME,Agustín Bereilh,24/04/2026,24/04/2026,00/01/1900,Entrega con QM 3120,Pintura,Montaje,,00/01/1900,0,0,00/01/1900,00/01/1900,Entrega con QM 3120,0,,,,,,,,,,,,,,,,,,,,,1,,10,0.083754556,0%,0.012316846,
QM 3050,GRUA TIPO BANDERA 280Kgs MODELO QM-G280 GEN3,QME,Agustín Bereilh,29/05/2026,29/05/2026,00/01/1900,Entrega con QM 3121,Pintura,Montaje,,00/01/1900,0,0,00/01/1900,00/01/1900,Entrega con QM 3121,0,,,,,,,,,,,,,,,,,,,,,1,,-25,0.083754556,0%,0.012316846,
QM 3051,GRUA TIPO BANDERA 280Kgs MODELO QM-G280 GEN3,QME,Agustín Bereilh,29/05/2026,29/05/2026,00/01/1900,Entrega con QM 3122,Pintura,Montaje,,00/01/1900,0,0,00/01/1900,00/01/1900,Entrega con QM 3122,0,,,,,,,,,,,,,,,,,,,,,1,,-25,0.083754556,0%,0.012316846,
QM 3052,GRUA TIPO BANDERA 280Kgs MODELO QM-G280 GEN3,QME,Agustín Bereilh,15/07/2026,15/07/2026,00/01/1900,Entrega con QM 3126,Pintura,Montaje,,00/01/1900,0,0,00/01/1900,00/01/1900,Entrega con QM 3126,0,,,,,,,,,,,,,,,,,,,,,1,,-72,0.083754556,0%,0.012316846,
QM 3053,GRUA TIPO BANDERA 280Kgs MODELO QM-G280 GEN3,QME,Agustín Bereilh,15/07/2026,15/07/2026,00/01/1900,Entrega con QM 3127,Pintura,Montaje,,00/01/1900,0,0,00/01/1900,00/01/1900,Entrega con QM 3127,0,,,,,,,,,,,,,,,,,,,,,1,,-72,0.083754556,0%,0.012316846,
QM 3054,GRUA TIPO BANDERA 280Kgs MODELO QM-G280 GEN3,QME,Agustín Bereilh,15/08/2026,15/08/2026,00/01/1900,Entrega con QM 3128,Pintura,Montaje,,00/01/1900,0,0,00/01/1900,00/01/1900,Entrega con QM 3128,0,,,,,,,,,,,,,,,,,,,,,1,,-103,0.083754556,0%,0.012316846,
QM 3055,GRUA TIPO BANDERA 280Kgs MODELO QM-G280 GEN3,QME,Agustín Bereilh,00/01/1900,00/01/1900,00/01/1900,Stock,Pintura,Montaje,,00/01/1900,0,0,00/01/1900,00/01/1900,Stock,0,,,,,,,,,,,,,,,,,,,,,1,,,0.083754556,0%,0.012316846,
QM 3056,GRUA TIPO BANDERA 280Kgs MODELO QM-G280 GEN3,QME,Agustín Bereilh,00/01/1900,00/01/1900,00/01/1900,Stock,Pintura,Montaje,,00/01/1900,0,0,00/01/1900,00/01/1900,Stock,0,,,,,,,,,,,,,,,,,,,,,1,,,0.083754556,0%,0.012316846,
QM 3057,GRUA TIPO BANDERA 280Kgs MODELO QM-G280 GEN3,QME,Agustín Bereilh,00/01/1900,00/01/1900,00/01/1900,Stock,Pintura,Montaje,,00/01/1900,0,0,00/01/1900,00/01/1900,Stock,0,,,,,,,,,,,,,,,,,,,,,1,,,0.083754556,0%,0.012316846,
QM 3058,GRUA TIPO BANDERA 280Kgs MODELO QM-G280 GEN3,QME,Agustín Bereilh,00/01/1900,00/01/1900,00/01/1900,Stock,Pintura,Montaje,,00/01/1900,0,0,00/01/1900,00/01/1900,Stock,0,,,,,,,,,,,,,,,,,,,,,1,,,0.083754556,0%,0.012316846,
QM 3059,GRUA TIPO BANDERA 280Kgs MODELO QM-G280 GEN3,QME,Agustín Bereilh,00/01/1900,00/01/1900,00/01/1900,Stock,Pintura,Montaje,,00/01/1900,0,0,00/01/1900,00/01/1900,Stock,0,,,,,,,,,,,,,,,,,,,,,1,,,0.083754556,0%,0.012316846,
QM 3060,GRUA TIPO BANDERA 280Kgs MODELO QM-G280 GEN3,QME,Agustín Bereilh,00/01/1900,00/01/1900,00/01/1900,Stock,Pintura,Montaje,,00/01/1900,0,0,00/01/1900,00/01/1900,Stock,0,,,,,,,,,,,,,,,,,,,,,1,,,0.083754556,0%,0.012316846,
QM 3061,GRUA TIPO BANDERA 280Kgs MODELO QM-G280 GEN3,QME,Agustín Bereilh,00/01/1900,00/01/1900,00/01/1900,Stock,Pintura,Montaje,,00/01/1900,0,0,00/01/1900,00/01/1900,Stock,0,,,,,,,,,,,,,,,,,,,,,1,,,0.083754556,0%,0.012316846,
QM 3062,GRUA TIPO BANDERA 280Kgs MODELO QM-G280 GEN3,QME,Agustín Bereilh,00/01/1900,00/01/1900,00/01/1900,Stock,Pintura,Montaje,,00/01/1900,0,0,00/01/1900,00/01/1900,Stock,0,,,,,,,,,,,,,,,,,,,,,1,,,0.083754556,0%,0.012316846,
QM 3063,GRUA TIPO BANDERA 280Kgs MODELO QM-G280 GEN3,QME,Agustín Bereilh,00/01/1900,00/01/1900,00/01/1900,Stock,Pintura,Montaje,,00/01/1900,0,0,00/01/1900,00/01/1900,Stock,0,,,,,,,,,,,,,,,,,,,,,1,,,0.083754556,0%,0.012316846,
QM 3064,GRUA TIPO BANDERA 280Kgs MODELO QM-G280 GEN3,QME,Agustín Bereilh,00/01/1900,00/01/1900,00/01/1900,Stock,Pintura,Montaje,,00/01/1900,0,0,00/01/1900,00/01/1900,Stock,0,,,,,,,,,,,,,,,,,,,,,1,,,0.083754556,0%,0.012316846,
QM 3065,GRUA TIPO BANDERA 280Kgs MODELO QM-G280 GEN3,QME,Agustín Bereilh,00/01/1900,00/01/1900,00/01/1900,Stock,Pintura,Montaje,,00/01/1900,0,0,00/01/1900,00/01/1900,Stock,0,,,,,,,,,,,,,,,,,,,,,1,,,0.083754556,0%,0.012316846,
QM 3066,GRUA TIPO BANDERA 280Kgs MODELO QM-G280 GEN3,QME,Agustín Bereilh,00/01/1900,00/01/1900,00/01/1900,Stock,Pintura,Montaje,,00/01/1900,0,0,00/01/1900,00/01/1900,Stock,0,,,,,,,,,,,,,,,,,,,,,1,,,0.083754556,0%,0.012316846,
QM 3067,PLANTA REGULADORA DE PRESIÓN PRP - 500 Nm3h,SQM,Martín Navarro,19/11/2025,19/11/2025,24/8/2025; 15/09/2025; 30/09/2025,Retraso de componentes proveedor;Retraso de componentes comex externo;Cambia cliente,Entregado,0,,30/09/2025,24/8/2025; 15/09/2025,Retraso componentes Nueva Zelanda; retraso componentes y se apunta a ir con prometheus para reemplazar la 2848,17/11/2025,17/11/2025,0,0,,,0,0,0,0,0,,134,45,20,237,138,574,0,16,2,62,49,129,,,85,0,0%,0,
QM 3068,QM-60105 - SISTEMA DE MONITOREO PARA MÓDULOS DE GNC,QME,0,00/01/1900,00/01/1900,00/01/1900,Tecnología,Stand by,Corte y Plegado,,00/01/1900,0,0,00/01/1900,00/01/1900,0,0,,,,,,,,,,,,,,,,,,,,,,,,0,0%,0,
QM 3069,SKID CUADRO DE DESFOGUE 15K,TENARIS,Facundo Quintana,27/10/2025,24/11/2025,30/09/2025; 20/10/2025; 27/10/2025; 05/11/2025,Retraso de componentes proveedor;Fallas en electrónica,Entregado,0,00/01/1900,20/10/2025,45930,0,20/11/2025,21/11/2025,0,63,,,128,62,188,160,200,738,162,8,15,179,227,591,11,0,0,9,58,78,2,80.0%,52,0,0%,0,
QM 3070,SKID CUADRO DE PUMP DOWN,TENARIS,Facundo Quintana,02/02/2026,06/02/2026,30/09/2025 ; 20/10/2025; 23/12/2025; 16/01/2026,Cambios de diseño cliente;Demora PO cliente;Falta de capacidad;Cambios de diseño cliente,Entregado,0,,23/12/2025,0,"Cambio diseño por cliente, no ingresa PO",03/02/2026,04/02/2026,0,63,,,128,62,188,160,200,738,166,10,27,120,182,504,0,0,11,0,24,35,2,68.2%,127,0,0%,0,
QM 3071,QM-1038 - Kit Dual Fuel para Cummins QSK50,CALFRAC,Facundo Fernández,26/09/2025,31/10/2025,00/01/1900,Demora coordinación de despacho,Entregado,0,,15/08/2025,0,0,07/10/2025,14/11/2025,0,0,,,150,100,20,140,40,450,84,140,23,166,0,412,0,15,0,49,0,64,1,91.5%,14,0,0%,0,
QM 3072,QM-1038 - Kit Dual Fuel para Cummins QSK50,CALFRAC,Facundo Fernández,20/11/2025,05/12/2025,26/9/2025; 08/10/2025,Reprogramación de QM 2991,Entregado,0,,26/09/2025,0,0,06/12/2025,10/12/2025,0,0,,,150,150,20,140,40,500,52,119,12,187,0,369,0,9,0,22,0,31,1,73.9%,75,0,0%,0,
QM 3073,QM-1038 - Kit Dual Fuel para Cummins QSK50,CALFRAC,Facundo Fernández,20/11/2025,12/12/2025,26/9/2025; 08/10/2025,Reprogramación de QM 2992,Entregado,0,,26/09/2025,0,0,06/12/2025,10/12/2025,0,0,,,150,150,20,140,40,500,34,117,12,145,0,308,0,4,0,0,0,4,1,61.5%,75,0,0%,0,
QM 3074,QM-1038 - Kit Dual Fuel para Cummins QSK50,CALFRAC,Facundo Fernández,27/11/2025,12/12/2025,6/10/2025; 24/10/2025,Reprogramación de QM 2941,Entregado,0,,06/10/2025,0,0,06/12/2025,11/12/2025,0,0,,,150,150,20,140,40,500,34,65,12,64,0,174,0,0,0,0,0,,1,34.9%,66,0,0%,0,
QM 3075,QM-1038 - Kit Dual Fuel para Cummins QSK50,CALFRAC,Facundo Fernández,15/01/2026,15/01/2026,6/10/2025; 24/10/2025; 08/12/2025; 22/12/2025,Reprogramación de QM 2942,Entregado,0,,06/10/2025,0,0,13/01/2026,15/01/2026,0,0,,,150,150,20,140,40,500,30,66,12,108,0,215,0,0,0,12,0,12,1,43.0%,101,0,0%,0,
QM 3076,QM-31106A - BOTELLON ALTA PRESION PD-01,ENERFLEX,Martín Navarro,30/09/2025,30/09/2025,10/09/2025,Falta de capacidad;Fechas no cumplibles por decisión comercial,Entregado,0,,10/09/2025,0,0,25/09/2025,25/09/2025,0,29,,,0,0,0,0,0,,135,419,18,0,0,572,0,5,4,0,0,8,3,,15,0,0%,0,
QM 3077,QM-31106A - BOTELLON ALTA PRESION PD-01,ENERFLEX,Martín Navarro,02/10/2025,02/10/2025,10/9/2025; 30/09/2025,Falta de capacidad;Fechas no cumplibles por decisión comercial,Entregado,0,,10/09/2025,0,0,02/10/2025,02/10/2025,0,29,,,,,,,,,,,,,,,,,,,,,3,,22,0,0%,0,
QM 3078,QM-31106A - BOTELLON ALTA PRESION PD-01,ENERFLEX,Martín Navarro,02/10/2025,02/10/2025,10/9/2025; 30/09/2025,Falta de capacidad;Fechas no cumplibles por decisión comercial,Entregado,0,,10/09/2025,0,0,02/10/2025,02/10/2025,0,29,,,,,,,,,,,,,,,,,,,,,3,,22,0,0%,0,
QM 3079,QM-31106A - BOTELLON ALTA PRESION PD-01,ENERFLEX,Martín Navarro,31/10/2025,31/10/2025,25/09/2025,0,Entregado,0,,25/09/2025,0,0,15/10/2025,15/10/2025,0,46,,,0,0,0,0,0,,116,376,17,0,0,508,0,0,3,0,0,3,3,,20,0,0%,0,
QM 3080,QM-31106A - BOTELLON ALTA PRESION PD-01,ENERFLEX,Martín Navarro,31/10/2025,31/10/2025,25/09/2025,0,Entregado,0,,25/09/2025,0,0,15/10/2025,15/10/2025,0,46,,,,,,,,,,,,,,,,,,,,,3,,20,0,0%,0,
QM 3081,QM-31106A - BOTELLON ALTA PRESION PD-01,ENERFLEX,Martín Navarro,31/10/2025,31/10/2025,25/09/2025,0,Entregado,0,,25/09/2025,0,0,30/10/2025,30/10/2025,0,46,,,,,,,,,,,,,,,,,,,,,3,,35,0,0%,0,
QM 3082,QM-31106A - BOTELLON ALTA PRESION PD-01,ENERFLEX,Martín Navarro,31/10/2025,31/10/2025,25/09/2025,0,Entregado,0,,25/09/2025,0,0,30/10/2025,30/10/2025,0,46,,,,,,,,,,,,,,,,,,,,,3,,35,0,0%,0,
QM 3083,QM-31106B - BOTELLON ALTA PRESION PD-02,ENERFLEX,Martín Navarro,30/09/2025,30/09/2025,10/09/2025,Falta de capacidad;Fechas no cumplibles por decisión comercial,Entregado,0,,10/09/2025,0,0,25/09/2025,25/09/2025,0,29,,,0,0,0,0,0,,148,473,17,0,0,637,0,3,2,0,0,4,3,,15,0,0%,0,
QM 3084,QM-31106B - BOTELLON ALTA PRESION PD-02,ENERFLEX,Martín Navarro,02/10/2025,02/10/2025,10/9/2025; 30/09/2025,Falta de capacidad;Fechas no cumplibles por decisión comercial,Entregado,0,,10/09/2025,0,0,02/10/2025,02/10/2025,0,29,,,,,,,,,,,,,,,,,,,,,3,,22,0,0%,0,
QM 3085,QM-31106B - BOTELLON ALTA PRESION PD-02,ENERFLEX,Martín Navarro,02/10/2025,02/10/2025,10/9/2025; 30/09/2025,Falta de capacidad;Fechas no cumplibles por decisión comercial,Entregado,0,,10/09/2025,0,0,02/10/2025,02/10/2025,0,29,,,,,,,,,,,,,,,,,,,,,3,,22,0,0%,0,
QM 3086,QM-31106B - BOTELLON ALTA PRESION PD-02,ENERFLEX,Martín Navarro,31/10/2025,31/10/2025,25/09/2025,0,Entregado,0,,25/09/2025,0,0,15/10/2025,15/10/2025,0,46,,,0,0,0,0,0,,61,404,19,0,0,484,0,0,4,0,0,4,3,,20,0,0%,0,
QM 3087,QM-31106B - BOTELLON ALTA PRESION PD-02,ENERFLEX,Martín Navarro,31/10/2025,31/10/2025,25/09/2025,0,Entregado,0,,25/09/2025,0,0,18/10/2025,18/10/2025,0,46,,,,,,,,,,,,,,,,,,,,,3,,23,0,0%,0,
QM 3088,QM-31106B - BOTELLON ALTA PRESION PD-02,ENERFLEX,Martín Navarro,31/10/2025,31/10/2025,25/09/2025,0,Entregado,0,,25/09/2025,0,0,00/01/1900,00/01/1900,0,46,,,,,,,,,,,,,,,,,,,,,3,,221,0,0%,0,
QM 3089,QM-31106B - BOTELLON ALTA PRESION PD-02,ENERFLEX,Martín Navarro,31/10/2025,31/10/2025,25/09/2025,0,Entregado,0,,25/09/2025,0,0,18/10/2025,18/10/2025,0,46,,,,,,,,,,,,,,,,,,,,,3,,23,0,0%,0,
QM 3090,QM-31106C - BOTELLON ALTA PRESION PD-03,ENERFLEX,Martín Navarro,02/10/2025,02/10/2025,10/9/2025; 30/09/2025,Falta de capacidad;Fechas no cumplibles por decisión comercial,Entregado,0,,10/09/2025,0,0,02/10/2025,02/10/2025,0,29,03/09/2025,,,,,,,,,,,,,,,,,,,,3,,22,0,0%,0,
QM 3091,QM-31106C - BOTELLON ALTA PRESION PD-03,ENERFLEX,Martín Navarro,02/10/2025,02/10/2025,10/9/2025; 30/09/2025,Falta de capacidad;Fechas no cumplibles por decisión comercial,Entregado,0,,10/09/2025,0,0,02/10/2025,02/10/2025,0,29,03/09/2025,,,,,,,,,,,,,,,,,,,,3,,22,0,0%,0,
QM 3092,QM-31106C - BOTELLON ALTA PRESION PD-03,ENERFLEX,Martín Navarro,15/10/2025,30/09/2025,10/09/2025,Falta de capacidad;Fechas no cumplibles por decisión comercial,Entregado,0,,10/09/2025,0,0,25/09/2025,25/09/2025,0,29,03/09/2025,,,,,,,,,,,,,,,,,,,,3,,15,0,0%,0,
QM 3093,QM-31106C - BOTELLON ALTA PRESION PD-03,ENERFLEX,Martín Navarro,31/10/2025,31/10/2025,25/09/2025,0,Entregado,0,,25/09/2025,0,0,15/10/2025,15/10/2025,0,46,03/09/2025,,0,0,0,0,0,,186,800,23,0,0,1010,0,7,4,0,0,10,3,,20,0,0%,0,
QM 3094,QM-31106C - BOTELLON ALTA PRESION PD-03,ENERFLEX,Martín Navarro,31/10/2025,31/10/2025,25/09/2025,0,Entregado,0,,25/09/2025,0,0,15/10/2025,15/10/2025,0,46,,,,,,,,,,,,,,,,,,,,,3,,20,0,0%,0,
QM 3095,QM-31106C - BOTELLON ALTA PRESION PD-03,ENERFLEX,Martín Navarro,31/10/2025,31/10/2025,25/09/2025,0,Entregado,0,,25/09/2025,0,0,15/10/2025,15/10/2025,0,46,,,,,,,,,,,,,,,,,,,,,3,,20,0,0%,0,
QM 3096,QM-31106C - BOTELLON ALTA PRESION PD-03,ENERFLEX,Martín Navarro,31/10/2025,31/10/2025,25/09/2025,0,Entregado,0,,25/09/2025,0,0,30/10/2025,30/10/2025,0,46,,,,,,,,,,,,,,,,,,,,,3,,35,0,0%,0,
QM 3097,QM-31106D - BOTELLON ALTA PRESION PD-04,ENERFLEX,Martín Navarro,02/10/2025,02/10/2025,10/9/2025; 30/09/2025,Falta de capacidad;Fechas no cumplibles por decisión comercial,Entregado,0,,10/09/2025,0,0,02/10/2025,02/10/2025,0,29,,,0,0,0,0,0,,125,413,22,0,0,559,0,3,2,0,0,4,3,,22,0,0%,0,
QM 3098,QM-31106D - BOTELLON ALTA PRESION PD-04,ENERFLEX,Martín Navarro,02/10/2025,02/10/2025,10/9/2025; 30/09/2025,Falta de capacidad;Fechas no cumplibles por decisión comercial,Entregado,0,,10/09/2025,0,0,02/10/2025,02/10/2025,0,29,,,,,,,,,,,,,,,,,,,,,3,,22,0,0%,0,
QM 3099,QM-31106D - BOTELLON ALTA PRESION PD-04,ENERFLEX,Martín Navarro,30/09/2025,30/09/2025,10/09/2025,Falta de capacidad;Fechas no cumplibles por decisión comercial,Entregado,0,,10/09/2025,0,0,25/09/2025,25/09/2025,0,29,,,,,,,,,,,,,,,,,,,,,3,,15,0,0%,0,
QM 3100,QM-31106D - BOTELLON ALTA PRESION PD-04,ENERFLEX,Martín Navarro,31/10/2025,31/10/2025,25/09/2025,0,Entregado,0,,25/09/2025,0,0,18/10/2025,18/10/2025,0,46,,,0,0,0,0,0,,44,530,16,0,0,589,0,6,1,0,0,7,3,,23,0,0%,0,
QM 3101,QM-31106D - BOTELLON ALTA PRESION PD-04,ENERFLEX,Martín Navarro,31/10/2025,31/10/2025,25/09/2025,0,Entregado,0,,25/09/2025,0,0,30/10/2025,30/10/2025,0,46,,,,,,,,,,,,,,,,,,,,,3,,35,0,0%,0,
QM 3102,QM-31106D - BOTELLON ALTA PRESION PD-04,ENERFLEX,Martín Navarro,31/10/2025,31/10/2025,25/09/2025,0,Entregado,0,,25/09/2025,0,0,30/10/2025,30/10/2025,0,46,,,,,,,,,,,,,,,,,,,,,3,,35,0,0%,0,
QM 3103,QM-31106D - BOTELLON ALTA PRESION PD-04,ENERFLEX,Martín Navarro,31/10/2025,31/10/2025,25/09/2025,0,Entregado,0,,25/09/2025,0,0,00/01/1900,00/01/1900,0,46,,,,,,,,,,,,,,,,,,,,,3,,221,0,0%,0,
QM 3104,QM-31107A - BOTELLON BAJA PRESION PD-01,ENERFLEX,Martín Navarro,30/10/2025,30/10/2025,10/10/2025,Falta de capacidad;Fechas no cumplibles por decisión comercial,Entregado,0,,10/10/2025,0,0,21/10/2025,21/10/2025,0,32,,,0,0,0,0,0,,0,407,17,0,0,424,0,15,4,0,0,19,3,,11,0,0%,0,
QM 3105,QM-31107A - BOTELLON BAJA PRESION PD-01,ENERFLEX,Martín Navarro,31/10/2025,31/10/2025,10/10/2025,Falta de capacidad;Fechas no cumplibles por decisión comercial,Entregado,0,,10/10/2025,0,0,00/01/1900,00/01/1900,0,32,,,,,,,,,,,,,,,,,,,,,3,,206,0,0%,0,
QM 3106,QM-31107B - BOTELLON BAJA PRESION PD-02,ENERFLEX,Martín Navarro,15/10/2025,15/10/2025,10/10/2025,Falta de capacidad;Fechas no cumplibles por decisión comercial,Entregado,0,,10/10/2025,0,0,18/10/2025,18/10/2025,0,32,,,0,0,0,0,0,,0,226,4,0,0,230,0,6,1,0,0,7,3,,8,0,0%,0,
QM 3107,QM-31107B - BOTELLON BAJA PRESION PD-02,ENERFLEX,Martín Navarro,31/10/2025,31/10/2025,10/10/2025,Falta de capacidad;Fechas no cumplibles por decisión comercial,Entregado,0,,10/10/2025,0,0,30/10/2025,30/10/2025,0,32,,,,,,,,,,,,,,,,,,,,,3,,20,0,0%,0,
QM 3108,QM-31107C - BOTELLON BAJA PRESION PD-03,ENERFLEX,Martín Navarro,15/10/2025,15/10/2025,10/10/2025,Falta de capacidad;Fechas no cumplibles por decisión comercial,Entregado,0,,10/10/2025,0,0,18/10/2025,18/10/2025,0,32,,,0,0,0,0,0,,0,284,12,0,0,296,0,27,1,0,0,28,3,,8,0,0%,0,
QM 3109,QM-31107C - BOTELLON BAJA PRESION PD-03,ENERFLEX,Martín Navarro,31/10/2025,31/10/2025,10/10/2025,Falta de capacidad;Fechas no cumplibles por decisión comercial,Entregado,0,,10/10/2025,0,0,30/10/2025,30/10/2025,0,32,,,,,,,,,,,,,,,,,,,,,3,,20,0,0%,0,
QM 3110,QM-31107D - BOTELLON BAJA PRESION PD-04,ENERFLEX,Martín Navarro,15/10/2025,15/10/2025,10/10/2025,Falta de capacidad;Fechas no cumplibles por decisión comercial,Entregado,0,,10/10/2025,0,0,18/10/2025,18/10/2025,0,32,,,0,0,0,0,0,,9,281,7,0,0,297,0,6,1,0,0,7,3,,8,0,0%,0,
QM 3111,QM-31107D - BOTELLON BAJA PRESION PD-04,ENERFLEX,Martín Navarro,31/10/2025,31/10/2025,10/10/2025,Falta de capacidad;Fechas no cumplibles por decisión comercial,Entregado,0,,10/10/2025,0,0,00/01/1900,00/01/1900,0,32,,,,,,,,,,,,,,,,,,,,,3,,206,0,0%,0,
QM 3112,FRAC PUMP - MTU 2500 HP TIER II DGB - TA8091 - GD 2500Q HDF,SPI,Facundo Quintana,05/01/2026,02/03/2026,26/12/2025; 05/01/2026; 12/01/2026; 23/01/2026; 20/02/2026,Retraso de componentes proveedor;Retraso de componentes proveedor;Retraso de componentes proveedor;Retraso de componentes proveedor;Retraso de componentes proveedor,Entregado,0,07/01/2026,15/12/2025,0,0,03/03/2026,03/03/2026,0,81,,,1000,500,250,700,250,2700,1014,137,162,1322,225,2860,41,58,22,240,25,385,3,105.9%,67,0,0%,0,
QM 3113,FRAC PUMP - MTU 2500 HP TIER II DGB - TA8091 - GD 2500Q HDF,SPI,Facundo Quintana,05/01/2026,06/03/2026,26/12/2025; 05/01/2026; 12/01/2026; 23/01/2026; 20/02/2026,Retraso de componentes proveedor;Retraso de componentes proveedor;Retraso de componentes proveedor;Retraso de componentes proveedor;Retraso de componentes proveedor,Entregado,0,08/01/2026,15/12/2025,0,0,07/03/2026,07/03/2026,0,81,,,1000,500,250,700,250,2700,1003,89,165,1076,273,2605,49,17,19,143,72,299,3,96.5%,71,0,0%,0,
QM 3114,FRAC PUMP - MTU 2500 HP TIER II DGB - TA8091 - GD 2500Q HDF,SPI,Facundo Quintana,10/03/2026,10/03/2026,26/12/2025; 05/01/2026; 12/01/2026; 23/01/2026; 20/02/2026,Retraso de componentes proveedor;Retraso de componentes proveedor;Retraso de componentes proveedor;Retraso de componentes proveedor;Retraso de componentes proveedor,Entregado,0,09/01/2026,15/12/2025,0,0,11/03/2026,11/03/2026,0,88,,,1000,500,250,700,250,2700,950,70,180,938,243,2382,43,6,25,122,28,223,3,88.2%,75,0,0%,0,
QM 3115,FRAC PUMP - MTU 2500 HP TIER II DGB - TA8091 - GD 2500Q HDF,SPI,Facundo Quintana,27/03/2026,17/04/2026,13/2/2026; 13/03/2026; 27/03/2026,Falta de información proveedor;Errores de gestión,Entregado,0,,13/02/2026,0,0,01/04/2026,11/04/2026,0,95,,,1000,500,250,700,250,2700,1024,107,142,1055,220,2547,18,7,17,159,16,216,3,94.3%,57,0,0%,0,
QM 3116,FRAC PUMP - MTU 2500 HP TIER II DGB - TA8091 - GD 2500Q HDF,SPI,Facundo Quintana,27/03/2026,21/04/2026,13/2/2026; 13/03/2026; 27/03/2026; 03/04/2026,Falta de información proveedor;Errores de gestión,Entregado,0,,13/02/2026,0,0,21/04/2026,21/04/2026,0,95,,,1000,500,250,700,250,2700,926,34,152,1164,223,2498,23,3,17,186,11,239,3,92.5%,67,0,0%,0,
QM 3117,FRAC PUMP - MTU 2500 HP TIER II DGB - TA8091 - GD 2500Q HDF,SPI,Facundo Quintana,20/04/2026,28/04/2026,13/2/2026; 13/03/2026; 03/04/2026; 10/04/2026,Falta de información proveedor;Retraso de componentes comex externo;Retraso de componentes comex externo,Entregado,0,,20/02/2026,0,0,23/04/2026,30/04/2026,0,102,,,1000,500,250,700,250,2700,899,45,168,654,183,1948,24,12,36,123,2,196,3,72.2%,76,0,0%,0,
QM 3118,FRAC PUMP 2000 HP - WAUKESHA - ZF - QWS2500XL USA - 4 AXLES,QME,Facundo Fernández,12/06/2026,17/07/2026,00/01/1900,0,Stand by,Montaje,09/06/2026,30/01/2026,0,0,00/01/1900,00/01/1900,0,129,12/11/2025,09/12/2025,1000,300,250,800,250,2600,936,85,103,18,58,1200,99,0,13,7,0,118,4,46.1%,-74,1.594238515,0%,0.820224164,
QM 3119,FRAC PUMP 2000 HP - WAUKESHA - ZF - QWS2500XL,QME,Facundo Fernández,08/05/2026,08/05/2026,27/04/2026,Retraso de componentes comex externo,Montaje,Testeo,,13/03/2026,0,0,00/01/1900,00/01/1900,0,147,,,1000,300,250,800,250,2600,861,94,142,273,156,1526,38,0,19,87,0,144,3,58.7%,7,0.935748694,0%,0.26735677,
QM 3120,FRAC PUMP 2000 HP - WAUKESHA - ZF - QWS2500XL,QME,Facundo Fernández,08/05/2026,08/05/2026,27/04/2026,Retraso de componentes comex externo,Montaje,Testeo,,20/03/2026,0,0,00/01/1900,00/01/1900,0,147,,,1000,300,250,800,250,2600,803,95,125,222,128,1372,29,0,17,45,0,91,3,52.8%,7,0.935748694,0%,0.26735677,
QM 3121,FRAC PUMP 2000 HP - WAUKESHA - ZF - QWS2500XL,QME,Facundo Fernández,22/05/2026,22/05/2026,00/01/1900,0,Pintura,Montaje,15/04/2026,27/03/2026,0,0,00/01/1900,00/01/1900,0,147,21/11/2025,19/02/2025,1000,300,250,800,250,2600,771,93,150,140,71,1225,6,0,23,26,0,55,3,47.1%,-18,0.831776617,0%,0.26735677,
QM 3122,FRAC PUMP 2000 HP - WAUKESHA - ZF - QWS2500XL,QME,Facundo Fernández,22/05/2026,22/05/2026,00/01/1900,0,Pintura,Montaje,15/04/2026,03/04/2026,0,0,00/01/1900,00/01/1900,0,147,,,1000,300,250,800,250,2600,764,93,153,10,21,1041,29,0,23,7,0,59,3,40.0%,-18,0.831776617,0%,0.26735677,
QM 3123,SKID DISTRIBUCION GAS 12 REELS,QME,Martín Navarro,08/12/2025,08/12/2025,00/01/1900,0,Entregado,0,,00/01/1900,0,0,10/12/2025,10/12/2025,0,0,,,,,,,,,,,,,,,,,,,,,,,2,0,0%,0,
QM 3124,"PLANTA DESCOMPRESORA - 1,000 Nm3hr",QME,Martín Navarro,24/10/2025,24/10/2025,00/01/1900,0,Entregado,0,,00/01/1900,0,0,23/10/2025,23/10/2025,0,0,02/12/2025,30/12/2025,0,0,0,0,0,,252,5,31,179,118,584,7,0,10,11,2,30,,,-1,0,0%,0,
QM 3125,"PLANTA DESCOMPRESORA - 4,000 Nm3hr",QME,Martín Navarro,08/12/2025,08/12/2025,00/01/1900,0,Entregado,0,,08/12/2025,0,0,10/12/2025,10/12/2025,0,0,,,,,,,,,,,,,,,,,,,,,,,2,0,0%,0,
QM 3126,FRAC PUMP 2000 HP - WAUKESHA - ZF - QWS2500XL,QME,Facundo Fernández,26/06/2026,26/06/2026,00/01/1900,0,Metalurgia,Pintura,12/05/2026,10/04/2026,0,0,00/01/1900,00/01/1900,0,147,22/12/2025,22/03/2026,1000,300,250,800,250,2600,790,93,154,0,1,1038,10,0,33,0,0,43,3,39.9%,-53,0.72780454,0%,0.26735677,
QM 3127,FRAC PUMP 2000 HP - WAUKESHA - ZF - QWS2500XL,QME,Facundo Fernández,26/06/2026,26/06/2026,00/01/1900,0,Metalurgia,Pintura,12/05/2026,17/04/2026,0,0,00/01/1900,00/01/1900,0,147,22/12/2025,22/03/2026,1000,300,250,800,250,2600,803,93,2,0,1,899,12,0,0,0,0,12,3,34.6%,-53,0.72780454,0%,0.26735677,
QM 3128,FRAC PUMP 2000 HP - WAUKESHA - ZF - QWS2500XL,QME,Facundo Fernández,17/07/2026,17/07/2026,00/01/1900,0,Metalurgia,Pintura,29/05/2026,24/04/2026,0,0,00/01/1900,00/01/1900,0,147,22/12/2025,22/03/2026,1000,300,250,800,250,2600,762,93,2,6,1,863,9,0,0,0,0,9,3,33.2%,-74,0.72780454,0%,0.26735677,
QM 3129,SKID DE ACONDICIONAMIENTO Y MEDICIÓN,QME,Martín Navarro,01/05/2026,08/05/2026,11/03/2026,Retraso de componentes compras,Metalurgia Tigre,Pintura,,00/01/1900,0,0,00/01/1900,00/01/1900,0,0,22/12/2025,22/03/2026,0,0,0,0,0,,137,13,9,55,0,214,23,0,0,8,0,31,,,54,0.554517744,0%,0.025993019,
QM 3130,UNIDAD DE CONTROL DE FRACTURA,TENARIS,Agustín Bereilh,16/01/2026,16/01/2026,02/12/2025,Cliente no entrega componentes a tiempo,Próximo a entregar,Entregado,,16/01/2026,45993,Cliente no entrega componentes a tiempo,02/01/2026,00/01/1900,Esperando demanda del cliente para terminar electrónica y despachar,60,22/12/2025,22/03/2026,11,10,0,0,155,176,5,1,1,0,142,149,0,0,0,0,12,12,1,84.4%,153,0.263905733,0%,0.073589099,
QM 3131,UNIDAD DE CONTROL DE FRACTURA,TENARIS,Agustín Bereilh,16/01/2026,08/05/2026,02/12/2025; 16/01/2026,Cliente no entrega componentes a tiempo,Próximo a entregar,Entregado,,16/01/2026,45993,Cliente no entrega componentes a tiempo,02/01/2026,00/01/1900,Esperando demanda del cliente para terminar electrónica y despachar,60,,,11,10,0,0,155,176,5,1,1,0,182,188,0,0,0,0,0,,1,106.8%,153,0.263905733,0%,0.073589099,
QM 3132,UNIDAD DE CONTROL DE FRACTURA,TENARIS,Agustín Bereilh,16/01/2026,15/05/2026,02/12/2025; 16/01/2026,Cliente no entrega componentes a tiempo,Próximo a entregar,Entregado,,16/01/2026,45993,Cliente no entrega componentes a tiempo,02/01/2026,00/01/1900,Esperando demanda del cliente para terminar electrónica y despachar,60,,,11,10,0,0,155,176,5,1,1,0,82,88,0,0,0,0,0,,1,50.0%,153,0.263905733,0%,0.073589099,
QM 3133,QM-1038 - Kit Dual Fuel para Cummins QSK50,CALFRAC,Facundo Fernández,26/02/2026,05/03/2026,00/01/1900,Con QM 2992,Entregado,0,,02/02/2026,0,0,00/01/1900,05/03/2026,Con QM 3002,105,,,150,150,20,140,40,500,33,75,8,0,0,116,0,9,0,0,0,9,1,23.1%,0,0,0%,0,
QM 3134,QM-1038 - Kit Dual Fuel para Cummins QSK50,CALFRAC,Facundo Fernández,04/03/2026,09/03/2026,00/01/1900,Con QM 2993,Próximo a entregar,Entregado,,02/02/2026,0,0,00/01/1900,00/01/1900,0,105,,,150,150,20,140,40,500,33,64,8,0,0,105,0,6,0,0,0,6,1,21.0%,56,0.329583687,0%,0.119016331,
QM 3135,QM-1038 - Kit Dual Fuel para Cummins QSK50,CALFRAC,Facundo Fernández,04/03/2026,09/03/2026,00/01/1900,Con QM 3002,Próximo a entregar,Entregado,,02/02/2026,0,0,00/01/1900,00/01/1900,0,105,,,150,150,20,140,40,500,40,63,8,0,0,110,0,12,0,0,0,12,1,22.0%,56,0.329583687,0%,0.119016331,
QM 3137,UNIDAD DE CONTROL DE FRACTURA,SPI,Lucio Tappi,15/12/2025,15/12/2025,00/01/1900,Con QM 3112,Montaje,Entregado,,15/12/2025,0,0,00/01/1900,00/01/1900,0,0,,,0,0,0,0,0,,0,0,0,0,24,24,0,0,0,0,0,,1,,140,1.235938825,0%,0.238032663,
QM 3138,UNIDAD DE CONTROL DE FRACTURA,SPI,Lucio Tappi,15/12/2025,15/12/2025,00/01/1900,Con QM 3113,Montaje,Entregado,,15/12/2025,0,0,00/01/1900,00/01/1900,0,0,,,,,,,,,,,,,,,,,,,,,1,,140,1.235938825,0%,0.238032663,
QM 3139,QM-08011 - TANQUE FLUID END,0,Martín Navarro,19/02/2026,19/02/2026,03/12/2025,0,Próximo a entregar,Entregado,,03/12/2025,0,0,29/01/2026,00/01/1900,Queda para stock sin cliente,0,,,70,0,2,0,0,72,5,50,2,0,0,57,0,3,0,0,0,3,3,78.5%,152,1.386294361,0%,0.441881328,
QM 3140,PERCHA IZAJE 3 CONFIGURACIONES,SPI,Agustín Bereilh,15/01/2026,15/01/2026,00/01/1900,0,Entregado,0,,19/12/2025,46000,Demora en PO cliente,15/01/2026,16/01/2026,0,11,,,0,0,0,0,0,,69,10,9,0,0,88,0,0,2,0,0,2,1,,1,0,0%,0,
QM 3141,QM-08011 - TANQUE FLUID END - Fabricacion Stock,SLB,Martín Navarro,19/02/2026,19/02/2026,00/01/1900,0,Próximo a entregar,Entregado,,00/01/1900,0,0,29/01/2026,00/01/1900,Queda para stock sin cliente,0,,,70,0,2,0,0,72,3,45,2,0,0,50,0,3,0,0,0,3,3,68.8%,74,1.263404132,0%,0.411979608,
QM 3142,QM-08011 - TANQUE FLUID END - Fabricacion Stock,SLB,Martín Navarro,19/02/2026,19/02/2026,00/01/1900,0,Entregado,0,,00/01/1900,0,0,29/01/2026,20/02/2026,0,0,,,70,0,2,0,0,72,1,42,2,0,0,45,0,3,0,0,0,3,3,61.8%,1,0,0%,0,
QM 3143,FRAC PUMP 2500 HP-QSK50-TA8091-QWS 2500,ZMC,Facundo Fernández,26/01/2026,30/01/2026,00/01/1900,0,Entregado,0,,00/01/1900,0,0,29/01/2026,05/02/2026,Era QM 2899 Latitud,0,,,25,80,140,153,50,448,47,81,117,537,100,881,3,8,21,36,0,68,3,196.5%,6,0,0%,0,
QM 3144,CONJUNTO SILENCIADOR SPF743,SLB,0,22/03/2026,22/03/2026,00/01/1900,0,Entregado,0,00/01/1900,00/01/1900,0,0,00/01/1900,06/01/2026,0,0,,,0,0,0,0,0,,4,30,0,0,0,34,0,0,0,0,0,,1,,-75,0,0%,0,
QM 3145,CONJUNTO SILENCIADOR SPF744,SLB,0,22/03/2026,22/03/2026,00/01/1900,0,Entregado,0,00/01/1900,00/01/1900,0,0,00/01/1900,06/01/2026,0,0,,,,,,,,,,,,,,,,,,,,,1,,-75,0,0%,0,
QM 3146,CONJUNTO SILENCIADOR SPF745,SLB,0,22/03/2026,22/03/2026,00/01/1900,0,Entregado,0,00/01/1900,00/01/1900,0,0,00/01/1900,06/01/2026,0,0,,,,,,,,,,,,,,,,,,,,,1,,-75,0,0%,0,
QM 3147,CONJUNTO SILENCIADOR SPF746,SLB,0,22/03/2026,22/03/2026,00/01/1900,0,Entregado,0,00/01/1900,00/01/1900,0,0,00/01/1900,06/01/2026,0,0,,,,,,,,,,,,,,,,,,,,,1,,-75,0,0%,0,
QM 3148,CONJUNTO SILENCIADOR SPF747,SLB,0,22/03/2026,22/03/2026,00/01/1900,0,Entregado,0,00/01/1900,00/01/1900,0,0,00/01/1900,06/01/2026,0,0,,,,,,,,,,,,,,,,,,,,,1,,-75,0,0%,0,
QM 3149,FRAC PUMP - MTU 2500 HP TIER II DGB - TA8091 - GD 2500Q HDF,SPI,Facundo Quintana,22/05/2026,05/06/2026,00/01/1900,0,Pintura,Montaje,04/05/2026,12/06/2026,0,0,00/01/1900,00/01/1900,0,116,,,1000,500,250,700,250,2700,832,110,130,3,0,1074,9,0,24,0,0,33,3,39.8%,-32,0.719368582,0%,0.719368582,
QM 3150,FRAC PUMP - MTU 2500 HP TIER II DGB - TA8091 - GD 2500Q HDF,SPI,Facundo Quintana,22/05/2026,05/06/2026,00/01/1900,0,Pintura,Montaje,04/05/2026,12/06/2026,0,0,00/01/1900,00/01/1900,0,116,,,1000,500,250,700,250,2700,776,103,131,0,0,1010,15,0,19,0,0,33,3,37.4%,-32,0.719368582,0%,0.719368582,
QM 3151,FRAC PUMP - MTU 2500 HP TIER II DGB - TA8091 - GD 2500Q HDF,SPI,Facundo Quintana,29/05/2026,12/06/2026,00/01/1900,0,Metalurgia Tigre,Pintura,27/04/2026,12/06/2026,0,0,00/01/1900,00/01/1900,0,116,,,1000,500,250,700,250,2700,812,89,0,0,0,901,10,0,0,0,0,10,3,33.4%,-39,0.635442247,0%,0.719368582,
QM 3152,FRAC PUMP - MTU 2500 HP TIER II DGB - TA8091 - GD 2500Q HDF,SPI,Facundo Quintana,29/05/2026,12/06/2026,00/01/1900,0,Metalurgia Tigre,Pintura,27/04/2026,12/06/2026,0,0,00/01/1900,00/01/1900,0,116,,,1000,500,250,700,250,2700,825,100,0,0,0,925,9,0,0,0,0,9,3,34.3%,-39,0.635442247,0%,0.719368582,
QM 3153,QM-05509 - SKID CROMATÓGRAFO EN LÍNEA,QME,Facundo Fernández,02/03/2026,02/03/2026,18/02/2026,0,Entregado,0,,02/03/2026,0,0,06/03/2026,06/03/2026,0,0,,,95,20,20,55,0,190,34,16,13,29,15,107,0,0,0,1,2,3,1,56.1%,16,0,0%,0,
QM 3154,QM-5700 - PLANTA DE TRATAMIENTO 5MM SCFD,QME,0,00/01/1900,00/01/1900,00/01/1900,0,Sin empezar,Ingeniería,00/01/1900,00/01/1900,0,0,00/01/1900,00/01/1900,0,0,,,,,,,,,,,,,,,,,,,,,,,,0,0%,0,
QM 3155,QM-1040A- Electric LAS Skid - 8 Pumps,FLOTEK,Facundo Fernández,24/05/2026,24/05/2026,00/01/1900,0,Pintura,Próximo a entregar,,08/05/2026,0,0,00/01/1900,00/01/1900,0,0,,,100,0,20,0,330,450,63,3,63,76,257,462,0,0,0,0,11,11,,102.6%,-20,0.741563295,0%,0.082395922,
QM 3156,QM-1040A- Electric LAS Skid - 8 Pumps,FLOTEK,Facundo Fernández,00/01/1900,00/01/1900,00/01/1900,0,Stand by,Corte y Plegado,,00/01/1900,0,0,00/01/1900,00/01/1900,0,0,,,,,,,,,,,,,,,,,,,,,,,,0.164791843,0%,0.082395922,
QM 3157,QM-12011A - TRAILER PORTA SILO,SEAWHITE,Martín Navarro,18/08/2026,18/08/2026,00/01/1900,0,Metalurgia,Pintura,13/07/2026,18/08/2026,0,0,00/01/1900,00/01/1900,0,95,,,1400,0,200,0,0,1600,321,0,0,0,0,321,0,0,0,0,0,,,20.1%,-106,0.439444915,0%,0.02059898,
QM 3158,QM-12011A - TRAILER PORTA SILO,SEAWHITE,Martín Navarro,00/01/1900,00/01/1900,00/01/1900,0,Stand by,Corte y Plegado,24/03/2026,00/01/1900,0,0,00/01/1900,00/01/1900,0,95,,,,,,,,,,,,,,,,,,,,,,,,0.054930614,0%,0.02059898,
QM 3159,31108A BOTELLON ALTA PRESIÓN PD-01 SB1,ENERFLEX,Martín Navarro,25/05/2026,25/05/2026,10/05/2026,Cliente no define,Inoxidable,Pintura,25/03/2026,25/05/2026,46152,Cliente no define,00/01/1900,00/01/1900,0,37,,,0,0,0,0,0,,23,0,0,0,0,23,0,0,0,0,0,,3,,-6,0.473309158,0%,0.182287987,
QM 3160,31108A BOTELLON ALTA PRESIÓN PD-01 SB1,ENERFLEX,Martín Navarro,25/05/2026,25/05/2026,10/05/2026,Cliente no define,Inoxidable,Pintura,25/03/2026,25/05/2026,46152,Cliente no define,00/01/1900,00/01/1900,0,37,,,,,,,,,,,,,,,,,,,,,3,,-6,0.473309158,0%,0.182287987,
QM 3161,31108A BOTELLON ALTA PRESIÓN PD-01 SB1,ENERFLEX,Martín Navarro,25/05/2026,25/05/2026,10/05/2026,Cliente no define,Inoxidable,Pintura,25/03/2026,25/05/2026,46152,Cliente no define,00/01/1900,00/01/1900,0,37,,,,,,,,,,,,,,,,,,,,,3,,-6,0.473309158,0%,0.182287987,
QM 3162,31108B BOTELLON ALTA PRESIÓN PD-02 DB1,ENERFLEX,Martín Navarro,25/05/2026,25/05/2026,10/05/2026,Cliente no define,Inoxidable,Pintura,25/03/2026,25/05/2026,46152,Cliente no define,00/01/1900,00/01/1900,0,37,,,0,0,0,0,0,,144,55,0,0,0,199,0,0,0,0,0,,3,,-6,0.473309158,0%,0.182287987,
QM 3163,31108B BOTELLON ALTA PRESIÓN PD-02 DB1,ENERFLEX,Martín Navarro,25/05/2026,25/05/2026,10/05/2026,Cliente no define,Inoxidable,Pintura,25/03/2026,25/05/2026,46152,Cliente no define,00/01/1900,00/01/1900,0,37,,,,,,,,,,,,,,,,,,,,,3,,-6,0.473309158,0%,0.182287987,
QM 3164,31108B BOTELLON ALTA PRESIÓN PD-02 DB1,ENERFLEX,Martín Navarro,25/05/2026,25/05/2026,10/05/2026,Cliente no define,Inoxidable,Pintura,25/03/2026,25/05/2026,46152,Cliente no define,00/01/1900,00/01/1900,0,37,,,,,,,,,,,,,,,,,,,,,3,,-6,0.473309158,0%,0.182287987,
QM 3165,31108C BOTELLON ALTA PRESIÓN PD-03 SB2,ENERFLEX,Martín Navarro,25/05/2026,25/05/2026,10/05/2026,Cliente no define,Inoxidable,Pintura,25/03/2026,25/05/2026,46152,Cliente no define,00/01/1900,00/01/1900,0,37,,,0,0,0,0,0,,27,0,0,0,0,27,0,0,0,0,0,,3,,-6,0.473309158,0%,0.182287987,
QM 3166,31108C BOTELLON ALTA PRESIÓN PD-03 SB2,ENERFLEX,Martín Navarro,25/05/2026,25/05/2026,10/05/2026,Cliente no define,Inoxidable,Pintura,25/03/2026,25/05/2026,46152,Cliente no define,00/01/1900,00/01/1900,0,37,,,,,,,,,,,,,,,,,,,,,3,,-6,0.473309158,0%,0.182287987,
QM 3167,31108C BOTELLON ALTA PRESIÓN PD-03 SB2,ENERFLEX,Martín Navarro,25/05/2026,25/05/2026,10/05/2026,Cliente no define,Inoxidable,Pintura,25/03/2026,25/05/2026,46152,Cliente no define,00/01/1900,00/01/1900,0,37,,,,,,,,,,,,,,,,,,,,,3,,-6,0.473309158,0%,0.182287987,
QM 3168,31108D BOTELLON ALTA PRESIÓN PD-04 DB2,ENERFLEX,Martín Navarro,25/05/2026,25/05/2026,10/05/2026,Cliente no define,Inoxidable,Pintura,25/03/2026,25/05/2026,46152,Cliente no define,00/01/1900,00/01/1900,0,37,,,0,0,0,0,0,,162,156,0,0,0,318,0,0,0,0,0,,3,,-6,0.473309158,0%,0.182287987,
QM 3169,31108D BOTELLON ALTA PRESIÓN PD-04 DB2,ENERFLEX,Martín Navarro,25/05/2026,25/05/2026,10/05/2026,Cliente no define,Inoxidable,Pintura,25/03/2026,25/05/2026,46152,Cliente no define,00/01/1900,00/01/1900,0,37,,,,,,,,,,,,,,,,,,,,,3,,-6,0.473309158,0%,0.182287987,
QM 3170,31108D BOTELLON ALTA PRESIÓN PD-04 DB2,ENERFLEX,Martín Navarro,25/05/2026,25/05/2026,10/05/2026,Cliente no define,Inoxidable,Pintura,25/03/2026,25/05/2026,46152,Cliente no define,00/01/1900,00/01/1900,0,37,,,,,,,,,,,,,,,,,,,,,3,,-6,0.473309158,0%,0.182287987,
QM 3171,31108A BOTELLON ALTA PRESIÓN PD-01 SB1,ENERFLEX,Martín Navarro,22/06/2026,22/06/2026,15/06/2026,Cliente no define,Ingeniería,Corte y Plegado,08/04/2026,22/06/2026,46188,Cliente no define,00/01/1900,00/01/1900,0,29,,,0,0,0,0,0,,2,6,0,0,0,8,0,0,0,0,0,,3,,-42,0.562854134,0%,0.182287987,
QM 3172,31108A BOTELLON ALTA PRESIÓN PD-01 SB1,ENERFLEX,Martín Navarro,22/06/2026,22/06/2026,15/06/2026,Cliente no define,Ingeniería,Corte y Plegado,08/04/2026,22/06/2026,46188,Cliente no define,00/01/1900,00/01/1900,0,29,,,,,,,,,,,,,,,,,,,,,3,,-42,0.562854134,0%,0.182287987,
QM 3173,31108B BOTELLON ALTA PRESIÓN PD-02 DB1,ENERFLEX,Martín Navarro,22/06/2026,22/06/2026,15/06/2026,Cliente no define,Ingeniería,Corte y Plegado,08/04/2026,22/06/2026,46188,Cliente no define,00/01/1900,00/01/1900,0,29,,,0,0,0,0,0,,56,40,0,0,0,96,0,0,0,0,0,,3,,-42,0.562854134,0%,0.182287987,
QM 3174,31108B BOTELLON ALTA PRESIÓN PD-02 DB1,ENERFLEX,Martín Navarro,22/06/2026,22/06/2026,15/06/2026,Cliente no define,Ingeniería,Corte y Plegado,08/04/2026,22/06/2026,46188,Cliente no define,00/01/1900,00/01/1900,0,29,,,,,,,,,,,,,,,,,,,,,3,,-42,0.562854134,0%,0.182287987,
QM 3175,31108C BOTELLON ALTA PRESIÓN PD-03 SB2,ENERFLEX,Martín Navarro,22/06/2026,22/06/2026,15/06/2026,Cliente no define,Ingeniería,Corte y Plegado,08/04/2026,22/06/2026,46188,Cliente no define,00/01/1900,00/01/1900,0,29,,,0,0,0,0,0,,9,0,0,0,0,9,0,0,0,0,0,,3,,-42,0.562854134,0%,0.182287987,
QM 3176,31108C BOTELLON ALTA PRESIÓN PD-03 SB2,ENERFLEX,Martín Navarro,22/06/2026,22/06/2026,15/06/2026,Cliente no define,Ingeniería,Corte y Plegado,08/04/2026,22/06/2026,46188,Cliente no define,00/01/1900,00/01/1900,0,29,,,,,,,,,,,,,,,,,,,,,3,,-42,0.562854134,0%,0.182287987,
QM 3177,31108D BOTELLON ALTA PRESIÓN PD-04 DB2,ENERFLEX,Martín Navarro,22/06/2026,22/06/2026,15/06/2026,Cliente no define,Ingeniería,Corte y Plegado,08/04/2026,22/06/2026,46188,Cliente no define,00/01/1900,00/01/1900,0,29,,,0,0,0,0,0,,83,79,0,0,0,162,0,0,0,0,0,,3,,-42,0.562854134,0%,0.182287987,
QM 3178,31108D BOTELLON ALTA PRESIÓN PD-04 DB2,ENERFLEX,Martín Navarro,22/06/2026,22/06/2026,15/06/2026,Cliente no define,Ingeniería,Corte y Plegado,08/04/2026,22/06/2026,46188,Cliente no define,00/01/1900,00/01/1900,0,29,,,,,,,,,,,,,,,,,,,,,3,,-42,0.562854134,0%,0.182287987,
QM 3179,31108A BOTELLON ALTA PRESIÓN PD-01 SB1,ENERFLEX,Martín Navarro,27/07/2026,27/07/2026,23/06/2026,Cliente no define,Ingeniería,Corte y Plegado,22/04/2026,27/07/2026,46196,Cliente no define,00/01/1900,00/01/1900,0,65,,,,,,,,,,,,,,,,,,,,,3,,-50,0.562854134,0%,0.182287987,
QM 3180,31108A BOTELLON ALTA PRESIÓN PD-01 SB1,ENERFLEX,Martín Navarro,27/07/2026,27/07/2026,23/06/2026,Cliente no define,Ingeniería,Corte y Plegado,22/04/2026,27/07/2026,46196,Cliente no define,00/01/1900,00/01/1900,0,65,,,,,,,,,,,,,,,,,,,,,3,,-50,0.562854134,0%,0.182287987,
QM 3181,31108A BOTELLON ALTA PRESIÓN PD-01 SB1,ENERFLEX,Martín Navarro,27/07/2026,27/07/2026,23/06/2026,Cliente no define,Ingeniería,Corte y Plegado,22/04/2026,27/07/2026,46196,Cliente no define,00/01/1900,00/01/1900,0,65,,,,,,,,,,,,,,,,,,,,,3,,-50,0.562854134,0%,0.182287987,
QM 3182,31108A BOTELLON ALTA PRESIÓN PD-01 SB1,ENERFLEX,Martín Navarro,27/07/2026,27/07/2026,23/06/2026,Cliente no define,Ingeniería,Corte y Plegado,22/04/2026,27/07/2026,46196,Cliente no define,00/01/1900,00/01/1900,0,65,,,,,,,,,,,,,,,,,,,,,3,,-50,0.562854134,0%,0.182287987,
QM 3183,31108B BOTELLON ALTA PRESIÓN PD-02 DB1,ENERFLEX,Martín Navarro,27/07/2026,27/07/2026,23/06/2026,Cliente no define,Ingeniería,Corte y Plegado,22/04/2026,27/07/2026,46196,Cliente no define,00/01/1900,00/01/1900,0,65,,,0,0,0,0,0,,69,36,0,0,0,105,0,0,0,0,0,,3,,-50,0.562854134,0%,0.182287987,
QM 3184,31108B BOTELLON ALTA PRESIÓN PD-02 DB1,ENERFLEX,Martín Navarro,27/07/2026,27/07/2026,23/06/2026,Cliente no define,Ingeniería,Corte y Plegado,22/04/2026,27/07/2026,46196,Cliente no define,00/01/1900,00/01/1900,0,65,,,,,,,,,,,,,,,,,,,,,3,,-50,0.562854134,0%,0.182287987,
QM 3185,31108B BOTELLON ALTA PRESIÓN PD-02 DB1,ENERFLEX,Martín Navarro,27/07/2026,27/07/2026,23/06/2026,Cliente no define,Ingeniería,Corte y Plegado,22/04/2026,27/07/2026,46196,Cliente no define,00/01/1900,00/01/1900,0,65,,,,,,,,,,,,,,,,,,,,,3,,-50,0.562854134,0%,0.182287987,
QM 3186,31108B BOTELLON ALTA PRESIÓN PD-02 DB1,ENERFLEX,Martín Navarro,27/07/2026,27/07/2026,23/06/2026,Cliente no define,Ingeniería,Corte y Plegado,22/04/2026,27/07/2026,46196,Cliente no define,00/01/1900,00/01/1900,0,65,,,,,,,,,,,,,,,,,,,,,3,,-50,0.562854134,0%,0.182287987,
QM 3187,31108C BOTELLON ALTA PRESIÓN PD-03 SB2,ENERFLEX,Martín Navarro,27/07/2026,27/07/2026,23/06/2026,Cliente no define,Ingeniería,Corte y Plegado,22/04/2026,27/07/2026,46196,Cliente no define,00/01/1900,00/01/1900,0,65,,,0,0,0,0,0,,15,0,0,0,0,15,0,0,0,0,0,,3,,-50,0.562854134,0%,0.182287987,
QM 3188,31108C BOTELLON ALTA PRESIÓN PD-03 SB2,ENERFLEX,Martín Navarro,27/07/2026,27/07/2026,23/06/2026,Cliente no define,Ingeniería,Corte y Plegado,22/04/2026,27/07/2026,46196,Cliente no define,00/01/1900,00/01/1900,0,65,,,,,,,,,,,,,,,,,,,,,3,,-50,0.562854134,0%,0.182287987,
QM 3189,31108C BOTELLON ALTA PRESIÓN PD-03 SB2,ENERFLEX,Martín Navarro,27/07/2026,27/07/2026,23/06/2026,Cliente no define,Ingeniería,Corte y Plegado,22/04/2026,27/07/2026,46196,Cliente no define,00/01/1900,00/01/1900,0,65,,,,,,,,,,,,,,,,,,,,,3,,-50,0.562854134,0%,0.182287987,
QM 3190,31108C BOTELLON ALTA PRESIÓN PD-03 SB2,ENERFLEX,Martín Navarro,27/07/2026,27/07/2026,23/06/2026,Cliente no define,Ingeniería,Corte y Plegado,22/04/2026,27/07/2026,46196,Cliente no define,00/01/1900,00/01/1900,0,65,,,,,,,,,,,,,,,,,,,,,3,,-50,0.562854134,0%,0.182287987,
QM 3191,31108D BOTELLON ALTA PRESIÓN PD-04 DB2,ENERFLEX,Martín Navarro,27/07/2026,27/07/2026,23/06/2026,Cliente no define,Ingeniería,Corte y Plegado,22/04/2026,27/07/2026,46196,Cliente no define,00/01/1900,00/01/1900,0,65,,,0,0,0,0,0,,114,49,0,0,0,163,0,0,0,0,0,,3,,-50,0.562854134,0%,0.182287987,
QM 3192,31108D BOTELLON ALTA PRESIÓN PD-04 DB2,ENERFLEX,Martín Navarro,27/07/2026,27/07/2026,23/06/2026,Cliente no define,Ingeniería,Corte y Plegado,22/04/2026,27/07/2026,46196,Cliente no define,00/01/1900,00/01/1900,0,65,,,,,,,,,,,,,,,,,,,,,3,,-50,0.562854134,0%,0.182287987,
QM 3193,31108D BOTELLON ALTA PRESIÓN PD-04 DB2,ENERFLEX,Martín Navarro,27/07/2026,27/07/2026,23/06/2026,Cliente no define,Ingeniería,Corte y Plegado,22/04/2026,27/07/2026,46196,Cliente no define,00/01/1900,00/01/1900,0,65,,,,,,,,,,,,,,,,,,,,,3,,-50,0.562854134,0%,0.182287987,
QM 3194,31108D BOTELLON ALTA PRESIÓN PD-04 DB2,ENERFLEX,Martín Navarro,27/07/2026,27/07/2026,23/06/2026,Cliente no define,Ingeniería,Corte y Plegado,22/04/2026,27/07/2026,46196,Cliente no define,00/01/1900,00/01/1900,0,65,,,,,,,,,,,,,,,,,,,,,3,,-50,0.562854134,0%,0.182287987,
QM 3195,QM-1033B1 - Estación de carga DPM,TENARIS,Agustín Bereilh,30/04/2026,30/04/2026,00/01/1900,0,Ingeniería,Corte y Plegado,,30/04/2026,0,0,00/01/1900,00/01/1900,Es para QM 2999 pero se va a entregar después,0,,,0,0,0,0,0,,32,0,0,0,0,32,0,0,0,0,0,,,,4,0.519860385,0%,0.103972077,
QM 3196,PAQUETE DE TUBOS SECADOR SVT2610,COOMARPES,Facundo Quintana,04/04/2026,17/04/2026,17/04/2026,Cliente no entrega componentes a tiempo,Stand by,Corte y Plegado,04/05/2026,04/04/2026,0,0,00/01/1900,00/01/1900,0,43,,,,,,,,,,,,,,,,,,,,,,,17,0.069314718,0%,0.103972077,
QM 3197,31109A BOTELLON BAJA PRESIÓN PD-01 SB1,ENERFLEX,Martín Navarro,22/06/2026,22/06/2026,00/01/1900,0,Ingeniería,Corte y Plegado,25/05/2026,22/06/2026,0,0,00/01/1900,00/01/1900,0,38,,,,,,,,,,,,,,,,,,,,,3,,-49,1.208473518,0%,0.391380628,
QM 3198,31109B BOTELLON BAJA PRESIÓN PD-02 DB1,ENERFLEX,Martín Navarro,22/06/2026,22/06/2026,00/01/1900,0,Ingeniería,Corte y Plegado,25/05/2026,22/06/2026,0,0,00/01/1900,00/01/1900,0,38,,,,,,,,,,,,,,,,,,,,,3,,-49,1.208473518,0%,0.391380628,
QM 3199,31109C BOTELLON BAJA PRESIÓN PD-03 SB2,ENERFLEX,Martín Navarro,22/06/2026,22/06/2026,00/01/1900,0,Ingeniería,Corte y Plegado,25/05/2026,22/06/2026,0,0,00/01/1900,00/01/1900,0,38,,,,,,,,,,,,,,,,,,,,,3,,-49,1.208473518,0%,0.391380628,
QM 3200,31109D BOTELLON BAJA PRESIÓN PD-04 DB2,ENERFLEX,Martín Navarro,22/06/2026,22/06/2026,00/01/1900,0,Ingeniería,Corte y Plegado,25/05/2026,22/06/2026,0,0,00/01/1900,00/01/1900,0,38,,,,,,,,,,,,,,,,,,,,,3,,-49,1.208473518,0%,0.391380628,
QM 3201,31109A BOTELLON BAJA PRESIÓN PD-01 SB1,ENERFLEX,Martín Navarro,27/07/2026,27/07/2026,00/01/1900,0,Ingeniería,Corte y Plegado,25/05/2026,27/07/2026,0,0,00/01/1900,00/01/1900,0,36,,,,,,,,,,,,,,,,,,,,,3,,-84,1.208473518,0%,0.391380628,
QM 3202,31109B BOTELLON BAJA PRESIÓN PD-02 DB1,ENERFLEX,Martín Navarro,27/07/2026,27/07/2026,00/01/1900,0,Ingeniería,Corte y Plegado,25/05/2026,27/07/2026,0,0,00/01/1900,00/01/1900,0,36,,,,,,,,,,,,,,,,,,,,,3,,-84,1.208473518,0%,0.391380628,
QM 3203,31109C BOTELLON BAJA PRESIÓN PD-03 SB2,ENERFLEX,Martín Navarro,27/07/2026,27/07/2026,00/01/1900,0,Ingeniería,Corte y Plegado,25/05/2026,27/07/2026,0,0,00/01/1900,00/01/1900,0,36,,,,,,,,,,,,,,,,,,,,,3,,-84,1.208473518,0%,0.391380628,
QM 3204,31109D BOTELLON BAJA PRESIÓN PD-04 DB2,ENERFLEX,Martín Navarro,27/07/2026,27/07/2026,00/01/1900,0,Ingeniería,Corte y Plegado,25/05/2026,27/07/2026,0,0,00/01/1900,00/01/1900,0,36,,,,,,,,,,,,,,,,,,,,,3,,-84,1.208473518,0%,0.391380628,
QM 3205,01017T PILETA FRACTURA SEMIRREMOLQUE - CUADRADA 500 BBL,TENARIS,Santiago Lenzi,18/05/2026,18/05/2026,00/01/1900,0,Metalurgia Tigre,Pintura,11/05/2026,18/05/2026,0,0,00/01/1900,00/01/1900,0,32,,,850,0,170,150,30,1200,257,0,0,0,0,257,0,0,0,0,0,,,21.4%,-14,0.356750194,0%,0.097295507,Ing atrasada
QM 3206,01017T PILETA FRACTURA SEMIRREMOLQUE - CUADRADA 500 BBL,TENARIS,Santiago Lenzi,05/06/2026,05/06/2026,00/01/1900,0,Corte y Plegado,Metalurgia Tigre,27/04/2026,12/06/2026,0,0,00/01/1900,00/01/1900,0,39,,,850,0,170,150,30,1200,258,0,0,0,0,258,0,0,0,0,0,,,21.5%,-32,0.243238769,0%,0.097295507,Ing atrasada
QM 3207,01017T PILETA FRACTURA SEMIRREMOLQUE - CUADRADA 500 BBL,TENARIS,Santiago Lenzi,29/06/2026,29/06/2026,00/01/1900,0,Ingeniería,Corte y Plegado,,07/07/2026,0,0,00/01/1900,00/01/1900,0,39,,,850,0,170,150,30,1200,90,0,0,0,0,90,0,0,0,0,0,,,7.5%,-56,0.243238769,0%,0.097295507,Ing atrasada
QM 3208,01017T PILETA FRACTURA SEMIRREMOLQUE - CUADRADA 500 BBL,TENARIS,Santiago Lenzi,17/07/2026,17/07/2026,00/01/1900,0,Ingeniería,Corte y Plegado,,01/08/2026,0,0,00/01/1900,00/01/1900,0,39,,,850,0,170,150,30,1200,91,0,0,0,0,91,0,0,0,0,0,,,7.5%,-74,0.243238769,0%,0.097295507,Ing atrasada
QM 3209,01017T PILETA FRACTURA SEMIRREMOLQUE - CUADRADA 500 BBL,TENARIS,Santiago Lenzi,10/08/2026,10/08/2026,00/01/1900,0,Ingeniería,Corte y Plegado,,26/08/2026,0,0,00/01/1900,00/01/1900,0,39,,,850,0,170,150,30,1200,37,0,0,0,0,37,0,0,0,0,0,,,3.1%,-98,0.243238769,0%,0.097295507,Ing atrasada
QM 3210,01017T PILETA FRACTURA SEMIRREMOLQUE - CUADRADA 500 BBL,TENARIS,Santiago Lenzi,20/09/2026,20/09/2026,00/01/1900,0,Ingeniería,Corte y Plegado,,20/09/2026,0,0,00/01/1900,00/01/1900,0,39,26/03/2026,26/03/2026,850,0,170,150,30,1200,33,0,0,0,0,33,0,0,0,0,0,,,2.7%,-139,0.243238769,0%,0.097295507,Ing atrasada
QM 3212,MANIFOLD Y SOPORTES KIT DGB HASA x5,FINNING,Facundo Quintana,29/04/2026,08/05/2026,29/04/2026,Cliente no entrega componentes a tiempo,Corte y Plegado,Metalurgia,27/04/2026,29/04/2026,0,0,00/01/1900,00/01/1900,0,0,,,,,,,,,,,,,,,,,,,,,,,5,0.311916231,0%,0.103972077,Esperando componentes
QM 3213,UNIDAD DE CONTROL DE FRACTURA,TENARIS,Agustín Bereilh,30/06/2026,30/06/2026,00/01/1900,0,Sin empezar,Corte y Plegado,,30/06/2026,0,0,00/01/1900,00/01/1900,0,0,,,0,0,0,0,0,,0,0,0,0,3,3,0,0,0,0,0,,1,,-57,0.192854189,0%,0.073589099,
QM 3214,UNIDAD DE CONTROL DE FRACTURA,TENARIS,Agustín Bereilh,30/06/2026,30/06/2026,00/01/1900,0,Sin empezar,Corte y Plegado,,30/06/2026,0,0,00/01/1900,00/01/1900,0,0,,,0,0,0,0,0,,0,0,0,0,2,2,0,0,0,0,0,,1,,-57,0.192854189,0%,0.073589099,
QM 3215,UNIDAD DE CONTROL DE FRACTURA,TENARIS,Agustín Bereilh,30/06/2026,30/06/2026,00/01/1900,0,Sin empezar,Corte y Plegado,,30/06/2026,0,0,00/01/1900,00/01/1900,0,0,,,0,0,0,0,0,,0,0,0,0,3,3,0,0,0,0,0,,1,,-57,0.192854189,0%,0.073589099,
QM 3216,UNIDAD DE CONTROL DE FRACTURA,TENARIS,Agustín Bereilh,30/06/2026,30/06/2026,00/01/1900,0,Sin empezar,Corte y Plegado,,30/06/2026,0,0,00/01/1900,00/01/1900,0,0,,,0,0,0,0,0,,0,0,0,0,3,6,0,0,0,0,0,,1,,-57,0.192854189,0%,0.073589099,
QM 3217,UNIDAD DE CONTROL DE FRACTURA,TENARIS,Agustín Bereilh,30/06/2026,30/06/2026,00/01/1900,0,Sin empezar,Corte y Plegado,,30/06/2026,0,0,00/01/1900,00/01/1900,0,0,,,0,0,0,0,0,,0,0,0,0,3,6,0,0,0,0,0,,1,,-57,0.192854189,0%,0.073589099,
QM 3218,QM-07005A - SEMIRREMOLQUE BASE METALICA 2 EJES (1+1),QME,Facundo Fernández,00/01/1900,00/01/1900,00/01/1900,0,Sin empezar,Corte y Plegado,00/01/1900,00/01/1900,0,0,00/01/1900,00/01/1900,0,0,,,,,,,,,,,,,,,,,,,,,,,,0.069314718,0%,0.034657359,
QM 3219,SKID DI16 + STAMFORD HCI5F,SCANIA,Santiago Lenzi,20/05/2026,20/05/2026,00/01/1900,0,Sin empezar,Corte y Plegado,00/01/1900,20/05/2026,0,0,00/01/1900,00/01/1900,0,0,,,,,,,,,,,,,,,,,,,,,,,-16,0.046209812,0%,0.034657359,
QM 3220,SKID DI16 + STAMFORD HCI5F,SCANIA,Santiago Lenzi,20/05/2026,19/06/2026,00/01/1900,0,Sin empezar,Corte y Plegado,00/01/1900,19/06/2026,0,0,00/01/1900,00/01/1900,0,0,,,,,,,,,,,,,,,,,,,,,,,-46,0.046209812,0%,0.034657359,
QM 3221,SKID DI16 + STAMFORD HCI5F,SCANIA,Santiago Lenzi,20/05/2026,19/06/2026,00/01/1900,0,Sin empezar,Corte y Plegado,00/01/1900,19/06/2026,0,0,00/01/1900,00/01/1900,0,0,,,,,,,,,,,,,,,,,,,,,,,-46,0.046209812,0%,0.034657359,
ODS 1420,ACONDICIONAMIENTO JT 3MM,QME,Agustin Bereilh,29/06/2026,29/06/2026,00/01/1900,0,Ingeniería,Montaje,00/01/1900,00/01/1900,0,0,00/01/1900,00/01/1900,0,0,,,,,,,,,,,,,,,,,,,,,,,-56,0.311916231,0%,0.103972077,
ODS 1421,SISTEMA CONTRA INCENDIO (10 kits),SPI,Facundo Quintana,00/01/1900,00/01/1900,00/01/1900,0,Sin empezar,Corte y Plegado,00/01/1900,29/05/2026,0,0,00/01/1900,00/01/1900,Son 10 kits. 4 van con los equipos en fabricacion 3149-52 y el resto se instala sobre los equipos anteriores en el shop de nqn,0,,,,,,,,,,,,,,,,,,,,,,,,0.207944154,0%,0.311916231,Volar o no?
ODS 1423,PROTECCIÓN DE BAHIA X 4,QME,0,00/01/1900,00/01/1900,00/01/1900,0,Sin empezar,Sin empezar,00/01/1900,00/01/1900,0,0,00/01/1900,00/01/1900,0,0,,,,,,,,,,,,,,,,,,,,,,,,0,0%,0,
ODS 1426,MANIFOLD SUCCION FLUID END,SLB,Martín Navarro,00/01/1900,27/05/2026,00/01/1900,0,0,0,00/01/1900,00/01/1900,0,0,00/01/1900,00/01/1900,0,0,,,,,,,,,,,,,,,,,,,,,,,-23,0.138629436,0%,0.051986039,
ODS 1427,MANIFOLD SUCCION FLUID END,SLB,Martín Navarro,00/01/1900,27/05/2026,00/01/1900,0,0,0,00/01/1900,00/01/1900,0,0,00/01/1900,00/01/1900,0,0,,,,,,,,,,,,,,,,,,,,,,,-23,0.138629436,0%,0.051986039,
ODS 1428,MANIFOLD SUCCION FLUID END,SLB,Martín Navarro,00/01/1900,27/05/2026,00/01/1900,0,0,0,00/01/1900,00/01/1900,0,0,00/01/1900,00/01/1900,0,0,,,,,,,,,,,,,,,,,,,,,,,-23,0.138629436,0%,0.051986039,
0,0,0,0,00/01/1900,00/01/1900,00/01/1900,0,0,0,00/01/1900,00/01/1900,0,0,00/01/1900,00/01/1900,0,0,,,,,,,,,,,,,,,,,,,,,,,,0,0%,0,
0,0,0,0,00/01/1900,00/01/1900,00/01/1900,0,0,0,00/01/1900,00/01/1900,0,0,00/01/1900,00/01/1900,0,0,,,,,,,,,,,,,,,,,,,,,,,,0,0%,0,
0,0,0,0,00/01/1900,00/01/1900,00/01/1900,0,0,0,00/01/1900,00/01/1900,0,0,00/01/1900,00/01/1900,0,0,,,,,,,,,,,,,,,,,,,,,,,,0,0%,0,
0,0,0,0,00/01/1900,00/01/1900,00/01/1900,0,0,0,00/01/1900,00/01/1900,0,0,00/01/1900,00/01/1900,0,0,,,,,,,,,,,,,,,,,,,,,,,,0,0%,0,
0,0,0,0,00/01/1900,00/01/1900,00/01/1900,0,0,0,00/01/1900,00/01/1900,0,0,00/01/1900,00/01/1900,0,0,,,,,,,,,,,,,,,,,,,,,,,,0,0%,0,
0,0,0,0,00/01/1900,00/01/1900,00/01/1900,0,0,0,00/01/1900,00/01/1900,0,0,00/01/1900,00/01/1900,0,0,,,,,,,,,,,,,,,,,,,,,,,,0,0%,0,
0,0,0,0,00/01/1900,00/01/1900,00/01/1900,0,0,0,00/01/1900,00/01/1900,0,0,00/01/1900,00/01/1900,0,0,,,,,,,,,,,,,,,,,,,,,,,,0,0%,0,
0,0,0,0,00/01/1900,00/01/1900,00/01/1900,0,0,0,00/01/1900,00/01/1900,0,0,00/01/1900,00/01/1900,0,0,,,,,,,,,,,,,,,,,,,,,,,,0,0%,0,
0,0,0,0,00/01/1900,00/01/1900,00/01/1900,0,0,0,00/01/1900,00/01/1900,0,0,00/01/1900,00/01/1900,0,0,,,,,,,,,,,,,,,,,,,,,,,,0,0%,0,
0,0,0,0,00/01/1900,00/01/1900,00/01/1900,0,0,0,00/01/1900,00/01/1900,0,0,00/01/1900,00/01/1900,0,0,,,,,,,,,,,,,,,,,,,,,,,,0,0%,0,
0,0,0,0,00/01/1900,00/01/1900,00/01/1900,0,0,0,00/01/1900,00/01/1900,0,0,00/01/1900,00/01/1900,0,0,,,,,,,,,,,,,,,,,,,,,,,,0,0%,0,
0,0,0,0,00/01/1900,00/01/1900,00/01/1900,0,0,0,00/01/1900,00/01/1900,0,0,00/01/1900,00/01/1900,0,0,,,,,,,,,,,,,,,,,,,,,,,,0,0%,0,
0,0,0,0,00/01/1900,00/01/1900,00/01/1900,0,0,0,00/01/1900,00/01/1900,0,0,00/01/1900,00/01/1900,0,0,,,,,,,,,,,,,,,,,,,,,,,,0,0%,0,
0,0,0,0,00/01/1900,00/01/1900,00/01/1900,0,0,0,00/01/1900,00/01/1900,0,0,00/01/1900,00/01/1900,0,0,,,,,,,,,,,,,,,,,,,,,,,,0,0%,0,
0,0,0,0,00/01/1900,00/01/1900,00/01/1900,0,0,0,00/01/1900,00/01/1900,0,0,00/01/1900,00/01/1900,0,0,,,,,,,,,,,,,,,,,,,,,,,,0,0%,0,
0,0,0,0,00/01/1900,00/01/1900,00/01/1900,0,0,0,00/01/1900,00/01/1900,0,0,00/01/1900,00/01/1900,0,0,,,,,,,,,,,,,,,,,,,,,,,,0,0%,0,
0,0,0,0,00/01/1900,00/01/1900,00/01/1900,0,0,0,00/01/1900,00/01/1900,0,0,00/01/1900,00/01/1900,0,0,,,,,,,,,,,,,,,,,,,,,,,,0,0%,0,
0,0,0,0,00/01/1900,00/01/1900,00/01/1900,0,0,0,00/01/1900,00/01/1900,0,0,00/01/1900,00/01/1900,0,0,,,,,,,,,,,,,,,,,,,,,,,,0,0%,0,
0,0,0,0,00/01/1900,00/01/1900,00/01/1900,0,0,0,00/01/1900,00/01/1900,0,0,00/01/1900,00/01/1900,0,0,,,,,,,,,,,,,,,,,,,,,,,,0,0%,0,
0,0,0,0,00/01/1900,00/01/1900,00/01/1900,0,0,0,00/01/1900,00/01/1900,0,0,00/01/1900,00/01/1900,0,0,,,,,,,,,,,,,,,,,,,,,,,,0,0%,0,
0,0,0,0,00/01/1900,00/01/1900,00/01/1900,0,0,0,00/01/1900,00/01/1900,0,0,00/01/1900,00/01/1900,0,0,,,,,,,,,,,,,,,,,,,,,,,,0,0%,0,
0,0,0,0,00/01/1900,00/01/1900,00/01/1900,0,0,0,00/01/1900,00/01/1900,0,0,00/01/1900,00/01/1900,0,0,,,,,,,,,,,,,,,,,,,,,,,,0,0%,0,
0,0,0,0,00/01/1900,00/01/1900,00/01/1900,0,0,0,00/01/1900,00/01/1900,0,0,00/01/1900,00/01/1900,0,0,,,,,,,,,,,,,,,,,,,,,,,,0,0%,0,
0,0,0,0,00/01/1900,00/01/1900,00/01/1900,0,0,0,00/01/1900,00/01/1900,0,0,00/01/1900,00/01/1900,0,0,,,,,,,,,,,,,,,,,,,,,,,,0,0%,0,
0,0,0,0,00/01/1900,00/01/1900,00/01/1900,0,0,0,00/01/1900,00/01/1900,0,0,00/01/1900,00/01/1900,0,0,,,,,,,,,,,,,,,,,,,,,,,,0,0%,0,
0,0,0,0,00/01/1900,00/01/1900,00/01/1900,0,0,0,00/01/1900,00/01/1900,0,0,00/01/1900,00/01/1900,0,0,,,,,,,,,,,,,,,,,,,,,,,,0,0%,0,
0,0,0,0,00/01/1900,00/01/1900,00/01/1900,0,0,0,00/01/1900,00/01/1900,0,0,00/01/1900,00/01/1900,0,0,,,,,,,,,,,,,,,,,,,,,,,,0,0%,0,
0,0,0,0,00/01/1900,00/01/1900,00/01/1900,0,0,0,00/01/1900,00/01/1900,0,0,00/01/1900,00/01/1900,0,0,,,,,,,,,,,,,,,,,,,,,,,,0,0%,0,
0,0,0,0,00/01/1900,00/01/1900,00/01/1900,0,0,0,00/01/1900,00/01/1900,0,0,00/01/1900,00/01/1900,0,0,,,,,,,,,,,,,,,,,,,,,,,,0,0%,0,
0,0,0,0,00/01/1900,00/01/1900,00/01/1900,0,0,0,00/01/1900,00/01/1900,0,0,00/01/1900,00/01/1900,0,0,,,,,,,,,,,,,,,,,,,,,,,,0,0%,0,
0,0,0,0,00/01/1900,00/01/1900,00/01/1900,0,0,0,00/01/1900,00/01/1900,0,0,00/01/1900,00/01/1900,0,0,,,,,,,,,,,,,,,,,,,,,,,,0,0%,0,
0,0,0,0,00/01/1900,00/01/1900,00/01/1900,0,0,0,00/01/1900,00/01/1900,0,0,00/01/1900,00/01/1900,0,0,,,,,,,,,,,,,,,,,,,,,,,,0,0%,0,
0,0,0,0,00/01/1900,00/01/1900,00/01/1900,0,0,0,00/01/1900,00/01/1900,0,0,00/01/1900,00/01/1900,0,0,,,,,,,,,,,,,,,,,,,,,,,,0,0%,0,
0,0,0,0,00/01/1900,00/01/1900,00/01/1900,0,0,0,00/01/1900,00/01/1900,0,0,00/01/1900,00/01/1900,0,0,,,,,,,,,,,,,,,,,,,,,,,,0,0%,0,
0,0,0,0,00/01/1900,00/01/1900,00/01/1900,0,0,0,00/01/1900,00/01/1900,0,0,00/01/1900,00/01/1900,0,0,,,,,,,,,,,,,,,,,,,,,,,,0,0%,0,
0,0,0,0,00/01/1900,00/01/1900,00/01/1900,0,0,0,00/01/1900,00/01/1900,0,0,00/01/1900,00/01/1900,0,0,,,,,,,,,,,,,,,,,,,,,,,,0,0%,0,
0,0,0,0,00/01/1900,00/01/1900,00/01/1900,0,0,0,00/01/1900,00/01/1900,0,0,00/01/1900,00/01/1900,0,0,,,,,,,,,,,,,,,,,,,,,,,,0,0%,0,
0,0,0,0,00/01/1900,00/01/1900,00/01/1900,0,0,0,00/01/1900,00/01/1900,0,0,00/01/1900,00/01/1900,0,0,,,,,,,,,,,,,,,,,,,,,,,,0,0%,0,
0,0,0,0,00/01/1900,00/01/1900,00/01/1900,0,0,0,00/01/1900,00/01/1900,0,0,00/01/1900,00/01/1900,0,0,,,,,,,,,,,,,,,,,,,,,,,,0,0%,0,
0,0,0,0,00/01/1900,00/01/1900,00/01/1900,0,0,0,00/01/1900,00/01/1900,0,0,00/01/1900,00/01/1900,0,0,,,,,,,,,,,,,,,,,,,,,,,,0,0%,0,
0,0,0,0,00/01/1900,00/01/1900,00/01/1900,0,0,0,00/01/1900,00/01/1900,0,0,00/01/1900,00/01/1900,0,0,,,,,,,,,,,,,,,,,,,,,,,,0,0%,0,
0,0,0,0,00/01/1900,00/01/1900,00/01/1900,0,0,0,00/01/1900,00/01/1900,0,0,00/01/1900,00/01/1900,0,0,,,,,,,,,,,,,,,,,,,,,,,,0,0%,0,
0,0,0,0,00/01/1900,00/01/1900,00/01/1900,0,0,0,00/01/1900,00/01/1900,0,0,00/01/1900,00/01/1900,0,0,,,,,,,,,,,,,,,,,,,,,,,,0,0%,0,
0,0,0,0,00/01/1900,00/01/1900,00/01/1900,0,0,0,00/01/1900,00/01/1900,0,0,00/01/1900,00/01/1900,0,0,,,,,,,,,,,,,,,,,,,,,,,,0,0%,0,
0,0,0,0,00/01/1900,00/01/1900,00/01/1900,0,0,0,00/01/1900,00/01/1900,0,0,00/01/1900,00/01/1900,0,0,,,,,,,,,,,,,,,,,,,,,,,,0,0%,0,
0,0,0,0,00/01/1900,00/01/1900,00/01/1900,0,0,0,00/01/1900,00/01/1900,0,0,00/01/1900,00/01/1900,0,0,,,,,,,,,,,,,,,,,,,,,,,,0,0%,0,
0,0,0,0,00/01/1900,00/01/1900,00/01/1900,0,0,0,00/01/1900,00/01/1900,0,0,00/01/1900,00/01/1900,0,0,,,,,,,,,,,,,,,,,,,,,,,,0,0%,0,
0,0,0,0,00/01/1900,00/01/1900,00/01/1900,0,0,0,00/01/1900,00/01/1900,0,0,00/01/1900,00/01/1900,0,0,,,,,,,,,,,,,,,,,,,,,,,,0,0%,0,
0,0,0,0,00/01/1900,00/01/1900,00/01/1900,0,0,0,00/01/1900,00/01/1900,0,0,00/01/1900,00/01/1900,0,0,,,,,,,,,,,,,,,,,,,,,,,,0,0%,0,
0,0,0,0,00/01/1900,00/01/1900,00/01/1900,0,0,0,00/01/1900,00/01/1900,0,0,00/01/1900,00/01/1900,0,0,,,,,,,,,,,,,,,,,,,,,,,,0,0%,0,
0,0,0,0,00/01/1900,00/01/1900,00/01/1900,0,0,0,00/01/1900,00/01/1900,0,0,00/01/1900,00/01/1900,0,0,,,,,,,,,,,,,,,,,,,,,,,,0,0%,0,
0,0,0,0,00/01/1900,00/01/1900,00/01/1900,0,0,0,00/01/1900,00/01/1900,0,0,00/01/1900,00/01/1900,0,0,,,,,,,,,,,,,,,,,,,,,,,,0,0%,0,
0,0,0,0,00/01/1900,00/01/1900,00/01/1900,0,0,0,00/01/1900,00/01/1900,0,0,00/01/1900,00/01/1900,0,0,,,,,,,,,,,,,,,,,,,,,,,,0,0%,0,
0,0,0,0,00/01/1900,00/01/1900,00/01/1900,0,0,0,00/01/1900,00/01/1900,0,0,00/01/1900,00/01/1900,0,0,,,,,,,,,,,,,,,,,,,,,,,,0,0%,0,
0,0,0,0,00/01/1900,00/01/1900,00/01/1900,0,0,0,00/01/1900,00/01/1900,0,0,00/01/1900,00/01/1900,0,0,,,,,,,,,,,,,,,,,,,,,,,,0,0%,0,
0,0,0,0,00/01/1900,00/01/1900,00/01/1900,0,0,0,00/01/1900,00/01/1900,0,0,00/01/1900,00/01/1900,0,0,,,,,,,,,,,,,,,,,,,,,,,,0,0%,0,
0,0,0,0,00/01/1900,00/01/1900,00/01/1900,0,0,0,00/01/1900,00/01/1900,0,0,00/01/1900,00/01/1900,0,0,,,,,,,,,,,,,,,,,,,,,,,,0,0%,0,
0,0,0,0,00/01/1900,00/01/1900,00/01/1900,0,0,0,00/01/1900,00/01/1900,0,0,00/01/1900,00/01/1900,0,0,,,,,,,,,,,,,,,,,,,,,,,,,0%,,
0,0,0,0,00/01/1900,00/01/1900,00/01/1900,0,0,0,00/01/1900,00/01/1900,0,0,00/01/1900,00/01/1900,0,0,,,,,,,,,,,,,,,,,,,,,,,,,0%,,
0,0,0,0,00/01/1900,00/01/1900,00/01/1900,0,0,0,00/01/1900,00/01/1900,0,0,00/01/1900,00/01/1900,0,0,,,,,,,,,,,,,,,,,,,,,,,,,0%,,
0,0,0,0,00/01/1900,00/01/1900,00/01/1900,0,0,0,00/01/1900,00/01/1900,0,0,00/01/1900,00/01/1900,0,0,,,,,,,,,,,,,,,,,,,,,,,,,0%,,
0,0,0,0,00/01/1900,00/01/1900,00/01/1900,0,0,0,00/01/1900,00/01/1900,0,0,00/01/1900,00/01/1900,0,0,,,,,,,,,,,,,,,,,,,,,,,,,0%,,
0,0,0,0,00/01/1900,00/01/1900,00/01/1900,0,0,0,00/01/1900,00/01/1900,0,0,00/01/1900,00/01/1900,0,0,,,,,,,,,,,,,,,,,,,,,,,,,0%,,
0,0,0,0,00/01/1900,00/01/1900,00/01/1900,0,0,0,00/01/1900,00/01/1900,0,0,00/01/1900,00/01/1900,0,0,,,,,,,,,,,,,,,,,,,,,,,,,0%,,
0,0,0,0,00/01/1900,00/01/1900,00/01/1900,0,0,0,00/01/1900,00/01/1900,0,0,00/01/1900,00/01/1900,0,0,,,,,,,,,,,,,,,,,,,,,,,,,0%,,
0,0,0,0,00/01/1900,00/01/1900,00/01/1900,0,0,0,00/01/1900,00/01/1900,0,0,00/01/1900,00/01/1900,0,0,,,,,,,,,,,,,,,,,,,,,,,,,0%,,
0,0,0,0,00/01/1900,00/01/1900,00/01/1900,0,0,0,00/01/1900,00/01/1900,0,0,00/01/1900,00/01/1900,0,0,,,,,,,,,,,,,,,,,,,,,,,,,0%,,
0,0,0,0,00/01/1900,00/01/1900,00/01/1900,0,0,0,00/01/1900,00/01/1900,0,0,00/01/1900,00/01/1900,0,0,,,,,,,,,,,,,,,,,,,,,,,,,0%,,
0,0,0,0,00/01/1900,00/01/1900,00/01/1900,0,0,0,00/01/1900,00/01/1900,0,0,00/01/1900,00/01/1900,0,0,,,,,,,,,,,,,,,,,,,,,,,,,0%,,
0,0,0,0,00/01/1900,00/01/1900,00/01/1900,0,0,0,00/01/1900,00/01/1900,0,0,00/01/1900,00/01/1900,0,0,,,,,,,,,,,,,,,,,,,,,,,,,0%,,
0,0,0,0,00/01/1900,00/01/1900,00/01/1900,0,0,0,00/01/1900,00/01/1900,0,0,00/01/1900,00/01/1900,0,0,,,,,,,,,,,,,,,,,,,,,,,,,0%,,
0,0,0,0,00/01/1900,00/01/1900,00/01/1900,0,0,0,00/01/1900,00/01/1900,0,0,00/01/1900,00/01/1900,0,0,,,,,,,,,,,,,,,,,,,,,,,,,0%,,
0,0,0,0,00/01/1900,00/01/1900,00/01/1900,0,0,0,00/01/1900,00/01/1900,0,0,00/01/1900,00/01/1900,0,0,,,,,,,,,,,,,,,,,,,,,,,,,0%,,
0,0,0,0,00/01/1900,00/01/1900,00/01/1900,0,0,0,00/01/1900,00/01/1900,0,0,00/01/1900,00/01/1900,0,0,,,,,,,,,,,,,,,,,,,,,,,,,0%,,
0,0,0,0,00/01/1900,00/01/1900,00/01/1900,0,0,0,00/01/1900,00/01/1900,0,0,00/01/1900,00/01/1900,0,0,,,,,,,,,,,,,,,,,,,,,,,,,0%,,
0,0,0,0,00/01/1900,00/01/1900,00/01/1900,0,0,0,00/01/1900,00/01/1900,0,0,00/01/1900,00/01/1900,0,0,,,,,,,,,,,,,,,,,,,,,,,,,0%,,
0,0,0,0,00/01/1900,00/01/1900,00/01/1900,0,0,0,00/01/1900,00/01/1900,0,0,00/01/1900,00/01/1900,0,0,,,,,,,,,,,,,,,,,,,,,,,,,0%,,
0,0,0,0,00/01/1900,00/01/1900,00/01/1900,0,0,0,00/01/1900,00/01/1900,0,0,00/01/1900,00/01/1900,0,0,,,,,,,,,,,,,,,,,,,,,,,,,0%,,
0,0,0,0,00/01/1900,00/01/1900,00/01/1900,0,0,0,00/01/1900,00/01/1900,0,0,00/01/1900,00/01/1900,0,0,,,,,,,,,,,,,,,,,,,,,,,,,0%,,
0,0,0,0,00/01/1900,00/01/1900,00/01/1900,0,0,0,00/01/1900,00/01/1900,0,0,00/01/1900,00/01/1900,0,0,,,,,,,,,,,,,,,,,,,,,,,,,0%,,
0,0,0,0,00/01/1900,00/01/1900,00/01/1900,0,0,0,00/01/1900,00/01/1900,0,0,00/01/1900,00/01/1900,0,0,,,,,,,,,,,,,,,,,,,,,,,,,0%,,
0,0,0,0,00/01/1900,00/01/1900,00/01/1900,0,0,0,00/01/1900,00/01/1900,0,0,00/01/1900,00/01/1900,0,0,,,,,,,,,,,,,,,,,,,,,,,,,0%,,
0,0,0,0,00/01/1900,00/01/1900,00/01/1900,0,0,0,00/01/1900,00/01/1900,0,0,00/01/1900,00/01/1900,0,0,,,,,,,,,,,,,,,,,,,,,,,,,0%,,
0,0,0,0,00/01/1900,00/01/1900,00/01/1900,0,0,0,00/01/1900,00/01/1900,0,0,00/01/1900,00/01/1900,0,0,,,,,,,,,,,,,,,,,,,,,,,,,0%,,
0,0,0,0,00/01/1900,00/01/1900,00/01/1900,0,0,0,00/01/1900,00/01/1900,0,0,00/01/1900,00/01/1900,0,0,,,,,,,,,,,,,,,,,,,,,,,,,0%,,
0,0,0,0,00/01/1900,00/01/1900,00/01/1900,0,0,0,00/01/1900,00/01/1900,0,0,00/01/1900,00/01/1900,0,0,,,,,,,,,,,,,,,,,,,,,,,,,0%,,
0,0,0,0,00/01/1900,00/01/1900,00/01/1900,0,0,0,00/01/1900,00/01/1900,0,0,00/01/1900,00/01/1900,0,0,,,,,,,,,,,,,,,,,,,,,,,,,0%,,
0,0,0,0,00/01/1900,00/01/1900,00/01/1900,0,0,0,00/01/1900,00/01/1900,0,0,00/01/1900,00/01/1900,0,0,,,,,,,,,,,,,,,,,,,,,,,,,0%,,
0,0,0,0,00/01/1900,00/01/1900,00/01/1900,0,0,0,00/01/1900,00/01/1900,0,0,00/01/1900,00/01/1900,0,0,,,,,,,,,,,,,,,,,,,,,,,,,0%,,
0,0,0,0,00/01/1900,00/01/1900,00/01/1900,0,0,0,00/01/1900,00/01/1900,0,0,00/01/1900,00/01/1900,0,0,,,,,,,,,,,,,,,,,,,,,,,,,0%,,
0,0,0,0,00/01/1900,00/01/1900,00/01/1900,0,0,0,00/01/1900,00/01/1900,0,0,00/01/1900,00/01/1900,0,0,,,,,,,,,,,,,,,,,,,,,,,,,0%,,
0,0,0,0,00/01/1900,00/01/1900,00/01/1900,0,0,0,00/01/1900,00/01/1900,0,0,00/01/1900,00/01/1900,0,0,,,,,,,,,,,,,,,,,,,,,,,,,0%,,
0,0,0,0,00/01/1900,00/01/1900,00/01/1900,0,0,0,00/01/1900,00/01/1900,0,0,00/01/1900,00/01/1900,0,0,,,,,,,,,,,,,,,,,,,,,,,,,0%,,
0,0,0,0,00/01/1900,00/01/1900,00/01/1900,0,0,0,00/01/1900,00/01/1900,0,0,00/01/1900,00/01/1900,0,0,,,,,,,,,,,,,,,,,,,,,,,,,0%,,
0,0,0,0,00/01/1900,00/01/1900,00/01/1900,0,0,0,00/01/1900,00/01/1900,0,0,00/01/1900,00/01/1900,0,0,,,,,,,,,,,,,,,,,,,,,,,,,0%,,
0,0,0,0,00/01/1900,00/01/1900,00/01/1900,0,0,0,00/01/1900,00/01/1900,0,0,00/01/1900,00/01/1900,0,0,,,,,,,,,,,,,,,,,,,,,,,,,0%,,
0,0,0,0,00/01/1900,00/01/1900,00/01/1900,0,0,0,00/01/1900,00/01/1900,0,0,00/01/1900,00/01/1900,0,0,,,,,,,,,,,,,,,,,,,,,,,,,0%,,
0,0,0,0,00/01/1900,00/01/1900,00/01/1900,0,0,0,00/01/1900,00/01/1900,0,0,00/01/1900,00/01/1900,0,0,,,,,,,,,,,,,,,,,,,,,,,,,0%,,
0,0,0,0,00/01/1900,00/01/1900,00/01/1900,0,0,0,00/01/1900,00/01/1900,0,0,00/01/1900,00/01/1900,0,0,,,,,,,,,,,,,,,,,,,,,,,,,0%,,
0,0,0,0,00/01/1900,00/01/1900,00/01/1900,0,0,0,00/01/1900,00/01/1900,0,0,00/01/1900,00/01/1900,0,0,,,,,,,,,,,,,,,,,,,,,,,,,0%,,
0,0,0,0,00/01/1900,00/01/1900,00/01/1900,0,0,0,00/01/1900,00/01/1900,0,0,00/01/1900,00/01/1900,0,0,,,,,,,,,,,,,,,,,,,,,,,,,0%,,
0,0,0,0,00/01/1900,00/01/1900,00/01/1900,0,0,0,00/01/1900,00/01/1900,0,0,00/01/1900,00/01/1900,0,0,,,,,,,,,,,,,,,,,,,,,,,,,0%,,
0,0,0,0,00/01/1900,00/01/1900,00/01/1900,0,0,0,00/01/1900,00/01/1900,0,0,00/01/1900,00/01/1900,0,0,,,,,,,,,,,,,,,,,,,,,,,,,0%,,
0,0,0,0,00/01/1900,00/01/1900,00/01/1900,0,0,0,00/01/1900,00/01/1900,0,0,00/01/1900,00/01/1900,0,0,,,,,,,,,,,,,,,,,,,,,,,,,0%,,
0,0,0,0,00/01/1900,00/01/1900,00/01/1900,0,0,0,00/01/1900,00/01/1900,0,0,00/01/1900,00/01/1900,0,0,,,,,,,,,,,,,,,,,,,,,,,,,0%,,
0,0,0,0,00/01/1900,00/01/1900,00/01/1900,0,0,0,00/01/1900,00/01/1900,0,0,00/01/1900,00/01/1900,0,0,,,,,,,,,,,,,,,,,,,,,,,,,0%,,
0,0,0,0,00/01/1900,00/01/1900,00/01/1900,0,0,0,00/01/1900,00/01/1900,0,0,00/01/1900,00/01/1900,0,0,,,,,,,,,,,,,,,,,,,,,,,,,0%,,
0,0,0,0,00/01/1900,00/01/1900,00/01/1900,0,0,0,00/01/1900,00/01/1900,0,0,00/01/1900,00/01/1900,0,0,,,,,,,,,,,,,,,,,,,,,,,,,0%,,
0,0,0,0,00/01/1900,00/01/1900,00/01/1900,0,0,0,00/01/1900,00/01/1900,0,0,00/01/1900,00/01/1900,0,0,,,,,,,,,,,,,,,,,,,,,,,,,0%,,
0,0,0,0,00/01/1900,00/01/1900,00/01/1900,0,0,0,00/01/1900,00/01/1900,0,0,00/01/1900,00/01/1900,0,0,,,,,,,,,,,,,,,,,,,,,,,,,0%,,
0,0,0,0,00/01/1900,00/01/1900,00/01/1900,0,0,0,00/01/1900,00/01/1900,0,0,00/01/1900,00/01/1900,0,0,,,,,,,,,,,,,,,,,,,,,,,,,0%,,
0,0,0,0,00/01/1900,00/01/1900,00/01/1900,0,0,0,00/01/1900,00/01/1900,0,0,00/01/1900,00/01/1900,0,0,,,,,,,,,,,,,,,,,,,,,,,,,0%,,
0,0,0,0,00/01/1900,00/01/1900,00/01/1900,0,0,0,00/01/1900,00/01/1900,0,0,00/01/1900,00/01/1900,0,0,,,,,,,,,,,,,,,,,,,,,,,,,0%,,
0,0,0,0,00/01/1900,00/01/1900,00/01/1900,0,0,0,00/01/1900,00/01/1900,0,0,00/01/1900,00/01/1900,0,0,,,,,,,,,,,,,,,,,,,,,,,,,0%,,
0,0,0,0,00/01/1900,00/01/1900,00/01/1900,0,0,0,00/01/1900,00/01/1900,0,0,00/01/1900,00/01/1900,0,0,,,,,,,,,,,,,,,,,,,,,,,,,0%,,
0,0,0,0,00/01/1900,00/01/1900,00/01/1900,0,0,0,00/01/1900,00/01/1900,0,0,00/01/1900,00/01/1900,0,0,,,,,,,,,,,,,,,,,,,,,,,,,0%,,
0,0,0,0,00/01/1900,00/01/1900,00/01/1900,0,0,0,00/01/1900,00/01/1900,0,0,00/01/1900,00/01/1900,0,0,,,,,,,,,,,,,,,,,,,,,,,,,0%,,
0,0,0,0,00/01/1900,00/01/1900,00/01/1900,0,0,0,00/01/1900,00/01/1900,0,0,00/01/1900,00/01/1900,0,0,,,,,,,,,,,,,,,,,,,,,,,,,0%,,
0,0,0,0,00/01/1900,00/01/1900,00/01/1900,0,0,0,00/01/1900,00/01/1900,0,0,00/01/1900,00/01/1900,0,0,,,,,,,,,,,,,,,,,,,,,,,,,0%,,
0,0,0,0,00/01/1900,00/01/1900,00/01/1900,0,0,0,00/01/1900,00/01/1900,0,0,00/01/1900,00/01/1900,0,0,,,,,,,,,,,,,,,,,,,,,,,,,0%,,
0,0,0,0,00/01/1900,00/01/1900,00/01/1900,0,0,0,00/01/1900,00/01/1900,0,0,00/01/1900,00/01/1900,0,0,,,,,,,,,,,,,,,,,,,,,,,,,0%,,
0,0,0,0,00/01/1900,00/01/1900,00/01/1900,0,0,0,00/01/1900,00/01/1900,0,0,00/01/1900,00/01/1900,0,0,,,,,,,,,,,,,,,,,,,,,,,,,0%,,
0,0,0,0,00/01/1900,00/01/1900,00/01/1900,0,0,0,00/01/1900,00/01/1900,0,0,00/01/1900,00/01/1900,0,0,,,,,,,,,,,,,,,,,,,,,,,,,0%,,
0,0,0,0,00/01/1900,00/01/1900,00/01/1900,0,0,0,00/01/1900,00/01/1900,0,0,00/01/1900,00/01/1900,0,0,,,,,,,,,,,,,,,,,,,,,,,,,0%,,
0,0,0,0,00/01/1900,00/01/1900,00/01/1900,0,0,0,00/01/1900,00/01/1900,0,0,00/01/1900,00/01/1900,0,0,,,,,,,,,,,,,,,,,,,,,,,,,0%,,
0,0,0,0,00/01/1900,00/01/1900,00/01/1900,0,0,0,00/01/1900,00/01/1900,0,0,00/01/1900,00/01/1900,0,0,,,,,,,,,,,,,,,,,,,,,,,,,0%,,
0,0,0,0,00/01/1900,00/01/1900,00/01/1900,0,0,0,00/01/1900,00/01/1900,0,0,00/01/1900,00/01/1900,0,0,,,,,,,,,,,,,,,,,,,,,,,,,0%,,
0,0,0,0,00/01/1900,00/01/1900,00/01/1900,0,0,0,00/01/1900,00/01/1900,0,0,00/01/1900,00/01/1900,0,0,,,,,,,,,,,,,,,,,,,,,,,,,0%,,
0,0,0,0,00/01/1900,00/01/1900,00/01/1900,0,0,0,00/01/1900,00/01/1900,0,0,00/01/1900,00/01/1900,0,0,,,,,,,,,,,,,,,,,,,,,,,,,0%,,
0,0,0,0,00/01/1900,00/01/1900,00/01/1900,0,0,0,00/01/1900,00/01/1900,0,0,00/01/1900,00/01/1900,0,0,,,,,,,,,,,,,,,,,,,,,,,,,0%,,
0,0,0,0,00/01/1900,00/01/1900,00/01/1900,0,0,0,00/01/1900,00/01/1900,0,0,00/01/1900,00/01/1900,0,0,,,,,,,,,,,,,,,,,,,,,,,,,0%,,
0,0,0,0,00/01/1900,00/01/1900,00/01/1900,0,0,0,00/01/1900,00/01/1900,0,0,00/01/1900,00/01/1900,0,0,,,,,,,,,,,,,,,,,,,,,,,,,0%,,
0,0,0,0,00/01/1900,00/01/1900,00/01/1900,0,0,0,00/01/1900,00/01/1900,0,0,00/01/1900,00/01/1900,0,0,,,,,,,,,,,,,,,,,,,,,,,,,0%,,
0,0,0,0,00/01/1900,00/01/1900,00/01/1900,0,0,0,00/01/1900,00/01/1900,0,0,00/01/1900,00/01/1900,0,0,,,,,,,,,,,,,,,,,,,,,,,,,0%,,
0,0,0,0,00/01/1900,00/01/1900,00/01/1900,0,0,0,00/01/1900,00/01/1900,0,0,00/01/1900,00/01/1900,0,0,,,,,,,,,,,,,,,,,,,,,,,,,0%,,
0,0,0,0,00/01/1900,00/01/1900,00/01/1900,0,0,0,00/01/1900,00/01/1900,0,0,00/01/1900,00/01/1900,0,0,,,,,,,,,,,,,,,,,,,,,,,,,0%,,
0,0,0,0,00/01/1900,00/01/1900,00/01/1900,0,0,0,00/01/1900,00/01/1900,0,0,00/01/1900,00/01/1900,0,0,,,,,,,,,,,,,,,,,,,,,,,,,0%,,
0,0,0,0,00/01/1900,00/01/1900,00/01/1900,0,0,0,00/01/1900,00/01/1900,0,0,00/01/1900,00/01/1900,0,0,,,,,,,,,,,,,,,,,,,,,,,,,0%,,
0,0,0,0,00/01/1900,00/01/1900,00/01/1900,0,0,0,00/01/1900,00/01/1900,0,0,00/01/1900,00/01/1900,0,0,,,,,,,,,,,,,,,,,,,,,,,,,0%,,
0,0,0,0,00/01/1900,00/01/1900,00/01/1900,0,0,0,00/01/1900,00/01/1900,0,0,00/01/1900,00/01/1900,0,0,,,,,,,,,,,,,,,,,,,,,,,,,0%,,
0,0,0,0,00/01/1900,00/01/1900,00/01/1900,0,0,0,00/01/1900,00/01/1900,0,0,00/01/1900,00/01/1900,0,0,,,,,,,,,,,,,,,,,,,,,,,,,0%,,
0,0,0,0,00/01/1900,00/01/1900,00/01/1900,0,0,0,00/01/1900,00/01/1900,0,0,00/01/1900,00/01/1900,0,0,,,,,,,,,,,,,,,,,,,,,,,,,0%,,
0,0,0,0,00/01/1900,00/01/1900,00/01/1900,0,0,0,00/01/1900,00/01/1900,0,0,00/01/1900,00/01/1900,0,0,,,,,,,,,,,,,,,,,,,,,,,,,0%,,
0,0,0,0,00/01/1900,00/01/1900,00/01/1900,0,0,0,00/01/1900,00/01/1900,0,0,00/01/1900,00/01/1900,0,0,,,,,,,,,,,,,,,,,,,,,,,,,0%,,
0,0,0,0,00/01/1900,00/01/1900,00/01/1900,0,0,0,00/01/1900,00/01/1900,0,0,00/01/1900,00/01/1900,0,0,,,,,,,,,,,,,,,,,,,,,,,,,0%,,
0,0,0,0,00/01/1900,00/01/1900,00/01/1900,0,0,0,00/01/1900,00/01/1900,0,0,00/01/1900,00/01/1900,0,0,,,,,,,,,,,,,,,,,,,,,,,,,0%,,
0,0,0,0,00/01/1900,00/01/1900,00/01/1900,0,0,0,00/01/1900,00/01/1900,0,0,00/01/1900,00/01/1900,0,0,,,,,,,,,,,,,,,,,,,,,,,,,0%,,
0,0,0,0,00/01/1900,00/01/1900,00/01/1900,0,0,0,00/01/1900,00/01/1900,0,0,00/01/1900,00/01/1900,0,0,,,,,,,,,,,,,,,,,,,,,,,,,0%,,
0,0,0,0,00/01/1900,00/01/1900,00/01/1900,0,0,0,00/01/1900,00/01/1900,0,0,00/01/1900,00/01/1900,0,0,,,,,,,,,,,,,,,,,,,,,,,,,0%,,
0,0,0,0,00/01/1900,00/01/1900,00/01/1900,0,0,0,00/01/1900,00/01/1900,0,0,00/01/1900,00/01/1900,0,0,,,,,,,,,,,,,,,,,,,,,,,,,0%,,
0,0,0,0,00/01/1900,00/01/1900,00/01/1900,0,0,0,00/01/1900,00/01/1900,0,0,00/01/1900,00/01/1900,0,0,,,,,,,,,,,,,,,,,,,,,,,,,0%,,
0,0,0,0,00/01/1900,00/01/1900,00/01/1900,0,0,0,00/01/1900,00/01/1900,0,0,00/01/1900,00/01/1900,0,0,,,,,,,,,,,,,,,,,,,,,,,,,0%,,
0,0,0,0,00/01/1900,00/01/1900,00/01/1900,0,0,0,00/01/1900,00/01/1900,0,0,00/01/1900,00/01/1900,0,0,,,,,,,,,,,,,,,,,,,,,,,,,0%,,
0,0,0,0,00/01/1900,00/01/1900,00/01/1900,0,0,0,00/01/1900,00/01/1900,0,0,00/01/1900,00/01/1900,0,0,,,,,,,,,,,,,,,,,,,,,,,,,0%,,
0,0,0,0,00/01/1900,00/01/1900,00/01/1900,0,0,0,00/01/1900,00/01/1900,0,0,00/01/1900,00/01/1900,0,0,,,,,,,,,,,,,,,,,,,,,,,,,0%,,
0,0,0,0,00/01/1900,00/01/1900,00/01/1900,0,0,0,00/01/1900,00/01/1900,0,0,00/01/1900,00/01/1900,0,0,,,,,,,,,,,,,,,,,,,,,,,,,0%,,
0,0,0,0,00/01/1900,00/01/1900,00/01/1900,0,0,0,00/01/1900,00/01/1900,0,0,00/01/1900,00/01/1900,0,0,,,,,,,,,,,,,,,,,,,,,,,,,0%,,
0,0,0,0,00/01/1900,00/01/1900,00/01/1900,0,0,0,00/01/1900,00/01/1900,0,0,00/01/1900,00/01/1900,0,0,,,,,,,,,,,,,,,,,,,,,,,,,0%,,
0,0,0,0,00/01/1900,00/01/1900,00/01/1900,0,0,0,00/01/1900,00/01/1900,0,0,00/01/1900,00/01/1900,0,0,,,,,,,,,,,,,,,,,,,,,,,,,0%,,
0,0,0,0,00/01/1900,00/01/1900,00/01/1900,0,0,0,00/01/1900,00/01/1900,0,0,00/01/1900,00/01/1900,0,0,,,,,,,,,,,,,,,,,,,,,,,,,0%,,
0,0,0,0,00/01/1900,00/01/1900,00/01/1900,0,0,0,00/01/1900,00/01/1900,0,0,00/01/1900,00/01/1900,0,0,,,,,,,,,,,,,,,,,,,,,,,,,0%,,
0,0,0,0,00/01/1900,00/01/1900,00/01/1900,0,0,0,00/01/1900,00/01/1900,0,0,00/01/1900,00/01/1900,0,0,,,,,,,,,,,,,,,,,,,,,,,,,0%,,
0,0,0,0,00/01/1900,00/01/1900,00/01/1900,0,0,0,00/01/1900,00/01/1900,0,0,00/01/1900,00/01/1900,0,0,,,,,,,,,,,,,,,,,,,,,,,,,0%,,
0,0,0,0,00/01/1900,00/01/1900,00/01/1900,0,0,0,00/01/1900,00/01/1900,0,0,00/01/1900,00/01/1900,0,0,,,,,,,,,,,,,,,,,,,,,,,,,0%,,
0,0,0,0,00/01/1900,00/01/1900,00/01/1900,0,0,0,00/01/1900,00/01/1900,0,0,00/01/1900,00/01/1900,0,0,,,,,,,,,,,,,,,,,,,,,,,,,0%,,
0,0,0,0,00/01/1900,00/01/1900,00/01/1900,0,0,0,00/01/1900,00/01/1900,0,0,00/01/1900,00/01/1900,0,0,,,,,,,,,,,,,,,,,,,,,,,,,0%,,
0,0,0,0,00/01/1900,00/01/1900,00/01/1900,0,0,0,00/01/1900,00/01/1900,0,0,00/01/1900,00/01/1900,0,0,,,,,,,,,,,,,,,,,,,,,,,,,0%,,
0,0,0,0,00/01/1900,00/01/1900,00/01/1900,0,0,0,00/01/1900,00/01/1900,0,0,00/01/1900,00/01/1900,0,0,,,,,,,,,,,,,,,,,,,,,,,,,0%,,
0,0,0,0,00/01/1900,00/01/1900,00/01/1900,0,0,0,00/01/1900,00/01/1900,0,0,00/01/1900,00/01/1900,0,0,,,,,,,,,,,,,,,,,,,,,,,,,0%,,
0,0,0,0,00/01/1900,00/01/1900,00/01/1900,0,0,0,00/01/1900,00/01/1900,0,0,00/01/1900,00/01/1900,0,0,,,,,,,,,,,,,,,,,,,,,,,,,0%,,
0,0,0,0,00/01/1900,00/01/1900,00/01/1900,0,0,0,00/01/1900,00/01/1900,0,0,00/01/1900,00/01/1900,0,0,,,,,,,,,,,,,,,,,,,,,,,,,0%,,
0,0,0,0,00/01/1900,00/01/1900,00/01/1900,0,0,0,00/01/1900,00/01/1900,0,0,00/01/1900,00/01/1900,0,0,,,,,,,,,,,,,,,,,,,,,,,,,0%,,
0,0,0,0,00/01/1900,00/01/1900,00/01/1900,0,0,0,00/01/1900,00/01/1900,0,0,00/01/1900,00/01/1900,0,0,,,,,,,,,,,,,,,,,,,,,,,,,0%,,
0,0,0,0,00/01/1900,00/01/1900,00/01/1900,0,0,0,00/01/1900,00/01/1900,0,0,00/01/1900,00/01/1900,0,0,,,,,,,,,,,,,,,,,,,,,,,,,0%,,
0,0,0,0,00/01/1900,00/01/1900,00/01/1900,0,0,0,00/01/1900,00/01/1900,0,0,00/01/1900,00/01/1900,0,0,,,,,,,,,,,,,,,,,,,,,,,,,0%,,
0,0,0,0,00/01/1900,00/01/1900,00/01/1900,0,0,0,00/01/1900,00/01/1900,0,0,00/01/1900,00/01/1900,0,0,,,,,,,,,,,,,,,,,,,,,,,,,0%,,
0,0,0,0,00/01/1900,00/01/1900,00/01/1900,0,0,0,00/01/1900,00/01/1900,0,0,00/01/1900,00/01/1900,0,0,,,,,,,,,,,,,,,,,,,,,,,,,0%,,
0,0,0,0,00/01/1900,00/01/1900,00/01/1900,0,0,0,00/01/1900,00/01/1900,0,0,00/01/1900,00/01/1900,0,0,,,,,,,,,,,,,,,,,,,,,,,,,0%,,
0,0,0,0,00/01/1900,00/01/1900,00/01/1900,0,0,0,00/01/1900,00/01/1900,0,0,00/01/1900,00/01/1900,0,0,,,,,,,,,,,,,,,,,,,,,,,,,0%,,
0,0,0,0,00/01/1900,00/01/1900,00/01/1900,0,0,0,00/01/1900,00/01/1900,0,0,00/01/1900,00/01/1900,0,0,,,,,,,,,,,,,,,,,,,,,,,,,0%,,
0,0,0,0,00/01/1900,00/01/1900,00/01/1900,0,0,0,00/01/1900,00/01/1900,0,0,00/01/1900,00/01/1900,0,0,,,,,,,,,,,,,,,,,,,,,,,,,0%,,
0,0,0,0,00/01/1900,00/01/1900,00/01/1900,0,0,0,00/01/1900,00/01/1900,0,0,00/01/1900,00/01/1900,0,0,,,,,,,,,,,,,,,,,,,,,,,,,0%,,
0,0,0,0,00/01/1900,00/01/1900,00/01/1900,0,0,0,00/01/1900,00/01/1900,0,0,00/01/1900,00/01/1900,0,0,,,,,,,,,,,,,,,,,,,,,,,,,0%,,
0,0,0,0,00/01/1900,00/01/1900,00/01/1900,0,0,0,00/01/1900,00/01/1900,0,0,00/01/1900,00/01/1900,0,0,,,,,,,,,,,,,,,,,,,,,,,,,0%,,
0,0,0,0,00/01/1900,00/01/1900,00/01/1900,0,0,0,00/01/1900,00/01/1900,0,0,00/01/1900,00/01/1900,0,0,,,,,,,,,,,,,,,,,,,,,,,,,0%,,
0,0,0,0,00/01/1900,00/01/1900,00/01/1900,0,0,0,00/01/1900,00/01/1900,0,0,00/01/1900,00/01/1900,0,0,,,,,,,,,,,,,,,,,,,,,,,,,0%,,
0,0,0,0,00/01/1900,00/01/1900,00/01/1900,0,0,0,00/01/1900,00/01/1900,0,0,00/01/1900,00/01/1900,0,0,,,,,,,,,,,,,,,,,,,,,,,,,0%,,
0,0,0,0,00/01/1900,00/01/1900,00/01/1900,0,0,0,00/01/1900,00/01/1900,0,0,00/01/1900,00/01/1900,0,0,,,,,,,,,,,,,,,,,,,,,,,,,0%,,
0,0,0,0,00/01/1900,00/01/1900,00/01/1900,0,0,0,00/01/1900,00/01/1900,0,0,00/01/1900,00/01/1900,0,0,,,,,,,,,,,,,,,,,,,,,,,,,0%,,
0,0,0,0,00/01/1900,00/01/1900,00/01/1900,0,0,0,00/01/1900,00/01/1900,0,0,00/01/1900,00/01/1900,0,0,,,,,,,,,,,,,,,,,,,,,,,,,0%,,
0,0,0,0,00/01/1900,00/01/1900,00/01/1900,0,0,0,00/01/1900,00/01/1900,0,0,00/01/1900,00/01/1900,0,0,,,,,,,,,,,,,,,,,,,,,,,,,0%,,
0,0,0,0,00/01/1900,00/01/1900,00/01/1900,0,0,0,00/01/1900,00/01/1900,0,0,00/01/1900,00/01/1900,0,0,,,,,,,,,,,,,,,,,,,,,,,,,0%,,
0,0,0,0,00/01/1900,00/01/1900,00/01/1900,0,0,0,00/01/1900,00/01/1900,0,0,00/01/1900,00/01/1900,0,0,,,,,,,,,,,,,,,,,,,,,,,,,0%,,
0,0,0,0,00/01/1900,00/01/1900,00/01/1900,0,0,0,00/01/1900,00/01/1900,0,0,00/01/1900,00/01/1900,0,0,,,,,,,,,,,,,,,,,,,,,,,,,0%,,
0,0,0,0,00/01/1900,00/01/1900,00/01/1900,0,0,0,00/01/1900,00/01/1900,0,0,00/01/1900,00/01/1900,0,0,,,,,,,,,,,,,,,,,,,,,,,,,0%,,
0,0,0,0,00/01/1900,00/01/1900,00/01/1900,0,0,0,00/01/1900,00/01/1900,0,0,00/01/1900,00/01/1900,0,0,,,,,,,,,,,,,,,,,,,,,,,,,0%,,
0,0,0,0,00/01/1900,00/01/1900,00/01/1900,0,0,0,00/01/1900,00/01/1900,0,0,00/01/1900,00/01/1900,0,0,,,,,,,,,,,,,,,,,,,,,,,,,0%,,
0,0,0,0,00/01/1900,00/01/1900,00/01/1900,0,0,0,00/01/1900,00/01/1900,0,0,00/01/1900,00/01/1900,0,0,,,,,,,,,,,,,,,,,,,,,,,,,0%,,
0,0,0,0,00/01/1900,00/01/1900,00/01/1900,0,0,0,00/01/1900,00/01/1900,0,0,00/01/1900,00/01/1900,0,0,,,,,,,,,,,,,,,,,,,,,,,,,0%,,
0,0,0,0,00/01/1900,00/01/1900,00/01/1900,0,0,0,00/01/1900,00/01/1900,0,0,00/01/1900,00/01/1900,0,0,,,,,,,,,,,,,,,,,,,,,,,,,0%,,
0,0,0,0,00/01/1900,00/01/1900,00/01/1900,0,0,0,00/01/1900,00/01/1900,0,0,00/01/1900,00/01/1900,0,0,,,,,,,,,,,,,,,,,,,,,,,,,0%,,
0,0,0,0,00/01/1900,00/01/1900,00/01/1900,0,0,0,00/01/1900,00/01/1900,0,0,00/01/1900,00/01/1900,0,0,,,,,,,,,,,,,,,,,,,,,,,,,0%,,
0,0,0,0,00/01/1900,00/01/1900,00/01/1900,0,0,0,00/01/1900,00/01/1900,0,0,00/01/1900,00/01/1900,0,0,,,,,,,,,,,,,,,,,,,,,,,,,0%,,
0,0,0,0,00/01/1900,00/01/1900,00/01/1900,0,0,0,00/01/1900,00/01/1900,0,0,00/01/1900,00/01/1900,0,0,,,,,,,,,,,,,,,,,,,,,,,,,0%,,
0,0,0,0,00/01/1900,00/01/1900,00/01/1900,0,0,0,00/01/1900,00/01/1900,0,0,00/01/1900,00/01/1900,0,0,,,,,,,,,,,,,,,,,,,,,,,,,0%,,
0,0,0,0,00/01/1900,00/01/1900,00/01/1900,0,0,0,00/01/1900,00/01/1900,0,0,00/01/1900,00/01/1900,0,0,,,,,,,,,,,,,,,,,,,,,,,,,0%,,
0,0,0,0,00/01/1900,00/01/1900,00/01/1900,0,0,0,00/01/1900,00/01/1900,0,0,00/01/1900,00/01/1900,0,0,,,,,,,,,,,,,,,,,,,,,,,,,0%,,
0,0,0,0,00/01/1900,00/01/1900,00/01/1900,0,0,0,00/01/1900,00/01/1900,0,0,00/01/1900,00/01/1900,0,0,,,,,,,,,,,,,,,,,,,,,,,,,0%,,
0,0,0,0,00/01/1900,00/01/1900,00/01/1900,0,0,0,00/01/1900,00/01/1900,0,0,00/01/1900,00/01/1900,0,0,,,,,,,,,,,,,,,,,,,,,,,,,0%,,
0,0,0,0,00/01/1900,00/01/1900,00/01/1900,0,0,0,00/01/1900,00/01/1900,0,0,00/01/1900,00/01/1900,0,0,,,,,,,,,,,,,,,,,,,,,,,,,0%,,
0,0,0,0,00/01/1900,00/01/1900,00/01/1900,0,0,0,00/01/1900,00/01/1900,0,0,00/01/1900,00/01/1900,0,0,,,,,,,,,,,,,,,,,,,,,,,,,0%,,
0,0,0,0,00/01/1900,00/01/1900,00/01/1900,0,0,0,00/01/1900,00/01/1900,0,0,00/01/1900,00/01/1900,0,0,,,,,,,,,,,,,,,,,,,,,,,,,0%,,
0,0,0,0,00/01/1900,00/01/1900,00/01/1900,0,0,0,00/01/1900,00/01/1900,0,0,00/01/1900,00/01/1900,0,0,,,,,,,,,,,,,,,,,,,,,,,,,0%,,
0,0,0,0,00/01/1900,00/01/1900,00/01/1900,0,0,0,00/01/1900,00/01/1900,0,0,00/01/1900,00/01/1900,0,0,,,,,,,,,,,,,,,,,,,,,,,,,0%,,
0,0,0,0,00/01/1900,00/01/1900,00/01/1900,0,0,0,00/01/1900,00/01/1900,0,0,00/01/1900,00/01/1900,0,0,,,,,,,,,,,,,,,,,,,,,,,,,0%,,
0,0,0,0,00/01/1900,00/01/1900,00/01/1900,0,0,0,00/01/1900,00/01/1900,0,0,00/01/1900,00/01/1900,0,0,,,,,,,,,,,,,,,,,,,,,,,,,0%,,
0,0,0,0,00/01/1900,00/01/1900,00/01/1900,0,0,0,00/01/1900,00/01/1900,0,0,00/01/1900,00/01/1900,0,0,,,,,,,,,,,,,,,,,,,,,,,,,0%,,
0,0,0,0,00/01/1900,00/01/1900,00/01/1900,0,0,0,00/01/1900,00/01/1900,0,0,00/01/1900,00/01/1900,0,0,,,,,,,,,,,,,,,,,,,,,,,,,0%,,
0,0,0,0,00/01/1900,00/01/1900,00/01/1900,0,0,0,00/01/1900,00/01/1900,0,0,00/01/1900,00/01/1900,0,0,,,,,,,,,,,,,,,,,,,,,,,,,0%,,
0,0,0,0,00/01/1900,00/01/1900,00/01/1900,0,0,0,00/01/1900,00/01/1900,0,0,00/01/1900,00/01/1900,0,0,,,,,,,,,,,,,,,,,,,,,,,,,0%,,
0,0,0,0,00/01/1900,00/01/1900,00/01/1900,0,0,0,00/01/1900,00/01/1900,0,0,00/01/1900,00/01/1900,0,0,,,,,,,,,,,,,,,,,,,,,,,,,0%,,
0,0,0,0,00/01/1900,00/01/1900,00/01/1900,0,0,0,00/01/1900,00/01/1900,0,0,00/01/1900,00/01/1900,0,0,,,,,,,,,,,,,,,,,,,,,,,,,0%,,
0,0,0,0,00/01/1900,00/01/1900,00/01/1900,0,0,0,00/01/1900,00/01/1900,0,0,00/01/1900,00/01/1900,0,0,,,,,,,,,,,,,,,,,,,,,,,,,0%,,
0,0,0,0,00/01/1900,00/01/1900,00/01/1900,0,0,0,00/01/1900,00/01/1900,0,0,00/01/1900,00/01/1900,0,0,,,,,,,,,,,,,,,,,,,,,,,,,0%,,
0,0,0,0,00/01/1900,00/01/1900,00/01/1900,0,0,0,00/01/1900,00/01/1900,0,0,00/01/1900,00/01/1900,0,0,,,,,,,,,,,,,,,,,,,,,,,,,0%,,
0,0,0,0,00/01/1900,00/01/1900,00/01/1900,0,0,0,00/01/1900,00/01/1900,0,0,00/01/1900,00/01/1900,0,0,,,,,,,,,,,,,,,,,,,,,,,,,0%,,
0,0,0,0,00/01/1900,00/01/1900,00/01/1900,0,0,0,00/01/1900,00/01/1900,0,0,00/01/1900,00/01/1900,0,0,,,,,,,,,,,,,,,,,,,,,,,,,0%,,
0,0,0,0,00/01/1900,00/01/1900,00/01/1900,0,0,0,00/01/1900,00/01/1900,0,0,00/01/1900,00/01/1900,0,0,,,,,,,,,,,,,,,,,,,,,,,,,0%,,
0,0,0,0,00/01/1900,00/01/1900,00/01/1900,0,0,0,00/01/1900,00/01/1900,0,0,00/01/1900,00/01/1900,0,0,,,,,,,,,,,,,,,,,,,,,,,,,0%,,
0,0,0,0,00/01/1900,00/01/1900,00/01/1900,0,0,0,00/01/1900,00/01/1900,0,0,00/01/1900,00/01/1900,0,0,,,,,,,,,,,,,,,,,,,,,,,,,0%,,
0,0,0,0,00/01/1900,00/01/1900,00/01/1900,0,0,0,00/01/1900,00/01/1900,0,0,00/01/1900,00/01/1900,0,0,,,,,,,,,,,,,,,,,,,,,,,,,0%,,
0,0,0,0,00/01/1900,00/01/1900,00/01/1900,0,0,0,00/01/1900,00/01/1900,0,0,00/01/1900,00/01/1900,0,0,,,,,,,,,,,,,,,,,,,,,,,,,0%,,
0,0,0,0,00/01/1900,00/01/1900,00/01/1900,0,0,0,00/01/1900,00/01/1900,0,0,00/01/1900,00/01/1900,0,0,,,,,,,,,,,,,,,,,,,,,,,,,0%,,
0,0,0,0,00/01/1900,00/01/1900,00/01/1900,0,0,0,00/01/1900,00/01/1900,0,0,00/01/1900,00/01/1900,0,0,,,,,,,,,,,,,,,,,,,,,,,,,0%,,
0,0,0,0,00/01/1900,00/01/1900,00/01/1900,0,0,0,00/01/1900,00/01/1900,0,0,00/01/1900,00/01/1900,0,0,,,,,,,,,,,,,,,,,,,,,,,,,0%,,
0,0,0,0,00/01/1900,00/01/1900,00/01/1900,0,0,0,00/01/1900,00/01/1900,0,0,00/01/1900,00/01/1900,0,0,,,,,,,,,,,,,,,,,,,,,,,,,0%,,
0,0,0,0,00/01/1900,00/01/1900,00/01/1900,0,0,0,00/01/1900,00/01/1900,0,0,00/01/1900,00/01/1900,0,0,,,,,,,,,,,,,,,,,,,,,,,,,0%,,
0,0,0,0,00/01/1900,00/01/1900,00/01/1900,0,0,0,00/01/1900,00/01/1900,0,0,00/01/1900,00/01/1900,0,0,,,,,,,,,,,,,,,,,,,,,,,,,0%,,
0,0,0,0,00/01/1900,00/01/1900,00/01/1900,0,0,0,00/01/1900,00/01/1900,0,0,00/01/1900,00/01/1900,0,0,,,,,,,,,,,,,,,,,,,,,,,,,0%,,
0,0,0,0,00/01/1900,00/01/1900,00/01/1900,0,0,0,00/01/1900,00/01/1900,0,0,00/01/1900,00/01/1900,0,0,,,,,,,,,,,,,,,,,,,,,,,,,0%,,
0,0,0,0,00/01/1900,00/01/1900,00/01/1900,0,0,0,00/01/1900,00/01/1900,0,0,00/01/1900,00/01/1900,0,0,,,,,,,,,,,,,,,,,,,,,,,,,0%,,
0,0,0,0,00/01/1900,00/01/1900,00/01/1900,0,0,0,00/01/1900,00/01/1900,0,0,00/01/1900,00/01/1900,0,0,,,,,,,,,,,,,,,,,,,,,,,,,0%,,
0,0,0,0,00/01/1900,00/01/1900,00/01/1900,0,0,0,00/01/1900,00/01/1900,0,0,00/01/1900,00/01/1900,0,0,,,,,,,,,,,,,,,,,,,,,,,,,0%,,
0,0,0,0,00/01/1900,00/01/1900,00/01/1900,0,0,0,00/01/1900,00/01/1900,0,0,00/01/1900,00/01/1900,0,0,,,,,,,,,,,,,,,,,,,,,,,,,0%,,
0,0,0,0,00/01/1900,00/01/1900,00/01/1900,0,0,0,00/01/1900,00/01/1900,0,0,00/01/1900,00/01/1900,0,0,,,,,,,,,,,,,,,,,,,,,,,,,0%,,
0,0,0,0,00/01/1900,00/01/1900,00/01/1900,0,0,0,00/01/1900,00/01/1900,0,0,00/01/1900,00/01/1900,0,0,,,,,,,,,,,,,,,,,,,,,,,,,0%,,
0,0,0,0,00/01/1900,00/01/1900,00/01/1900,0,0,0,00/01/1900,00/01/1900,0,0,00/01/1900,00/01/1900,0,0,,,,,,,,,,,,,,,,,,,,,,,,,0%,,
0,0,0,0,00/01/1900,00/01/1900,00/01/1900,0,0,0,00/01/1900,00/01/1900,0,0,00/01/1900,00/01/1900,0,0,,,,,,,,,,,,,,,,,,,,,,,,,0%,,
0,0,0,0,00/01/1900,00/01/1900,00/01/1900,0,0,0,00/01/1900,00/01/1900,0,0,00/01/1900,00/01/1900,0,0,,,,,,,,,,,,,,,,,,,,,,,,,0%,,
0,0,0,0,00/01/1900,00/01/1900,00/01/1900,0,0,0,00/01/1900,00/01/1900,0,0,00/01/1900,00/01/1900,0,0,,,,,,,,,,,,,,,,,,,,,,,,,0%,,
0,0,0,0,00/01/1900,00/01/1900,00/01/1900,0,0,0,00/01/1900,00/01/1900,0,0,00/01/1900,00/01/1900,0,0,,,,,,,,,,,,,,,,,,,,,,,,,0%,,
0,0,0,0,00/01/1900,00/01/1900,00/01/1900,0,0,0,00/01/1900,00/01/1900,0,0,00/01/1900,00/01/1900,0,0,,,,,,,,,,,,,,,,,,,,,,,,,0%,,
0,0,0,0,00/01/1900,00/01/1900,00/01/1900,0,0,0,00/01/1900,00/01/1900,0,0,00/01/1900,00/01/1900,0,0,,,,,,,,,,,,,,,,,,,,,,,,,0%,,
0,0,0,0,00/01/1900,00/01/1900,00/01/1900,0,0,0,00/01/1900,00/01/1900,0,0,00/01/1900,00/01/1900,0,0,,,,,,,,,,,,,,,,,,,,,,,,,0%,,
0,0,0,0,00/01/1900,00/01/1900,00/01/1900,0,0,0,00/01/1900,00/01/1900,0,0,00/01/1900,00/01/1900,0,0,,,,,,,,,,,,,,,,,,,,,,,,,0%,,
0,0,0,0,00/01/1900,00/01/1900,00/01/1900,0,0,0,00/01/1900,00/01/1900,0,0,00/01/1900,00/01/1900,0,0,,,,,,,,,,,,,,,,,,,,,,,,,0%,,
0,0,0,0,00/01/1900,00/01/1900,00/01/1900,0,0,0,00/01/1900,00/01/1900,0,0,00/01/1900,00/01/1900,0,0,,,,,,,,,,,,,,,,,,,,,,,,,0%,,
0,0,0,0,00/01/1900,00/01/1900,00/01/1900,0,0,0,00/01/1900,00/01/1900,0,0,00/01/1900,00/01/1900,0,0,,,,,,,,,,,,,,,,,,,,,,,,,0%,,
0,0,0,0,00/01/1900,00/01/1900,00/01/1900,0,0,0,00/01/1900,00/01/1900,0,0,00/01/1900,00/01/1900,0,0,,,,,,,,,,,,,,,,,,,,,,,,,0%,,
0,0,0,0,00/01/1900,00/01/1900,00/01/1900,0,0,0,00/01/1900,00/01/1900,0,0,00/01/1900,00/01/1900,0,0,,,,,,,,,,,,,,,,,,,,,,,,,0%,,
0,0,0,0,00/01/1900,00/01/1900,00/01/1900,0,0,0,00/01/1900,00/01/1900,0,0,00/01/1900,00/01/1900,0,0,,,,,,,,,,,,,,,,,,,,,,,,,0%,,
0,0,0,0,00/01/1900,00/01/1900,00/01/1900,0,0,0,00/01/1900,00/01/1900,0,0,00/01/1900,00/01/1900,0,0,,,,,,,,,,,,,,,,,,,,,,,,,0%,,
0,0,0,0,00/01/1900,00/01/1900,00/01/1900,0,0,0,00/01/1900,00/01/1900,0,0,00/01/1900,00/01/1900,0,0,,,,,,,,,,,,,,,,,,,,,,,,,0%,,
0,0,0,0,00/01/1900,00/01/1900,00/01/1900,0,0,0,00/01/1900,00/01/1900,0,0,00/01/1900,00/01/1900,0,0,,,,,,,,,,,,,,,,,,,,,,,,,0%,,
0,0,0,0,00/01/1900,00/01/1900,00/01/1900,0,0,0,00/01/1900,00/01/1900,0,0,00/01/1900,00/01/1900,0,0,,,,,,,,,,,,,,,,,,,,,,,,,0%,,
0,0,0,0,00/01/1900,00/01/1900,00/01/1900,0,0,0,00/01/1900,00/01/1900,0,0,00/01/1900,00/01/1900,0,0,,,,,,,,,,,,,,,,,,,,,,,,,0%,,
0,0,0,0,00/01/1900,00/01/1900,00/01/1900,0,0,0,00/01/1900,00/01/1900,0,0,00/01/1900,00/01/1900,0,0,,,,,,,,,,,,,,,,,,,,,,,,,0%,,
0,0,0,0,00/01/1900,00/01/1900,00/01/1900,0,0,0,00/01/1900,00/01/1900,0,0,00/01/1900,00/01/1900,0,0,,,,,,,,,,,,,,,,,,,,,,,,,0%,,
0,0,0,0,00/01/1900,00/01/1900,00/01/1900,0,0,0,00/01/1900,00/01/1900,0,0,00/01/1900,00/01/1900,0,0,,,,,,,,,,,,,,,,,,,,,,,,,0%,,
0,0,0,0,00/01/1900,00/01/1900,00/01/1900,0,0,0,00/01/1900,00/01/1900,0,0,00/01/1900,00/01/1900,0,0,,,,,,,,,,,,,,,,,,,,,,,,,0%,,
0,0,0,0,00/01/1900,00/01/1900,00/01/1900,0,0,0,00/01/1900,00/01/1900,0,0,00/01/1900,00/01/1900,0,0,,,,,,,,,,,,,,,,,,,,,,,,,0%,,
0,0,0,0,00/01/1900,00/01/1900,00/01/1900,0,0,0,00/01/1900,00/01/1900,0,0,00/01/1900,00/01/1900,0,0,,,,,,,,,,,,,,,,,,,,,,,,,0%,,
0,0,0,0,00/01/1900,00/01/1900,00/01/1900,0,0,0,00/01/1900,00/01/1900,0,0,00/01/1900,00/01/1900,0,0,,,,,,,,,,,,,,,,,,,,,,,,,0%,,
0,0,0,0,00/01/1900,00/01/1900,00/01/1900,0,0,0,00/01/1900,00/01/1900,0,0,00/01/1900,00/01/1900,0,0,,,,,,,,,,,,,,,,,,,,,,,,,0%,,
0,0,0,0,00/01/1900,00/01/1900,00/01/1900,0,0,0,00/01/1900,00/01/1900,0,0,00/01/1900,00/01/1900,0,0,,,,,,,,,,,,,,,,,,,,,,,,,0%,,
0,0,0,0,00/01/1900,00/01/1900,00/01/1900,0,0,0,00/01/1900,00/01/1900,0,0,00/01/1900,00/01/1900,0,0,,,,,,,,,,,,,,,,,,,,,,,,,0%,,
0,0,0,0,00/01/1900,00/01/1900,00/01/1900,0,0,0,00/01/1900,00/01/1900,0,0,00/01/1900,00/01/1900,0,0,,,,,,,,,,,,,,,,,,,,,,,,,0%,,
0,0,0,0,00/01/1900,00/01/1900,00/01/1900,0,0,0,00/01/1900,00/01/1900,0,0,00/01/1900,00/01/1900,0,0,,,,,,,,,,,,,,,,,,,,,,,,,0%,,
0,0,0,0,00/01/1900,00/01/1900,00/01/1900,0,0,0,00/01/1900,00/01/1900,0,0,00/01/1900,00/01/1900,0,0,,,,,,,,,,,,,,,,,,,,,,,,,0%,,
0,0,0,0,00/01/1900,00/01/1900,00/01/1900,0,0,0,00/01/1900,00/01/1900,0,0,00/01/1900,00/01/1900,0,0,,,,,,,,,,,,,,,,,,,,,,,,,0%,,
0,0,0,0,00/01/1900,00/01/1900,00/01/1900,0,0,0,00/01/1900,00/01/1900,0,0,00/01/1900,00/01/1900,0,0,,,,,,,,,,,,,,,,,,,,,,,,,0%,,
0,0,0,0,00/01/1900,00/01/1900,00/01/1900,0,0,0,00/01/1900,00/01/1900,0,0,00/01/1900,00/01/1900,0,0,,,,,,,,,,,,,,,,,,,,,,,,,0%,,
0,0,0,0,00/01/1900,00/01/1900,00/01/1900,0,0,0,00/01/1900,00/01/1900,0,0,00/01/1900,00/01/1900,0,0,,,,,,,,,,,,,,,,,,,,,,,,,0%,,
0,0,0,0,00/01/1900,00/01/1900,00/01/1900,0,0,0,00/01/1900,00/01/1900,0,0,00/01/1900,00/01/1900,0,0,,,,,,,,,,,,,,,,,,,,,,,,,0%,,
0,0,0,0,00/01/1900,00/01/1900,00/01/1900,0,0,0,00/01/1900,00/01/1900,0,0,00/01/1900,00/01/1900,0,0,,,,,,,,,,,,,,,,,,,,,,,,,0%,,
0,0,0,0,00/01/1900,00/01/1900,00/01/1900,0,0,0,00/01/1900,00/01/1900,0,0,00/01/1900,00/01/1900,0,0,,,,,,,,,,,,,,,,,,,,,,,,,0%,,
0,0,0,0,00/01/1900,00/01/1900,00/01/1900,0,0,0,00/01/1900,00/01/1900,0,0,00/01/1900,00/01/1900,0,0,,,,,,,,,,,,,,,,,,,,,,,,,0%,,
0,0,0,0,00/01/1900,00/01/1900,00/01/1900,0,0,0,00/01/1900,00/01/1900,0,0,00/01/1900,00/01/1900,0,0,,,,,,,,,,,,,,,,,,,,,,,,,0%,,
0,0,0,0,00/01/1900,00/01/1900,00/01/1900,0,0,0,00/01/1900,00/01/1900,0,0,00/01/1900,00/01/1900,0,0,,,,,,,,,,,,,,,,,,,,,,,,,0%,,
0,0,0,0,00/01/1900,00/01/1900,00/01/1900,0,0,0,00/01/1900,00/01/1900,0,0,00/01/1900,00/01/1900,0,0,,,,,,,,,,,,,,,,,,,,,,,,,0%,,
0,0,0,0,00/01/1900,00/01/1900,00/01/1900,0,0,0,00/01/1900,00/01/1900,0,0,00/01/1900,00/01/1900,0,0,,,,,,,,,,,,,,,,,,,,,,,,,0%,,
0,0,0,0,00/01/1900,00/01/1900,00/01/1900,0,0,0,00/01/1900,00/01/1900,0,0,00/01/1900,00/01/1900,0,0,,,,,,,,,,,,,,,,,,,,,,,,,0%,,
0,0,0,0,00/01/1900,00/01/1900,00/01/1900,0,0,0,00/01/1900,00/01/1900,0,0,00/01/1900,00/01/1900,0,0,,,,,,,,,,,,,,,,,,,,,,,,,0%,,
0,0,0,0,00/01/1900,00/01/1900,00/01/1900,0,0,0,00/01/1900,00/01/1900,0,0,00/01/1900,00/01/1900,0,0,,,,,,,,,,,,,,,,,,,,,,,,,0%,,
0,0,0,0,00/01/1900,00/01/1900,00/01/1900,0,0,0,00/01/1900,00/01/1900,0,0,00/01/1900,00/01/1900,0,0,,,,,,,,,,,,,,,,,,,,,,,,,0%,,
0,0,0,0,00/01/1900,00/01/1900,00/01/1900,0,0,0,00/01/1900,00/01/1900,0,0,00/01/1900,00/01/1900,0,0,,,,,,,,,,,,,,,,,,,,,,,,,0%,,
0,0,0,0,00/01/1900,00/01/1900,00/01/1900,0,0,0,00/01/1900,00/01/1900,0,0,00/01/1900,00/01/1900,0,0,,,,,,,,,,,,,,,,,,,,,,,,,0%,,
0,0,0,0,00/01/1900,00/01/1900,00/01/1900,0,0,0,00/01/1900,00/01/1900,0,0,00/01/1900,00/01/1900,0,0,,,,,,,,,,,,,,,,,,,,,,,,,0%,,
0,0,0,0,00/01/1900,00/01/1900,00/01/1900,0,0,0,00/01/1900,00/01/1900,0,0,00/01/1900,00/01/1900,0,0,,,,,,,,,,,,,,,,,,,,,,,,,0%,,
0,0,0,0,00/01/1900,00/01/1900,00/01/1900,0,0,0,00/01/1900,00/01/1900,0,0,00/01/1900,00/01/1900,0,0,,,,,,,,,,,,,,,,,,,,,,,,,0%,,
0,0,0,0,00/01/1900,00/01/1900,00/01/1900,0,0,0,00/01/1900,00/01/1900,0,0,00/01/1900,00/01/1900,0,0,,,,,,,,,,,,,,,,,,,,,,,,,0%,,
0,0,0,0,00/01/1900,00/01/1900,00/01/1900,0,0,0,00/01/1900,00/01/1900,0,0,00/01/1900,00/01/1900,0,0,,,,,,,,,,,,,,,,,,,,,,,,,0%,,
0,0,0,0,00/01/1900,00/01/1900,00/01/1900,0,0,0,00/01/1900,00/01/1900,0,0,00/01/1900,00/01/1900,0,0,,,,,,,,,,,,,,,,,,,,,,,,,0%,,
0,0,0,0,00/01/1900,00/01/1900,00/01/1900,0,0,0,00/01/1900,00/01/1900,0,0,00/01/1900,00/01/1900,0,0,,,,,,,,,,,,,,,,,,,,,,,,,0%,,
0,0,0,0,00/01/1900,00/01/1900,00/01/1900,0,0,0,00/01/1900,00/01/1900,0,0,00/01/1900,00/01/1900,0,0,,,,,,,,,,,,,,,,,,,,,,,,,0%,,
0,0,0,0,00/01/1900,00/01/1900,00/01/1900,0,0,0,00/01/1900,00/01/1900,0,0,00/01/1900,00/01/1900,0,0,,,,,,,,,,,,,,,,,,,,,,,,,0%,,
0,0,0,0,00/01/1900,00/01/1900,00/01/1900,0,0,0,00/01/1900,00/01/1900,0,0,00/01/1900,00/01/1900,0,0,,,,,,,,,,,,,,,,,,,,,,,,,0%,,
0,0,0,0,00/01/1900,00/01/1900,00/01/1900,0,0,0,00/01/1900,00/01/1900,0,0,00/01/1900,00/01/1900,0,0,,,,,,,,,,,,,,,,,,,,,,,,,0%,,
0,0,0,0,00/01/1900,00/01/1900,00/01/1900,0,0,0,00/01/1900,00/01/1900,0,0,00/01/1900,00/01/1900,0,0,,,,,,,,,,,,,,,,,,,,,,,,,0%,,
0,0,0,0,00/01/1900,00/01/1900,00/01/1900,0,0,0,00/01/1900,00/01/1900,0,0,00/01/1900,00/01/1900,0,0,,,,,,,,,,,,,,,,,,,,,,,,,0%,,
0,0,0,0,00/01/1900,00/01/1900,00/01/1900,0,0,0,00/01/1900,00/01/1900,0,0,00/01/1900,00/01/1900,0,0,,,,,,,,,,,,,,,,,,,,,,,,,0%,,
0,0,0,0,00/01/1900,00/01/1900,00/01/1900,0,0,0,00/01/1900,00/01/1900,0,0,00/01/1900,00/01/1900,0,0,,,,,,,,,,,,,,,,,,,,,,,,,0%,,
0,0,0,0,00/01/1900,00/01/1900,00/01/1900,0,0,0,00/01/1900,00/01/1900,0,0,00/01/1900,00/01/1900,0,0,,,,,,,,,,,,,,,,,,,,,,,,,0%,,
0,0,0,0,00/01/1900,00/01/1900,00/01/1900,0,0,0,00/01/1900,00/01/1900,0,0,00/01/1900,00/01/1900,0,0,,,,,,,,,,,,,,,,,,,,,,,,,0%,,
0,0,0,0,00/01/1900,00/01/1900,00/01/1900,0,0,0,00/01/1900,00/01/1900,0,0,00/01/1900,00/01/1900,0,0,,,,,,,,,,,,,,,,,,,,,,,,,0%,,
0,0,0,0,00/01/1900,00/01/1900,00/01/1900,0,0,0,00/01/1900,00/01/1900,0,0,00/01/1900,00/01/1900,0,0,,,,,,,,,,,,,,,,,,,,,,,,,0%,,
0,0,0,0,00/01/1900,00/01/1900,00/01/1900,0,0,0,00/01/1900,00/01/1900,0,0,00/01/1900,00/01/1900,0,0,,,,,,,,,,,,,,,,,,,,,,,,,0%,,
0,0,0,0,00/01/1900,00/01/1900,00/01/1900,0,0,0,00/01/1900,00/01/1900,0,0,00/01/1900,00/01/1900,0,0,,,,,,,,,,,,,,,,,,,,,,,,,0%,,
0,0,0,0,00/01/1900,00/01/1900,00/01/1900,0,0,0,00/01/1900,00/01/1900,0,0,00/01/1900,00/01/1900,0,0,,,,,,,,,,,,,,,,,,,,,,,,,0%,,
0,0,0,0,00/01/1900,00/01/1900,00/01/1900,0,0,0,00/01/1900,00/01/1900,0,0,00/01/1900,00/01/1900,0,0,,,,,,,,,,,,,,,,,,,,,,,,,0%,,
0,0,0,0,00/01/1900,00/01/1900,00/01/1900,0,0,0,00/01/1900,00/01/1900,0,0,00/01/1900,00/01/1900,0,0,,,,,,,,,,,,,,,,,,,,,,,,,0%,,
0,0,0,0,00/01/1900,00/01/1900,00/01/1900,0,0,0,00/01/1900,00/01/1900,0,0,00/01/1900,00/01/1900,0,0,,,,,,,,,,,,,,,,,,,,,,,,,0%,,
0,0,0,0,00/01/1900,00/01/1900,00/01/1900,0,0,0,00/01/1900,00/01/1900,0,0,00/01/1900,00/01/1900,0,0,,,,,,,,,,,,,,,,,,,,,,,,,0%,,
0,0,0,0,00/01/1900,00/01/1900,00/01/1900,0,0,0,00/01/1900,00/01/1900,0,0,00/01/1900,00/01/1900,0,0,,,,,,,,,,,,,,,,,,,,,,,,,0%,,
0,0,0,0,00/01/1900,00/01/1900,00/01/1900,0,0,0,00/01/1900,00/01/1900,0,0,00/01/1900,00/01/1900,0,0,,,,,,,,,,,,,,,,,,,,,,,,,0%,,
0,0,0,0,00/01/1900,00/01/1900,00/01/1900,0,0,0,00/01/1900,00/01/1900,0,0,00/01/1900,00/01/1900,0,0,,,,,,,,,,,,,,,,,,,,,,,,,0%,,
0,0,0,0,00/01/1900,00/01/1900,00/01/1900,0,0,0,00/01/1900,00/01/1900,0,0,00/01/1900,00/01/1900,0,0,,,,,,,,,,,,,,,,,,,,,,,,,0%,,
0,0,0,0,00/01/1900,00/01/1900,00/01/1900,0,0,0,00/01/1900,00/01/1900,0,0,00/01/1900,00/01/1900,0,0,,,,,,,,,,,,,,,,,,,,,,,,,0%,,
0,0,0,0,00/01/1900,00/01/1900,00/01/1900,0,0,0,00/01/1900,00/01/1900,0,0,00/01/1900,00/01/1900,0,0,,,,,,,,,,,,,,,,,,,,,,,,,0%,,
0,0,0,0,00/01/1900,00/01/1900,00/01/1900,0,0,0,00/01/1900,00/01/1900,0,0,00/01/1900,00/01/1900,0,0,,,,,,,,,,,,,,,,,,,,,,,,,0%,,
0,0,0,0,00/01/1900,00/01/1900,00/01/1900,0,0,0,00/01/1900,00/01/1900,0,0,00/01/1900,00/01/1900,0,0,,,,,,,,,,,,,,,,,,,,,,,,,0%,,
0,0,0,0,00/01/1900,00/01/1900,00/01/1900,0,0,0,00/01/1900,00/01/1900,0,0,00/01/1900,00/01/1900,0,0,,,,,,,,,,,,,,,,,,,,,,,,,0%,,
0,0,0,0,00/01/1900,00/01/1900,00/01/1900,0,0,0,00/01/1900,00/01/1900,0,0,00/01/1900,00/01/1900,0,0,,,,,,,,,,,,,,,,,,,,,,,,,0%,,
0,0,0,0,00/01/1900,00/01/1900,00/01/1900,0,0,0,00/01/1900,00/01/1900,0,0,00/01/1900,00/01/1900,0,0,,,,,,,,,,,,,,,,,,,,,,,,,0%,,
0,0,0,0,00/01/1900,00/01/1900,00/01/1900,0,0,0,00/01/1900,00/01/1900,0,0,00/01/1900,00/01/1900,0,0,,,,,,,,,,,,,,,,,,,,,,,,,0%,,
0,0,0,0,00/01/1900,00/01/1900,00/01/1900,0,0,0,00/01/1900,00/01/1900,0,0,00/01/1900,00/01/1900,0,0,,,,,,,,,,,,,,,,,,,,,,,,,0%,,
0,0,0,0,00/01/1900,00/01/1900,00/01/1900,0,0,0,00/01/1900,00/01/1900,0,0,00/01/1900,00/01/1900,0,0,,,,,,,,,,,,,,,,,,,,,,,,,0%,,
0,0,0,0,00/01/1900,00/01/1900,00/01/1900,0,0,0,00/01/1900,00/01/1900,0,0,00/01/1900,00/01/1900,0,0,,,,,,,,,,,,,,,,,,,,,,,,,0%,,
0,0,0,0,00/01/1900,00/01/1900,00/01/1900,0,0,0,00/01/1900,00/01/1900,0,0,00/01/1900,00/01/1900,0,0,,,,,,,,,,,,,,,,,,,,,,,,,0%,,
0,0,0,0,00/01/1900,00/01/1900,00/01/1900,0,0,0,00/01/1900,00/01/1900,0,0,00/01/1900,00/01/1900,0,0,,,,,,,,,,,,,,,,,,,,,,,,,0%,,
0,0,0,0,00/01/1900,00/01/1900,00/01/1900,0,0,0,00/01/1900,00/01/1900,0,0,00/01/1900,00/01/1900,0,0,,,,,,,,,,,,,,,,,,,,,,,,,0%,,
0,0,0,0,00/01/1900,00/01/1900,00/01/1900,0,0,0,00/01/1900,00/01/1900,0,0,00/01/1900,00/01/1900,0,0,,,,,,,,,,,,,,,,,,,,,,,,,0%,,
0,0,0,0,00/01/1900,00/01/1900,00/01/1900,0,0,0,00/01/1900,00/01/1900,0,0,00/01/1900,00/01/1900,0,0,,,,,,,,,,,,,,,,,,,,,,,,,0%,,
0,0,0,0,00/01/1900,00/01/1900,00/01/1900,0,0,0,00/01/1900,00/01/1900,0,0,00/01/1900,00/01/1900,0,0,,,,,,,,,,,,,,,,,,,,,,,,,0%,,
0,0,0,0,00/01/1900,00/01/1900,00/01/1900,0,0,0,00/01/1900,00/01/1900,0,0,00/01/1900,00/01/1900,0,0,,,,,,,,,,,,,,,,,,,,,,,,,0%,,
0,0,0,0,00/01/1900,00/01/1900,00/01/1900,0,0,0,00/01/1900,00/01/1900,0,0,00/01/1900,00/01/1900,0,0,,,,,,,,,,,,,,,,,,,,,,,,,0%,,
0,0,0,0,00/01/1900,00/01/1900,00/01/1900,0,0,0,00/01/1900,00/01/1900,0,0,00/01/1900,00/01/1900,0,0,,,,,,,,,,,,,,,,,,,,,,,,,0%,,
0,0,0,0,00/01/1900,00/01/1900,00/01/1900,0,0,0,00/01/1900,00/01/1900,0,0,00/01/1900,00/01/1900,0,0,,,,,,,,,,,,,,,,,,,,,,,,,0%,,
0,0,0,0,00/01/1900,00/01/1900,00/01/1900,0,0,0,00/01/1900,00/01/1900,0,0,00/01/1900,00/01/1900,0,0,,,,,,,,,,,,,,,,,,,,,,,,,0%,,
0,0,0,0,00/01/1900,00/01/1900,00/01/1900,0,0,0,00/01/1900,00/01/1900,0,0,00/01/1900,00/01/1900,0,0,,,,,,,,,,,,,,,,,,,,,,,,,0%,,
0,0,0,0,00/01/1900,00/01/1900,00/01/1900,0,0,0,00/01/1900,00/01/1900,0,0,00/01/1900,00/01/1900,0,0,,,,,,,,,,,,,,,,,,,,,,,,,0%,,
0,0,0,0,00/01/1900,00/01/1900,00/01/1900,0,0,0,00/01/1900,00/01/1900,0,0,00/01/1900,00/01/1900,0,0,,,,,,,,,,,,,,,,,,,,,,,,,0%,,
0,0,0,0,00/01/1900,00/01/1900,00/01/1900,0,0,0,00/01/1900,00/01/1900,0,0,00/01/1900,00/01/1900,0,0,,,,,,,,,,,,,,,,,,,,,,,,,0%,,
0,0,0,0,00/01/1900,00/01/1900,00/01/1900,0,0,0,00/01/1900,00/01/1900,0,0,00/01/1900,00/01/1900,0,0,,,,,,,,,,,,,,,,,,,,,,,,,0%,,
0,0,0,0,00/01/1900,00/01/1900,00/01/1900,0,0,0,00/01/1900,00/01/1900,0,0,00/01/1900,00/01/1900,0,0,,,,,,,,,,,,,,,,,,,,,,,,,0%,,
0,0,0,0,00/01/1900,00/01/1900,00/01/1900,0,0,0,00/01/1900,00/01/1900,0,0,00/01/1900,00/01/1900,0,0,,,,,,,,,,,,,,,,,,,,,,,,,0%,,
0,0,0,0,00/01/1900,00/01/1900,00/01/1900,0,0,0,00/01/1900,00/01/1900,0,0,00/01/1900,00/01/1900,0,0,,,,,,,,,,,,,,,,,,,,,,,,,0%,,
0,0,0,0,00/01/1900,00/01/1900,00/01/1900,0,0,0,00/01/1900,00/01/1900,0,0,00/01/1900,00/01/1900,0,0,,,,,,,,,,,,,,,,,,,,,,,,,0%,,
0,0,0,0,00/01/1900,00/01/1900,00/01/1900,0,0,0,00/01/1900,00/01/1900,0,0,00/01/1900,00/01/1900,0,0,,,,,,,,,,,,,,,,,,,,,,,,,0%,,
0,0,0,0,00/01/1900,00/01/1900,00/01/1900,0,0,0,00/01/1900,00/01/1900,0,0,00/01/1900,00/01/1900,0,0,,,,,,,,,,,,,,,,,,,,,,,,,0%,,
0,0,0,0,00/01/1900,00/01/1900,00/01/1900,0,0,0,00/01/1900,00/01/1900,0,0,00/01/1900,00/01/1900,0,0,,,,,,,,,,,,,,,,,,,,,,,,,0%,,
0,0,0,0,00/01/1900,00/01/1900,00/01/1900,0,0,0,00/01/1900,00/01/1900,0,0,00/01/1900,00/01/1900,0,0,,,,,,,,,,,,,,,,,,,,,,,,,0%,,
0,0,0,0,00/01/1900,00/01/1900,00/01/1900,0,0,0,00/01/1900,00/01/1900,0,0,00/01/1900,00/01/1900,0,0,,,,,,,,,,,,,,,,,,,,,,,,,0%,,
0,0,0,0,00/01/1900,00/01/1900,00/01/1900,0,0,0,00/01/1900,00/01/1900,0,0,00/01/1900,00/01/1900,0,0,,,,,,,,,,,,,,,,,,,,,,,,,0%,,
0,0,0,0,00/01/1900,00/01/1900,00/01/1900,0,0,0,00/01/1900,00/01/1900,0,0,00/01/1900,00/01/1900,0,0,,,,,,,,,,,,,,,,,,,,,,,,,0%,,
0,0,0,0,00/01/1900,00/01/1900,00/01/1900,0,0,0,00/01/1900,00/01/1900,0,0,00/01/1900,00/01/1900,0,0,,,,,,,,,,,,,,,,,,,,,,,,,0%,,
0,0,0,0,00/01/1900,00/01/1900,00/01/1900,0,0,0,00/01/1900,00/01/1900,0,0,00/01/1900,00/01/1900,0,0,,,,,,,,,,,,,,,,,,,,,,,,,0%,,
0,0,0,0,00/01/1900,00/01/1900,00/01/1900,0,0,0,00/01/1900,00/01/1900,0,0,00/01/1900,00/01/1900,0,0,,,,,,,,,,,,,,,,,,,,,,,,,0%,,
0,0,0,0,00/01/1900,00/01/1900,00/01/1900,0,0,0,00/01/1900,00/01/1900,0,0,00/01/1900,00/01/1900,0,0,,,,,,,,,,,,,,,,,,,,,,,,,0%,,
0,0,0,0,00/01/1900,00/01/1900,00/01/1900,0,0,0,00/01/1900,00/01/1900,0,0,00/01/1900,00/01/1900,0,0,,,,,,,,,,,,,,,,,,,,,,,,,0%,,
0,0,0,0,00/01/1900,00/01/1900,00/01/1900,0,0,0,00/01/1900,00/01/1900,0,0,00/01/1900,00/01/1900,0,0,,,,,,,,,,,,,,,,,,,,,,,,,0%,,
0,0,0,0,00/01/1900,00/01/1900,00/01/1900,0,0,0,00/01/1900,00/01/1900,0,0,00/01/1900,00/01/1900,0,0,,,,,,,,,,,,,,,,,,,,,,,,,0%,,
0,0,0,0,00/01/1900,00/01/1900,00/01/1900,0,0,0,00/01/1900,00/01/1900,0,0,00/01/1900,00/01/1900,0,0,,,,,,,,,,,,,,,,,,,,,,,,,0%,,
0,0,0,0,00/01/1900,00/01/1900,00/01/1900,0,0,0,00/01/1900,00/01/1900,0,0,00/01/1900,00/01/1900,0,0,,,,,,,,,,,,,,,,,,,,,,,,,0%,,
0,0,0,0,00/01/1900,00/01/1900,00/01/1900,0,0,0,00/01/1900,00/01/1900,0,0,00/01/1900,00/01/1900,0,0,,,,,,,,,,,,,,,,,,,,,,,,,0%,,
0,0,0,0,00/01/1900,00/01/1900,00/01/1900,0,0,0,00/01/1900,00/01/1900,0,0,00/01/1900,00/01/1900,0,0,,,,,,,,,,,,,,,,,,,,,,,,,0%,,
0,0,0,0,00/01/1900,00/01/1900,00/01/1900,0,0,0,00/01/1900,00/01/1900,0,0,00/01/1900,00/01/1900,0,0,,,,,,,,,,,,,,,,,,,,,,,,,0%,,
0,0,0,0,00/01/1900,00/01/1900,00/01/1900,0,0,0,00/01/1900,00/01/1900,0,0,00/01/1900,00/01/1900,0,0,,,,,,,,,,,,,,,,,,,,,,,,,0%,,
0,0,0,0,00/01/1900,00/01/1900,00/01/1900,0,0,0,00/01/1900,00/01/1900,0,0,00/01/1900,00/01/1900,0,0,,,,,,,,,,,,,,,,,,,,,,,,,0%,,
0,0,0,0,00/01/1900,00/01/1900,00/01/1900,0,0,0,00/01/1900,00/01/1900,0,0,00/01/1900,00/01/1900,0,0,,,,,,,,,,,,,,,,,,,,,,,,,0%,,
0,0,0,0,00/01/1900,00/01/1900,00/01/1900,0,0,0,00/01/1900,00/01/1900,0,0,00/01/1900,00/01/1900,0,0,,,,,,,,,,,,,,,,,,,,,,,,,0%,,
0,0,0,0,00/01/1900,00/01/1900,00/01/1900,0,0,0,00/01/1900,00/01/1900,0,0,00/01/1900,00/01/1900,0,0,,,,,,,,,,,,,,,,,,,,,,,,,0%,,
0,0,0,0,00/01/1900,00/01/1900,00/01/1900,0,0,0,00/01/1900,00/01/1900,0,0,00/01/1900,00/01/1900,0,0,,,,,,,,,,,,,,,,,,,,,,,,,0%,,
0,0,0,0,00/01/1900,00/01/1900,00/01/1900,0,0,0,00/01/1900,00/01/1900,0,0,00/01/1900,00/01/1900,0,0,,,,,,,,,,,,,,,,,,,,,,,,,0%,,
0,0,0,0,00/01/1900,00/01/1900,00/01/1900,0,0,0,00/01/1900,00/01/1900,0,0,00/01/1900,00/01/1900,0,0,,,,,,,,,,,,,,,,,,,,,,,,,0%,,
0,0,0,0,00/01/1900,00/01/1900,00/01/1900,0,0,0,00/01/1900,00/01/1900,0,0,00/01/1900,00/01/1900,0,0,,,,,,,,,,,,,,,,,,,,,,,,,0%,,
0,0,0,0,00/01/1900,00/01/1900,00/01/1900,0,0,0,00/01/1900,00/01/1900,0,0,00/01/1900,00/01/1900,0,0,,,,,,,,,,,,,,,,,,,,,,,,,0%,,
0,0,0,0,00/01/1900,00/01/1900,00/01/1900,0,0,0,00/01/1900,00/01/1900,0,0,00/01/1900,00/01/1900,0,0,,,,,,,,,,,,,,,,,,,,,,,,,0%,,
0,0,0,0,00/01/1900,00/01/1900,00/01/1900,0,0,0,00/01/1900,00/01/1900,0,0,00/01/1900,00/01/1900,0,0,,,,,,,,,,,,,,,,,,,,,,,,,0%,,
0,0,0,0,00/01/1900,00/01/1900,00/01/1900,0,0,0,00/01/1900,00/01/1900,0,0,00/01/1900,00/01/1900,0,0,,,,,,,,,,,,,,,,,,,,,,,,,0%,,
0,0,0,0,00/01/1900,00/01/1900,00/01/1900,0,0,0,00/01/1900,00/01/1900,0,0,00/01/1900,00/01/1900,0,0,,,,,,,,,,,,,,,,,,,,,,,,,0%,,
0,0,0,0,00/01/1900,00/01/1900,00/01/1900,0,0,0,00/01/1900,00/01/1900,0,0,00/01/1900,00/01/1900,0,0,,,,,,,,,,,,,,,,,,,,,,,,,0%,,
0,0,0,0,00/01/1900,00/01/1900,00/01/1900,0,0,0,00/01/1900,00/01/1900,0,0,00/01/1900,00/01/1900,0,0,,,,,,,,,,,,,,,,,,,,,,,,,0%,,
0,0,0,0,00/01/1900,00/01/1900,00/01/1900,0,0,0,00/01/1900,00/01/1900,0,0,00/01/1900,00/01/1900,0,0,,,,,,,,,,,,,,,,,,,,,,,,,0%,,
0,0,0,0,00/01/1900,00/01/1900,00/01/1900,0,0,0,00/01/1900,00/01/1900,0,0,00/01/1900,00/01/1900,0,0,,,,,,,,,,,,,,,,,,,,,,,,,0%,,
0,0,0,0,00/01/1900,00/01/1900,00/01/1900,0,0,0,00/01/1900,00/01/1900,0,0,00/01/1900,00/01/1900,0,0,,,,,,,,,,,,,,,,,,,,,,,,,0%,,
0,0,0,0,00/01/1900,00/01/1900,00/01/1900,0,0,0,00/01/1900,00/01/1900,0,0,00/01/1900,00/01/1900,0,0,,,,,,,,,,,,,,,,,,,,,,,,,0%,,
0,0,0,0,00/01/1900,00/01/1900,00/01/1900,0,0,0,00/01/1900,00/01/1900,0,0,00/01/1900,00/01/1900,0,0,,,,,,,,,,,,,,,,,,,,,,,,,0%,,
0,0,0,0,00/01/1900,00/01/1900,00/01/1900,0,0,0,00/01/1900,00/01/1900,0,0,00/01/1900,00/01/1900,0,0,,,,,,,,,,,,,,,,,,,,,,,,,0%,,
0,0,0,0,00/01/1900,00/01/1900,00/01/1900,0,0,0,00/01/1900,00/01/1900,0,0,00/01/1900,00/01/1900,0,0,,,,,,,,,,,,,,,,,,,,,,,,,0%,,
0,0,0,0,00/01/1900,00/01/1900,00/01/1900,0,0,0,00/01/1900,00/01/1900,0,0,00/01/1900,00/01/1900,0,0,,,,,,,,,,,,,,,,,,,,,,,,,0%,,
0,0,0,0,00/01/1900,00/01/1900,00/01/1900,0,0,0,00/01/1900,00/01/1900,0,0,00/01/1900,00/01/1900,0,0,,,,,,,,,,,,,,,,,,,,,,,,,0%,,
0,0,0,0,00/01/1900,00/01/1900,00/01/1900,0,0,0,00/01/1900,00/01/1900,0,0,00/01/1900,00/01/1900,0,0,,,,,,,,,,,,,,,,,,,,,,,,,0%,,
0,0,0,0,00/01/1900,00/01/1900,00/01/1900,0,0,0,00/01/1900,00/01/1900,0,0,00/01/1900,00/01/1900,0,0,,,,,,,,,,,,,,,,,,,,,,,,,0%,,
0,0,0,0,00/01/1900,00/01/1900,00/01/1900,0,0,0,00/01/1900,00/01/1900,0,0,00/01/1900,00/01/1900,0,0,,,,,,,,,,,,,,,,,,,,,,,,,0%,,
0,0,0,0,00/01/1900,00/01/1900,00/01/1900,0,0,0,00/01/1900,00/01/1900,0,0,00/01/1900,00/01/1900,0,0,,,,,,,,,,,,,,,,,,,,,,,,,0%,,
0,0,0,0,00/01/1900,00/01/1900,00/01/1900,0,0,0,00/01/1900,00/01/1900,0,0,00/01/1900,00/01/1900,0,0,,,,,,,,,,,,,,,,,,,,,,,,,0%,,
0,0,0,0,00/01/1900,00/01/1900,00/01/1900,0,0,0,00/01/1900,00/01/1900,0,0,00/01/1900,00/01/1900,0,0,,,,,,,,,,,,,,,,,,,,,,,,,0%,,
0,0,0,0,00/01/1900,00/01/1900,00/01/1900,0,0,0,00/01/1900,00/01/1900,0,0,00/01/1900,00/01/1900,0,0,,,,,,,,,,,,,,,,,,,,,,,,,0%,,
0,0,0,0,00/01/1900,00/01/1900,00/01/1900,0,0,0,00/01/1900,00/01/1900,0,0,00/01/1900,00/01/1900,0,0,,,,,,,,,,,,,,,,,,,,,,,,,0%,,
0,0,0,0,00/01/1900,00/01/1900,00/01/1900,0,0,0,00/01/1900,00/01/1900,0,0,00/01/1900,00/01/1900,0,0,,,,,,,,,,,,,,,,,,,,,,,,,0%,,
0,0,0,0,00/01/1900,00/01/1900,00/01/1900,0,0,0,00/01/1900,00/01/1900,0,0,00/01/1900,00/01/1900,0,0,,,,,,,,,,,,,,,,,,,,,,,,,0%,,
0,0,0,0,00/01/1900,00/01/1900,00/01/1900,0,0,0,00/01/1900,00/01/1900,0,0,00/01/1900,00/01/1900,0,0,,,,,,,,,,,,,,,,,,,,,,,,,0%,,
0,0,0,0,00/01/1900,00/01/1900,00/01/1900,0,0,0,00/01/1900,00/01/1900,0,0,00/01/1900,00/01/1900,0,0,,,,,,,,,,,,,,,,,,,,,,,,,0%,,
0,0,0,0,00/01/1900,00/01/1900,00/01/1900,0,0,0,00/01/1900,00/01/1900,0,0,00/01/1900,00/01/1900,0,0,,,,,,,,,,,,,,,,,,,,,,,,,0%,,
0,0,0,0,00/01/1900,00/01/1900,00/01/1900,0,0,0,00/01/1900,00/01/1900,0,0,00/01/1900,00/01/1900,0,0,,,,,,,,,,,,,,,,,,,,,,,,,0%,,
0,0,0,0,00/01/1900,00/01/1900,00/01/1900,0,0,0,00/01/1900,00/01/1900,0,0,00/01/1900,00/01/1900,0,0,,,,,,,,,,,,,,,,,,,,,,,,,0%,,
0,0,0,0,00/01/1900,00/01/1900,00/01/1900,0,0,0,00/01/1900,00/01/1900,0,0,00/01/1900,00/01/1900,0,0,,,,,,,,,,,,,,,,,,,,,,,,,0%,,
0,0,0,0,00/01/1900,00/01/1900,00/01/1900,0,0,0,00/01/1900,00/01/1900,0,0,00/01/1900,00/01/1900,0,0,,,,,,,,,,,,,,,,,,,,,,,,,0%,,
0,0,0,0,00/01/1900,00/01/1900,00/01/1900,0,0,0,00/01/1900,00/01/1900,0,0,00/01/1900,00/01/1900,0,0,,,,,,,,,,,,,,,,,,,,,,,,,0%,,
0,0,0,0,00/01/1900,00/01/1900,00/01/1900,0,0,0,00/01/1900,00/01/1900,0,0,00/01/1900,00/01/1900,0,0,,,,,,,,,,,,,,,,,,,,,,,,,0%,,
0,0,0,0,00/01/1900,00/01/1900,00/01/1900,0,0,0,00/01/1900,00/01/1900,0,0,00/01/1900,00/01/1900,0,0,,,,,,,,,,,,,,,,,,,,,,,,,0%,,
0,0,0,0,00/01/1900,00/01/1900,00/01/1900,0,0,0,00/01/1900,00/01/1900,0,0,00/01/1900,00/01/1900,0,0,,,,,,,,,,,,,,,,,,,,,,,,,0%,,
0,0,0,0,00/01/1900,00/01/1900,00/01/1900,0,0,0,00/01/1900,00/01/1900,0,0,00/01/1900,00/01/1900,0,0,,,,,,,,,,,,,,,,,,,,,,,,,0%,,
0,0,0,0,00/01/1900,00/01/1900,00/01/1900,0,0,0,00/01/1900,00/01/1900,0,0,00/01/1900,00/01/1900,0,0,,,,,,,,,,,,,,,,,,,,,,,,,0%,,
0,0,0,0,00/01/1900,00/01/1900,00/01/1900,0,0,0,00/01/1900,00/01/1900,0,0,00/01/1900,00/01/1900,0,0,,,,,,,,,,,,,,,,,,,,,,,,,0%,,
0,0,0,0,00/01/1900,00/01/1900,00/01/1900,0,0,0,00/01/1900,00/01/1900,0,0,00/01/1900,00/01/1900,0,0,,,,,,,,,,,,,,,,,,,,,,,,,0%,,
0,0,0,0,00/01/1900,00/01/1900,00/01/1900,0,0,0,00/01/1900,00/01/1900,0,0,00/01/1900,00/01/1900,0,0,,,,,,,,,,,,,,,,,,,,,,,,,0%,,
0,0,0,0,00/01/1900,00/01/1900,00/01/1900,0,0,0,00/01/1900,00/01/1900,0,0,00/01/1900,00/01/1900,0,0,,,,,,,,,,,,,,,,,,,,,,,,,0%,,
0,0,0,0,00/01/1900,00/01/1900,00/01/1900,0,0,0,00/01/1900,00/01/1900,0,0,00/01/1900,00/01/1900,0,0,,,,,,,,,,,,,,,,,,,,,,,,,0%,,
0,0,0,0,00/01/1900,00/01/1900,00/01/1900,0,0,0,00/01/1900,00/01/1900,0,0,00/01/1900,00/01/1900,0,0,,,,,,,,,,,,,,,,,,,,,,,,,0%,,
0,0,0,0,00/01/1900,00/01/1900,00/01/1900,0,0,0,00/01/1900,00/01/1900,0,0,00/01/1900,00/01/1900,0,0,,,,,,,,,,,,,,,,,,,,,,,,,0%,,
0,0,0,0,00/01/1900,00/01/1900,00/01/1900,0,0,0,00/01/1900,00/01/1900,0,0,00/01/1900,00/01/1900,0,0,,,,,,,,,,,,,,,,,,,,,,,,,0%,,
0,0,0,0,00/01/1900,00/01/1900,00/01/1900,0,0,0,00/01/1900,00/01/1900,0,0,00/01/1900,00/01/1900,0,0,,,,,,,,,,,,,,,,,,,,,,,,,0%,,
0,0,0,0,00/01/1900,00/01/1900,00/01/1900,0,0,0,00/01/1900,00/01/1900,0,0,00/01/1900,00/01/1900,0,0,,,,,,,,,,,,,,,,,,,,,,,,,0%,,
0,0,0,0,00/01/1900,00/01/1900,00/01/1900,0,0,0,00/01/1900,00/01/1900,0,0,00/01/1900,00/01/1900,0,0,,,,,,,,,,,,,,,,,,,,,,,,,0%,,
0,0,0,0,00/01/1900,00/01/1900,00/01/1900,0,0,0,00/01/1900,00/01/1900,0,0,00/01/1900,00/01/1900,0,0,,,,,,,,,,,,,,,,,,,,,,,,,0%,,
0,0,0,0,00/01/1900,00/01/1900,00/01/1900,0,0,0,00/01/1900,00/01/1900,0,0,00/01/1900,00/01/1900,0,0,,,,,,,,,,,,,,,,,,,,,,,,,0%,,
0,0,0,0,00/01/1900,00/01/1900,00/01/1900,0,0,0,00/01/1900,00/01/1900,0,0,00/01/1900,00/01/1900,0,0,,,,,,,,,,,,,,,,,,,,,,,,,0%,,
0,0,0,0,00/01/1900,00/01/1900,00/01/1900,0,0,0,00/01/1900,00/01/1900,0,0,00/01/1900,00/01/1900,0,0,,,,,,,,,,,,,,,,,,,,,,,,,0%,,
0,0,0,0,00/01/1900,00/01/1900,00/01/1900,0,0,0,00/01/1900,00/01/1900,0,0,00/01/1900,00/01/1900,0,0,,,,,,,,,,,,,,,,,,,,,,,,,0%,,
0,0,0,0,00/01/1900,00/01/1900,00/01/1900,0,0,0,00/01/1900,00/01/1900,0,0,00/01/1900,00/01/1900,0,0,,,,,,,,,,,,,,,,,,,,,,,,,0%,,
0,0,0,0,00/01/1900,00/01/1900,00/01/1900,0,0,0,00/01/1900,00/01/1900,0,0,00/01/1900,00/01/1900,0,0,,,,,,,,,,,,,,,,,,,,,,,,,0%,,
0,0,0,0,00/01/1900,00/01/1900,00/01/1900,0,0,0,00/01/1900,00/01/1900,0,0,00/01/1900,00/01/1900,0,0,,,,,,,,,,,,,,,,,,,,,,,,,0%,,
0,0,0,0,00/01/1900,00/01/1900,00/01/1900,0,0,0,00/01/1900,00/01/1900,0,0,00/01/1900,00/01/1900,0,0,,,,,,,,,,,,,,,,,,,,,,,,,0%,,
0,0,0,0,00/01/1900,00/01/1900,00/01/1900,0,0,0,00/01/1900,00/01/1900,0,0,00/01/1900,00/01/1900,0,0,,,,,,,,,,,,,,,,,,,,,,,,,0%,,
0,0,0,0,00/01/1900,00/01/1900,00/01/1900,0,0,0,00/01/1900,00/01/1900,0,0,00/01/1900,00/01/1900,0,0,,,,,,,,,,,,,,,,,,,,,,,,,0%,,
0,0,0,0,00/01/1900,00/01/1900,00/01/1900,0,0,0,00/01/1900,00/01/1900,0,0,00/01/1900,00/01/1900,0,0,,,,,,,,,,,,,,,,,,,,,,,,,0%,,
0,0,0,0,00/01/1900,00/01/1900,00/01/1900,0,0,0,00/01/1900,00/01/1900,0,0,00/01/1900,00/01/1900,0,0,,,,,,,,,,,,,,,,,,,,,,,,,0%,,
0,0,0,0,00/01/1900,00/01/1900,00/01/1900,0,0,0,00/01/1900,00/01/1900,0,0,00/01/1900,00/01/1900,0,0,,,,,,,,,,,,,,,,,,,,,,,,,0%,,
0,0,0,0,00/01/1900,00/01/1900,00/01/1900,0,0,0,00/01/1900,00/01/1900,0,0,00/01/1900,00/01/1900,0,0,,,,,,,,,,,,,,,,,,,,,,,,,0%,,
0,0,0,0,00/01/1900,00/01/1900,00/01/1900,0,0,0,00/01/1900,00/01/1900,0,0,00/01/1900,00/01/1900,0,0,,,,,,,,,,,,,,,,,,,,,,,,,0%,,
0,0,0,0,00/01/1900,00/01/1900,00/01/1900,0,0,0,00/01/1900,00/01/1900,0,0,00/01/1900,00/01/1900,0,0,,,,,,,,,,,,,,,,,,,,,,,,,0%,,
0,0,0,0,00/01/1900,00/01/1900,00/01/1900,0,0,0,00/01/1900,00/01/1900,0,0,00/01/1900,00/01/1900,0,0,,,,,,,,,,,,,,,,,,,,,,,,,0%,,
0,0,0,0,00/01/1900,00/01/1900,00/01/1900,0,0,0,00/01/1900,00/01/1900,0,0,00/01/1900,00/01/1900,0,0,,,,,,,,,,,,,,,,,,,,,,,,,0%,,
0,0,0,0,00/01/1900,00/01/1900,00/01/1900,0,0,0,00/01/1900,00/01/1900,0,0,00/01/1900,00/01/1900,0,0,,,,,,,,,,,,,,,,,,,,,,,,,0%,,
0,0,0,0,00/01/1900,00/01/1900,00/01/1900,0,0,0,00/01/1900,00/01/1900,0,0,00/01/1900,00/01/1900,0,0,,,,,,,,,,,,,,,,,,,,,,,,,0%,,
0,0,0,0,00/01/1900,00/01/1900,00/01/1900,0,0,0,00/01/1900,00/01/1900,0,0,00/01/1900,00/01/1900,0,0,,,,,,,,,,,,,,,,,,,,,,,,,0%,,
0,0,0,0,00/01/1900,00/01/1900,00/01/1900,0,0,0,00/01/1900,00/01/1900,0,0,00/01/1900,00/01/1900,0,0,,,,,,,,,,,,,,,,,,,,,,,,,0%,,
0,0,0,0,00/01/1900,00/01/1900,00/01/1900,0,0,0,00/01/1900,00/01/1900,0,0,00/01/1900,00/01/1900,0,0,,,,,,,,,,,,,,,,,,,,,,,,,0%,,
0,0,0,0,00/01/1900,00/01/1900,00/01/1900,0,0,0,00/01/1900,00/01/1900,0,0,00/01/1900,00/01/1900,0,0,,,,,,,,,,,,,,,,,,,,,,,,,0%,,
0,0,0,0,00/01/1900,00/01/1900,00/01/1900,0,0,0,00/01/1900,00/01/1900,0,0,00/01/1900,00/01/1900,0,0,,,,,,,,,,,,,,,,,,,,,,,,,0%,,
0,0,0,0,00/01/1900,00/01/1900,00/01/1900,0,0,0,00/01/1900,00/01/1900,0,0,00/01/1900,00/01/1900,0,0,,,,,,,,,,,,,,,,,,,,,,,,,0%,,
0,0,0,0,00/01/1900,00/01/1900,00/01/1900,0,0,0,00/01/1900,00/01/1900,0,0,00/01/1900,00/01/1900,0,0,,,,,,,,,,,,,,,,,,,,,,,,,0%,,
0,0,0,0,00/01/1900,00/01/1900,00/01/1900,0,0,0,00/01/1900,00/01/1900,0,0,00/01/1900,00/01/1900,0,0,,,,,,,,,,,,,,,,,,,,,,,,,0%,,
0,0,0,0,00/01/1900,00/01/1900,00/01/1900,0,0,0,00/01/1900,00/01/1900,0,0,00/01/1900,00/01/1900,0,0,,,,,,,,,,,,,,,,,,,,,,,,,0%,,
0,0,0,0,00/01/1900,00/01/1900,00/01/1900,0,0,0,00/01/1900,00/01/1900,0,0,00/01/1900,00/01/1900,0,0,,,,,,,,,,,,,,,,,,,,,,,,,0%,,
0,0,0,0,00/01/1900,00/01/1900,00/01/1900,0,0,0,00/01/1900,00/01/1900,0,0,00/01/1900,00/01/1900,0,0,,,,,,,,,,,,,,,,,,,,,,,,,0%,,
0,0,0,0,00/01/1900,00/01/1900,00/01/1900,0,0,0,00/01/1900,00/01/1900,0,0,00/01/1900,00/01/1900,0,0,,,,,,,,,,,,,,,,,,,,,,,,,0%,,
0,0,0,0,00/01/1900,00/01/1900,00/01/1900,0,0,0,00/01/1900,00/01/1900,0,0,00/01/1900,00/01/1900,0,0,,,,,,,,,,,,,,,,,,,,,,,,,0%,,
0,0,0,0,00/01/1900,00/01/1900,00/01/1900,0,0,0,00/01/1900,00/01/1900,0,0,00/01/1900,00/01/1900,0,0,,,,,,,,,,,,,,,,,,,,,,,,,0%,,
0,0,0,0,00/01/1900,00/01/1900,00/01/1900,0,0,0,00/01/1900,00/01/1900,0,0,00/01/1900,00/01/1900,0,0,,,,,,,,,,,,,,,,,,,,,,,,,0%,,
0,0,0,0,00/01/1900,00/01/1900,00/01/1900,0,0,0,00/01/1900,00/01/1900,0,0,00/01/1900,00/01/1900,0,0,,,,,,,,,,,,,,,,,,,,,,,,,0%,,
0,0,0,0,00/01/1900,00/01/1900,00/01/1900,0,0,0,00/01/1900,00/01/1900,0,0,00/01/1900,00/01/1900,0,0,,,,,,,,,,,,,,,,,,,,,,,,,0%,,
0,0,0,0,00/01/1900,00/01/1900,00/01/1900,0,0,0,00/01/1900,00/01/1900,0,0,00/01/1900,00/01/1900,0,0,,,,,,,,,,,,,,,,,,,,,,,,,0%,,
0,0,0,0,00/01/1900,00/01/1900,00/01/1900,0,0,0,00/01/1900,00/01/1900,0,0,00/01/1900,00/01/1900,0,0,,,,,,,,,,,,,,,,,,,,,,,,,0%,,
0,0,0,0,00/01/1900,00/01/1900,00/01/1900,0,0,0,00/01/1900,00/01/1900,0,0,00/01/1900,00/01/1900,0,0,,,,,,,,,,,,,,,,,,,,,,,,,0%,,
0,0,0,0,00/01/1900,00/01/1900,00/01/1900,0,0,0,00/01/1900,00/01/1900,0,0,00/01/1900,00/01/1900,0,0,,,,,,,,,,,,,,,,,,,,,,,,,0%,,
0,0,0,0,00/01/1900,00/01/1900,00/01/1900,0,0,0,00/01/1900,00/01/1900,0,0,00/01/1900,00/01/1900,0,0,,,,,,,,,,,,,,,,,,,,,,,,,0%,,
0,0,0,0,00/01/1900,00/01/1900,00/01/1900,0,0,0,00/01/1900,00/01/1900,0,0,00/01/1900,00/01/1900,0,0,,,,,,,,,,,,,,,,,,,,,,,,,0%,,
0,0,0,0,00/01/1900,00/01/1900,00/01/1900,0,0,0,00/01/1900,00/01/1900,0,0,00/01/1900,00/01/1900,0,0,,,,,,,,,,,,,,,,,,,,,,,,,0%,,
0,0,0,0,00/01/1900,00/01/1900,00/01/1900,0,0,0,00/01/1900,00/01/1900,0,0,00/01/1900,00/01/1900,0,0,,,,,,,,,,,,,,,,,,,,,,,,,0%,,
0,0,0,0,00/01/1900,00/01/1900,00/01/1900,0,0,0,00/01/1900,00/01/1900,0,0,00/01/1900,00/01/1900,0,0,,,,,,,,,,,,,,,,,,,,,,,,,0%,,
0,0,0,0,00/01/1900,00/01/1900,00/01/1900,0,0,0,00/01/1900,00/01/1900,0,0,00/01/1900,00/01/1900,0,0,,,,,,,,,,,,,,,,,,,,,,,,,0%,,
0,0,0,0,00/01/1900,00/01/1900,00/01/1900,0,0,0,00/01/1900,00/01/1900,0,0,00/01/1900,00/01/1900,0,0,,,,,,,,,,,,,,,,,,,,,,,,,0%,,
0,0,0,0,00/01/1900,00/01/1900,00/01/1900,0,0,0,00/01/1900,00/01/1900,0,0,00/01/1900,00/01/1900,0,0,,,,,,,,,,,,,,,,,,,,,,,,,0%,,
0,0,0,0,00/01/1900,00/01/1900,00/01/1900,0,0,0,00/01/1900,00/01/1900,0,0,00/01/1900,00/01/1900,0,0,,,,,,,,,,,,,,,,,,,,,,,,,0%,,
0,0,0,0,00/01/1900,00/01/1900,00/01/1900,0,0,0,00/01/1900,00/01/1900,0,0,00/01/1900,00/01/1900,0,0,,,,,,,,,,,,,,,,,,,,,,,,,0%,,
0,0,0,0,00/01/1900,00/01/1900,00/01/1900,0,0,0,00/01/1900,00/01/1900,0,0,00/01/1900,00/01/1900,0,0,,,,,,,,,,,,,,,,,,,,,,,,,0%,,
0,0,0,0,00/01/1900,00/01/1900,00/01/1900,0,0,0,00/01/1900,00/01/1900,0,0,00/01/1900,00/01/1900,0,0,,,,,,,,,,,,,,,,,,,,,,,,,0%,,
0,0,0,0,00/01/1900,00/01/1900,00/01/1900,0,0,0,00/01/1900,00/01/1900,0,0,00/01/1900,00/01/1900,0,0,,,,,,,,,,,,,,,,,,,,,,,,,0%,,
0,0,0,0,00/01/1900,00/01/1900,00/01/1900,0,0,0,00/01/1900,00/01/1900,0,0,00/01/1900,00/01/1900,0,0,,,,,,,,,,,,,,,,,,,,,,,,,0%,,
0,0,0,0,00/01/1900,00/01/1900,00/01/1900,0,0,0,00/01/1900,00/01/1900,0,0,00/01/1900,00/01/1900,0,0,,,,,,,,,,,,,,,,,,,,,,,,,0%,,
0,0,0,0,00/01/1900,00/01/1900,00/01/1900,0,0,0,00/01/1900,00/01/1900,0,0,00/01/1900,00/01/1900,0,0,,,,,,,,,,,,,,,,,,,,,,,,,0%,,
0,0,0,0,00/01/1900,00/01/1900,00/01/1900,0,0,0,00/01/1900,00/01/1900,0,0,00/01/1900,00/01/1900,0,0,,,,,,,,,,,,,,,,,,,,,,,,,0%,,
0,0,0,0,00/01/1900,00/01/1900,00/01/1900,0,0,0,00/01/1900,00/01/1900,0,0,00/01/1900,00/01/1900,0,0,,,,,,,,,,,,,,,,,,,,,,,,,0%,,
0,0,0,0,00/01/1900,00/01/1900,00/01/1900,0,0,0,00/01/1900,00/01/1900,0,0,00/01/1900,00/01/1900,0,0,,,,,,,,,,,,,,,,,,,,,,,,,0%,,
0,0,0,0,00/01/1900,00/01/1900,00/01/1900,0,0,0,00/01/1900,00/01/1900,0,0,00/01/1900,00/01/1900,0,0,,,,,,,,,,,,,,,,,,,,,,,,,0%,,
0,0,0,0,00/01/1900,00/01/1900,00/01/1900,0,0,0,00/01/1900,00/01/1900,0,0,00/01/1900,00/01/1900,0,0,,,,,,,,,,,,,,,,,,,,,,,,,0%,,
0,0,0,0,00/01/1900,00/01/1900,00/01/1900,0,0,0,00/01/1900,00/01/1900,0,0,00/01/1900,00/01/1900,0,0,,,,,,,,,,,,,,,,,,,,,,,,,0%,,
0,0,0,0,00/01/1900,00/01/1900,00/01/1900,0,0,0,00/01/1900,00/01/1900,0,0,00/01/1900,00/01/1900,0,0,,,,,,,,,,,,,,,,,,,,,,,,,0%,,
0,0,0,0,00/01/1900,00/01/1900,00/01/1900,0,0,0,00/01/1900,00/01/1900,0,0,00/01/1900,00/01/1900,0,0,,,,,,,,,,,,,,,,,,,,,,,,,0%,,
0,0,0,0,00/01/1900,00/01/1900,00/01/1900,0,0,0,00/01/1900,00/01/1900,0,0,00/01/1900,00/01/1900,0,0,,,,,,,,,,,,,,,,,,,,,,,,,0%,,
0,0,0,0,00/01/1900,00/01/1900,00/01/1900,0,0,0,00/01/1900,00/01/1900,0,0,00/01/1900,00/01/1900,0,0,,,,,,,,,,,,,,,,,,,,,,,,,0%,,
0,0,0,0,00/01/1900,00/01/1900,00/01/1900,0,0,0,00/01/1900,00/01/1900,0,0,00/01/1900,00/01/1900,0,0,,,,,,,,,,,,,,,,,,,,,,,,,0%,,
0,0,0,0,00/01/1900,00/01/1900,00/01/1900,0,0,0,00/01/1900,00/01/1900,0,0,00/01/1900,00/01/1900,0,0,,,,,,,,,,,,,,,,,,,,,,,,,0%,,
0,0,0,0,00/01/1900,00/01/1900,00/01/1900,0,0,0,00/01/1900,00/01/1900,0,0,00/01/1900,00/01/1900,0,0,,,,,,,,,,,,,,,,,,,,,,,,,0%,,
0,0,0,0,00/01/1900,00/01/1900,00/01/1900,0,0,0,00/01/1900,00/01/1900,0,0,00/01/1900,00/01/1900,0,0,,,,,,,,,,,,,,,,,,,,,,,,,0%,,
0,0,0,0,00/01/1900,00/01/1900,00/01/1900,0,0,0,00/01/1900,00/01/1900,0,0,00/01/1900,00/01/1900,0,0,,,,,,,,,,,,,,,,,,,,,,,,,0%,,
0,0,0,0,00/01/1900,00/01/1900,00/01/1900,0,0,0,00/01/1900,00/01/1900,0,0,00/01/1900,00/01/1900,0,0,,,,,,,,,,,,,,,,,,,,,,,,,0%,,
0,0,0,0,00/01/1900,00/01/1900,00/01/1900,0,0,0,00/01/1900,00/01/1900,0,0,00/01/1900,00/01/1900,0,0,,,,,,,,,,,,,,,,,,,,,,,,,0%,,
0,0,0,0,00/01/1900,00/01/1900,00/01/1900,0,0,0,00/01/1900,00/01/1900,0,0,00/01/1900,00/01/1900,0,0,,,,,,,,,,,,,,,,,,,,,,,,,0%,,
0,0,0,0,00/01/1900,00/01/1900,00/01/1900,0,0,0,00/01/1900,00/01/1900,0,0,00/01/1900,00/01/1900,0,0,,,,,,,,,,,,,,,,,,,,,,,,,0%,,
0,0,0,0,00/01/1900,00/01/1900,00/01/1900,0,0,0,00/01/1900,00/01/1900,0,0,00/01/1900,00/01/1900,0,0,,,,,,,,,,,,,,,,,,,,,,,,,0%,,
0,0,0,0,00/01/1900,00/01/1900,00/01/1900,0,0,0,00/01/1900,00/01/1900,0,0,00/01/1900,00/01/1900,0,0,,,,,,,,,,,,,,,,,,,,,,,,,0%,,
0,0,0,0,00/01/1900,00/01/1900,00/01/1900,0,0,0,00/01/1900,00/01/1900,0,0,00/01/1900,00/01/1900,0,0,,,,,,,,,,,,,,,,,,,,,,,,,0%,,
0,0,0,0,00/01/1900,00/01/1900,00/01/1900,0,0,0,00/01/1900,00/01/1900,0,0,00/01/1900,00/01/1900,0,0,,,,,,,,,,,,,,,,,,,,,,,,,0%,,
0,0,0,0,00/01/1900,00/01/1900,00/01/1900,0,0,0,00/01/1900,00/01/1900,0,0,00/01/1900,00/01/1900,0,0,,,,,,,,,,,,,,,,,,,,,,,,,0%,,
0,0,0,0,00/01/1900,00/01/1900,00/01/1900,0,0,0,00/01/1900,00/01/1900,0,0,00/01/1900,00/01/1900,0,0,,,,,,,,,,,,,,,,,,,,,,,,,0%,,
0,0,0,0,00/01/1900,00/01/1900,00/01/1900,0,0,0,00/01/1900,00/01/1900,0,0,00/01/1900,00/01/1900,0,0,,,,,,,,,,,,,,,,,,,,,,,,,0%,,
0,0,0,0,00/01/1900,00/01/1900,00/01/1900,0,0,0,00/01/1900,00/01/1900,0,0,00/01/1900,00/01/1900,0,0,,,,,,,,,,,,,,,,,,,,,,,,,0%,,
0,0,0,0,00/01/1900,00/01/1900,00/01/1900,0,0,0,00/01/1900,00/01/1900,0,0,00/01/1900,00/01/1900,0,0,,,,,,,,,,,,,,,,,,,,,,,,,0%,,
0,0,0,0,00/01/1900,00/01/1900,00/01/1900,0,0,0,00/01/1900,00/01/1900,0,0,00/01/1900,00/01/1900,0,0,,,,,,,,,,,,,,,,,,,,,,,,,0%,,
0,0,0,0,00/01/1900,00/01/1900,00/01/1900,0,0,0,00/01/1900,00/01/1900,0,0,00/01/1900,00/01/1900,0,0,,,,,,,,,,,,,,,,,,,,,,,,,0%,,
0,0,0,0,00/01/1900,00/01/1900,00/01/1900,0,0,0,00/01/1900,00/01/1900,0,0,00/01/1900,00/01/1900,0,0,,,,,,,,,,,,,,,,,,,,,,,,,0%,,
0,0,0,0,00/01/1900,00/01/1900,00/01/1900,0,0,0,00/01/1900,00/01/1900,0,0,00/01/1900,00/01/1900,0,0,,,,,,,,,,,,,,,,,,,,,,,,,0%,,
0,0,0,0,00/01/1900,00/01/1900,00/01/1900,0,0,0,00/01/1900,00/01/1900,0,0,00/01/1900,00/01/1900,0,0,,,,,,,,,,,,,,,,,,,,,,,,,0%,,
0,0,0,0,00/01/1900,00/01/1900,00/01/1900,0,0,0,00/01/1900,00/01/1900,0,0,00/01/1900,00/01/1900,0,0,,,,,,,,,,,,,,,,,,,,,,,,,0%,,
0,0,0,0,00/01/1900,00/01/1900,00/01/1900,0,0,0,00/01/1900,00/01/1900,0,0,00/01/1900,00/01/1900,0,0,,,,,,,,,,,,,,,,,,,,,,,,,0%,,
0,0,0,0,00/01/1900,00/01/1900,00/01/1900,0,0,0,00/01/1900,00/01/1900,0,0,00/01/1900,00/01/1900,0,0,,,,,,,,,,,,,,,,,,,,,,,,,0%,,
0,0,0,0,00/01/1900,00/01/1900,00/01/1900,0,0,0,00/01/1900,00/01/1900,0,0,00/01/1900,00/01/1900,0,0,,,,,,,,,,,,,,,,,,,,,,,,,0%,,
0,0,0,0,00/01/1900,00/01/1900,00/01/1900,0,0,0,00/01/1900,00/01/1900,0,0,00/01/1900,00/01/1900,0,0,,,,,,,,,,,,,,,,,,,,,,,,,0%,,
0,0,0,0,00/01/1900,00/01/1900,00/01/1900,0,0,0,00/01/1900,00/01/1900,0,0,00/01/1900,00/01/1900,0,0,,,,,,,,,,,,,,,,,,,,,,,,,0%,,
0,0,0,0,00/01/1900,00/01/1900,00/01/1900,0,0,0,00/01/1900,00/01/1900,0,0,00/01/1900,00/01/1900,0,0,,,,,,,,,,,,,,,,,,,,,,,,,0%,,
0,0,0,0,00/01/1900,00/01/1900,00/01/1900,0,0,0,00/01/1900,00/01/1900,0,0,00/01/1900,00/01/1900,0,0,,,,,,,,,,,,,,,,,,,,,,,,,0%,,
0,0,0,0,00/01/1900,00/01/1900,00/01/1900,0,0,0,00/01/1900,00/01/1900,0,0,00/01/1900,00/01/1900,0,0,,,,,,,,,,,,,,,,,,,,,,,,,0%,,
0,0,0,0,00/01/1900,00/01/1900,00/01/1900,0,0,0,00/01/1900,00/01/1900,0,0,00/01/1900,00/01/1900,0,0,,,,,,,,,,,,,,,,,,,,,,,,,0%,,
0,0,0,0,00/01/1900,00/01/1900,00/01/1900,0,0,0,00/01/1900,00/01/1900,0,0,00/01/1900,00/01/1900,0,0,,,,,,,,,,,,,,,,,,,,,,,,,0%,,
0,0,0,0,00/01/1900,00/01/1900,00/01/1900,0,0,0,00/01/1900,00/01/1900,0,0,00/01/1900,00/01/1900,0,0,,,,,,,,,,,,,,,,,,,,,,,,,0%,,
0,0,0,0,00/01/1900,00/01/1900,00/01/1900,0,0,0,00/01/1900,00/01/1900,0,0,00/01/1900,00/01/1900,0,0,,,,,,,,,,,,,,,,,,,,,,,,,0%,,
0,0,0,0,00/01/1900,00/01/1900,00/01/1900,0,0,0,00/01/1900,00/01/1900,0,0,00/01/1900,00/01/1900,0,0,,,,,,,,,,,,,,,,,,,,,,,,,0%,,
0,0,0,0,00/01/1900,00/01/1900,00/01/1900,0,0,0,00/01/1900,00/01/1900,0,0,00/01/1900,00/01/1900,0,0,,,,,,,,,,,,,,,,,,,,,,,,,0%,,
0,0,0,0,00/01/1900,00/01/1900,00/01/1900,0,0,0,00/01/1900,00/01/1900,0,0,00/01/1900,00/01/1900,0,0,,,,,,,,,,,,,,,,,,,,,,,,,0%,,
0,0,0,0,00/01/1900,00/01/1900,00/01/1900,0,0,0,00/01/1900,00/01/1900,0,0,00/01/1900,00/01/1900,0,0,,,,,,,,,,,,,,,,,,,,,,,,,0%,,
0,0,0,0,00/01/1900,00/01/1900,00/01/1900,0,0,0,00/01/1900,00/01/1900,0,0,00/01/1900,00/01/1900,0,0,,,,,,,,,,,,,,,,,,,,,,,,,0%,,
0,0,0,0,00/01/1900,00/01/1900,00/01/1900,0,0,0,00/01/1900,00/01/1900,0,0,00/01/1900,00/01/1900,0,0,,,,,,,,,,,,,,,,,,,,,,,,,0%,,
0,0,0,0,00/01/1900,00/01/1900,00/01/1900,0,0,0,00/01/1900,00/01/1900,0,0,00/01/1900,00/01/1900,0,0,,,,,,,,,,,,,,,,,,,,,,,,,0%,,
0,0,0,0,00/01/1900,00/01/1900,00/01/1900,0,0,0,00/01/1900,00/01/1900,0,0,00/01/1900,00/01/1900,0,0,,,,,,,,,,,,,,,,,,,,,,,,,0%,,
0,0,0,0,00/01/1900,00/01/1900,00/01/1900,0,0,0,00/01/1900,00/01/1900,0,0,00/01/1900,00/01/1900,0,0,,,,,,,,,,,,,,,,,,,,,,,,,0%,,
0,0,0,0,00/01/1900,00/01/1900,00/01/1900,0,0,0,00/01/1900,00/01/1900,0,0,00/01/1900,00/01/1900,0,0,,,,,,,,,,,,,,,,,,,,,,,,,0%,,
0,0,0,0,00/01/1900,00/01/1900,00/01/1900,0,0,0,00/01/1900,00/01/1900,0,0,00/01/1900,00/01/1900,0,0,,,,,,,,,,,,,,,,,,,,,,,,,0%,,
0,0,0,0,00/01/1900,00/01/1900,00/01/1900,0,0,0,00/01/1900,00/01/1900,0,0,00/01/1900,00/01/1900,0,0,,,,,,,,,,,,,,,,,,,,,,,,,0%,,
0,0,0,0,00/01/1900,00/01/1900,00/01/1900,0,0,0,00/01/1900,00/01/1900,0,0,00/01/1900,00/01/1900,0,0,,,,,,,,,,,,,,,,,,,,,,,,,0%,,
0,0,0,0,00/01/1900,00/01/1900,00/01/1900,0,0,0,00/01/1900,00/01/1900,0,0,00/01/1900,00/01/1900,0,0,,,,,,,,,,,,,,,,,,,,,,,,,0%,,
0,0,0,0,00/01/1900,00/01/1900,00/01/1900,0,0,0,00/01/1900,00/01/1900,0,0,00/01/1900,00/01/1900,0,0,,,,,,,,,,,,,,,,,,,,,,,,,0%,,
0,0,0,0,00/01/1900,00/01/1900,00/01/1900,0,0,0,00/01/1900,00/01/1900,0,0,00/01/1900,00/01/1900,0,0,,,,,,,,,,,,,,,,,,,,,,,,,0%,,
0,0,0,0,00/01/1900,00/01/1900,00/01/1900,0,0,0,00/01/1900,00/01/1900,0,0,00/01/1900,00/01/1900,0,0,,,,,,,,,,,,,,,,,,,,,,,,,0%,,
0,0,0,0,00/01/1900,00/01/1900,00/01/1900,0,0,0,00/01/1900,00/01/1900,0,0,00/01/1900,00/01/1900,0,0,,,,,,,,,,,,,,,,,,,,,,,,,0%,,
0,0,0,0,00/01/1900,00/01/1900,00/01/1900,0,0,0,00/01/1900,00/01/1900,0,0,00/01/1900,00/01/1900,0,0,,,,,,,,,,,,,,,,,,,,,,,,,0%,,
0,0,0,0,00/01/1900,00/01/1900,00/01/1900,0,0,0,00/01/1900,00/01/1900,0,0,00/01/1900,00/01/1900,0,0,,,,,,,,,,,,,,,,,,,,,,,,,0%,,
0,0,0,0,00/01/1900,00/01/1900,00/01/1900,0,0,0,00/01/1900,00/01/1900,0,0,00/01/1900,00/01/1900,0,0,,,,,,,,,,,,,,,,,,,,,,,,,0%,,
0,0,0,0,00/01/1900,00/01/1900,00/01/1900,0,0,0,00/01/1900,00/01/1900,0,0,00/01/1900,00/01/1900,0,0,,,,,,,,,,,,,,,,,,,,,,,,,0%,,
0,0,0,0,00/01/1900,00/01/1900,00/01/1900,0,0,0,00/01/1900,00/01/1900,0,0,00/01/1900,00/01/1900,0,0,,,,,,,,,,,,,,,,,,,,,,,,,0%,,
0,0,0,0,00/01/1900,00/01/1900,00/01/1900,0,0,0,00/01/1900,00/01/1900,0,0,00/01/1900,00/01/1900,0,0,,,,,,,,,,,,,,,,,,,,,,,,,0%,,
0,0,0,0,00/01/1900,00/01/1900,00/01/1900,0,0,0,00/01/1900,00/01/1900,0,0,00/01/1900,00/01/1900,0,0,,,,,,,,,,,,,,,,,,,,,,,,,0%,,
0,0,0,0,00/01/1900,00/01/1900,00/01/1900,0,0,0,00/01/1900,00/01/1900,0,0,00/01/1900,00/01/1900,0,0,,,,,,,,,,,,,,,,,,,,,,,,,0%,,
0,0,0,0,00/01/1900,00/01/1900,00/01/1900,0,0,0,00/01/1900,00/01/1900,0,0,00/01/1900,00/01/1900,0,0,,,,,,,,,,,,,,,,,,,,,,,,,0%,,
0,0,0,0,00/01/1900,00/01/1900,00/01/1900,0,0,0,00/01/1900,00/01/1900,0,0,00/01/1900,00/01/1900,0,0,,,,,,,,,,,,,,,,,,,,,,,,,0%,,
0,0,0,0,00/01/1900,00/01/1900,00/01/1900,0,0,0,00/01/1900,00/01/1900,0,0,00/01/1900,00/01/1900,0,0,,,,,,,,,,,,,,,,,,,,,,,,,0%,,
0,0,0,0,00/01/1900,00/01/1900,00/01/1900,0,0,0,00/01/1900,00/01/1900,0,0,00/01/1900,00/01/1900,0,0,,,,,,,,,,,,,,,,,,,,,,,,,0%,,
0,0,0,0,00/01/1900,00/01/1900,00/01/1900,0,0,0,00/01/1900,00/01/1900,0,0,00/01/1900,00/01/1900,0,0,,,,,,,,,,,,,,,,,,,,,,,,,0%,,
0,0,0,0,00/01/1900,00/01/1900,00/01/1900,0,0,0,00/01/1900,00/01/1900,0,0,00/01/1900,00/01/1900,0,0,,,,,,,,,,,,,,,,,,,,,,,,,0%,,
0,0,0,0,00/01/1900,00/01/1900,00/01/1900,0,0,0,00/01/1900,00/01/1900,0,0,00/01/1900,00/01/1900,0,0,,,,,,,,,,,,,,,,,,,,,,,,,0%,,
0,0,0,0,00/01/1900,00/01/1900,00/01/1900,0,0,0,00/01/1900,00/01/1900,0,0,00/01/1900,00/01/1900,0,0,,,,,,,,,,,,,,,,,,,,,,,,,0%,,
0,0,0,0,00/01/1900,00/01/1900,00/01/1900,0,0,0,00/01/1900,00/01/1900,0,0,00/01/1900,00/01/1900,0,0,,,,,,,,,,,,,,,,,,,,,,,,,0%,,
0,0,0,0,00/01/1900,00/01/1900,00/01/1900,0,0,0,00/01/1900,00/01/1900,0,0,00/01/1900,00/01/1900,0,0,,,,,,,,,,,,,,,,,,,,,,,,,0%,,
0,0,0,0,00/01/1900,00/01/1900,00/01/1900,0,0,0,00/01/1900,00/01/1900,0,0,00/01/1900,00/01/1900,0,0,,,,,,,,,,,,,,,,,,,,,,,,,0%,,
0,0,0,0,00/01/1900,00/01/1900,00/01/1900,0,0,0,00/01/1900,00/01/1900,0,0,00/01/1900,00/01/1900,0,0,,,,,,,,,,,,,,,,,,,,,,,,,0%,,
0,0,0,0,00/01/1900,00/01/1900,00/01/1900,0,0,0,00/01/1900,00/01/1900,0,0,00/01/1900,00/01/1900,0,0,,,,,,,,,,,,,,,,,,,,,,,,,0%,,
0,0,0,0,00/01/1900,00/01/1900,00/01/1900,0,0,0,00/01/1900,00/01/1900,0,0,00/01/1900,00/01/1900,0,0,,,,,,,,,,,,,,,,,,,,,,,,,0%,,
0,0,0,0,00/01/1900,00/01/1900,00/01/1900,0,0,0,00/01/1900,00/01/1900,0,0,00/01/1900,00/01/1900,0,0,,,,,,,,,,,,,,,,,,,,,,,,,0%,,
0,0,0,0,00/01/1900,00/01/1900,00/01/1900,0,0,0,00/01/1900,00/01/1900,0,0,00/01/1900,00/01/1900,0,0,,,,,,,,,,,,,,,,,,,,,,,,,0%,,
0,0,0,0,00/01/1900,00/01/1900,00/01/1900,0,0,0,00/01/1900,00/01/1900,0,0,00/01/1900,00/01/1900,0,0,,,,,,,,,,,,,,,,,,,,,,,,,0%,,
0,0,0,0,00/01/1900,00/01/1900,00/01/1900,0,0,0,00/01/1900,00/01/1900,0,0,00/01/1900,00/01/1900,0,0,,,,,,,,,,,,,,,,,,,,,,,,,0%,,
0,0,0,0,00/01/1900,00/01/1900,00/01/1900,0,0,0,00/01/1900,00/01/1900,0,0,00/01/1900,00/01/1900,0,0,,,,,,,,,,,,,,,,,,,,,,,,,0%,,
0,0,0,0,00/01/1900,00/01/1900,00/01/1900,0,0,0,00/01/1900,00/01/1900,0,0,00/01/1900,00/01/1900,0,0,,,,,,,,,,,,,,,,,,,,,,,,,0%,,
0,0,0,0,00/01/1900,00/01/1900,00/01/1900,0,0,0,00/01/1900,00/01/1900,0,0,00/01/1900,00/01/1900,0,0,,,,,,,,,,,,,,,,,,,,,,,,,0%,,
0,0,0,0,00/01/1900,00/01/1900,00/01/1900,0,0,0,00/01/1900,00/01/1900,0,0,00/01/1900,00/01/1900,0,0,,,,,,,,,,,,,,,,,,,,,,,,,0%,,
0,0,0,0,00/01/1900,00/01/1900,00/01/1900,0,0,0,00/01/1900,00/01/1900,0,0,00/01/1900,00/01/1900,0,0,,,,,,,,,,,,,,,,,,,,,,,,,0%,,
0,0,0,0,00/01/1900,00/01/1900,00/01/1900,0,0,0,00/01/1900,00/01/1900,0,0,00/01/1900,00/01/1900,0,0,,,,,,,,,,,,,,,,,,,,,,,,,0%,,
0,0,0,0,00/01/1900,00/01/1900,00/01/1900,0,0,0,00/01/1900,00/01/1900,0,0,00/01/1900,00/01/1900,0,0,,,,,,,,,,,,,,,,,,,,,,,,,0%,,
0,0,0,0,00/01/1900,00/01/1900,00/01/1900,0,0,0,00/01/1900,00/01/1900,0,0,00/01/1900,00/01/1900,0,0,,,,,,,,,,,,,,,,,,,,,,,,,0%,,
0,0,0,0,00/01/1900,00/01/1900,00/01/1900,0,0,0,00/01/1900,00/01/1900,0,0,00/01/1900,00/01/1900,0,0,,,,,,,,,,,,,,,,,,,,,,,,,0%,,
0,0,0,0,00/01/1900,00/01/1900,00/01/1900,0,0,0,00/01/1900,00/01/1900,0,0,00/01/1900,00/01/1900,0,0,,,,,,,,,,,,,,,,,,,,,,,,,0%,,
0,0,0,0,00/01/1900,00/01/1900,00/01/1900,0,0,0,00/01/1900,00/01/1900,0,0,00/01/1900,00/01/1900,0,0,,,,,,,,,,,,,,,,,,,,,,,,,0%,,
0,0,0,0,00/01/1900,00/01/1900,00/01/1900,0,0,0,00/01/1900,00/01/1900,0,0,00/01/1900,00/01/1900,0,0,,,,,,,,,,,,,,,,,,,,,,,,,0%,,
0,0,0,0,00/01/1900,00/01/1900,00/01/1900,0,0,0,00/01/1900,00/01/1900,0,0,00/01/1900,00/01/1900,0,0,,,,,,,,,,,,,,,,,,,,,,,,,0%,,
0,0,0,0,00/01/1900,00/01/1900,00/01/1900,0,0,0,00/01/1900,00/01/1900,0,0,00/01/1900,00/01/1900,0,0,,,,,,,,,,,,,,,,,,,,,,,,,0%,,
0,0,0,0,00/01/1900,00/01/1900,00/01/1900,0,0,0,00/01/1900,00/01/1900,0,0,00/01/1900,00/01/1900,0,0,,,,,,,,,,,,,,,,,,,,,,,,,0%,,
0,0,0,0,00/01/1900,00/01/1900,00/01/1900,0,0,0,00/01/1900,00/01/1900,0,0,00/01/1900,00/01/1900,0,0,,,,,,,,,,,,,,,,,,,,,,,,,0%,,
0,0,0,0,00/01/1900,00/01/1900,00/01/1900,0,0,0,00/01/1900,00/01/1900,0,0,00/01/1900,00/01/1900,0,0,,,,,,,,,,,,,,,,,,,,,,,,,0%,,
0,0,0,0,00/01/1900,00/01/1900,00/01/1900,0,0,0,00/01/1900,00/01/1900,0,0,00/01/1900,00/01/1900,0,0,,,,,,,,,,,,,,,,,,,,,,,,,0%,,
0,0,0,0,00/01/1900,00/01/1900,00/01/1900,0,0,0,00/01/1900,00/01/1900,0,0,00/01/1900,00/01/1900,0,0,,,,,,,,,,,,,,,,,,,,,,,,,0%,,
0,0,0,0,00/01/1900,00/01/1900,00/01/1900,0,0,0,00/01/1900,00/01/1900,0,0,00/01/1900,00/01/1900,0,0,,,,,,,,,,,,,,,,,,,,,,,,,0%,,
0,0,0,0,00/01/1900,00/01/1900,00/01/1900,0,0,0,00/01/1900,00/01/1900,0,0,00/01/1900,00/01/1900,0,0,,,,,,,,,,,,,,,,,,,,,,,,,0%,,
0,0,0,0,00/01/1900,00/01/1900,00/01/1900,0,0,0,00/01/1900,00/01/1900,0,0,00/01/1900,00/01/1900,0,0,,,,,,,,,,,,,,,,,,,,,,,,,0%,,
0,0,0,0,00/01/1900,00/01/1900,00/01/1900,0,0,0,00/01/1900,00/01/1900,0,0,00/01/1900,00/01/1900,0,0,,,,,,,,,,,,,,,,,,,,,,,,,0%,,
0,0,0,0,00/01/1900,00/01/1900,00/01/1900,0,0,0,00/01/1900,00/01/1900,0,0,00/01/1900,00/01/1900,0,0,,,,,,,,,,,,,,,,,,,,,,,,,0%,,
0,0,0,0,00/01/1900,00/01/1900,00/01/1900,0,0,0,00/01/1900,00/01/1900,0,0,00/01/1900,00/01/1900,0,0,,,,,,,,,,,,,,,,,,,,,,,,,0%,,
0,0,0,0,00/01/1900,00/01/1900,00/01/1900,0,0,0,00/01/1900,00/01/1900,0,0,00/01/1900,00/01/1900,0,0,,,,,,,,,,,,,,,,,,,,,,,,,0%,,
0,0,0,0,00/01/1900,00/01/1900,00/01/1900,0,0,0,00/01/1900,00/01/1900,0,0,00/01/1900,00/01/1900,0,0,,,,,,,,,,,,,,,,,,,,,,,,,0%,,
0,0,0,0,00/01/1900,00/01/1900,00/01/1900,0,0,0,00/01/1900,00/01/1900,0,0,00/01/1900,00/01/1900,0,0,,,,,,,,,,,,,,,,,,,,,,,,,0%,,
0,0,0,0,00/01/1900,00/01/1900,00/01/1900,0,0,0,00/01/1900,00/01/1900,0,0,00/01/1900,00/01/1900,0,0,,,,,,,,,,,,,,,,,,,,,,,,,0%,,
0,0,0,0,00/01/1900,00/01/1900,00/01/1900,0,0,0,00/01/1900,00/01/1900,0,0,00/01/1900,00/01/1900,0,0,,,,,,,,,,,,,,,,,,,,,,,,,0%,,
0,0,0,0,00/01/1900,00/01/1900,00/01/1900,0,0,0,00/01/1900,00/01/1900,0,0,00/01/1900,00/01/1900,0,0,,,,,,,,,,,,,,,,,,,,,,,,,0%,,
0,0,0,0,00/01/1900,00/01/1900,00/01/1900,0,0,0,00/01/1900,00/01/1900,0,0,00/01/1900,00/01/1900,0,0,,,,,,,,,,,,,,,,,,,,,,,,,0%,,
0,0,0,0,00/01/1900,00/01/1900,00/01/1900,0,0,0,00/01/1900,00/01/1900,0,0,00/01/1900,00/01/1900,0,0,,,,,,,,,,,,,,,,,,,,,,,,,0%,,
0,0,0,0,00/01/1900,00/01/1900,00/01/1900,0,0,0,00/01/1900,00/01/1900,0,0,00/01/1900,00/01/1900,0,0,,,,,,,,,,,,,,,,,,,,,,,,,0%,,
0,0,0,0,00/01/1900,00/01/1900,00/01/1900,0,0,0,00/01/1900,00/01/1900,0,0,00/01/1900,00/01/1900,0,0,,,,,,,,,,,,,,,,,,,,,,,,,0%,,
0,0,0,0,00/01/1900,00/01/1900,00/01/1900,0,0,0,00/01/1900,00/01/1900,0,0,00/01/1900,00/01/1900,0,0,,,,,,,,,,,,,,,,,,,,,,,,,0%,,
0,0,0,0,00/01/1900,00/01/1900,00/01/1900,0,0,0,00/01/1900,00/01/1900,0,0,00/01/1900,00/01/1900,0,0,,,,,,,,,,,,,,,,,,,,,,,,,0%,,
0,0,0,0,00/01/1900,00/01/1900,00/01/1900,0,0,0,00/01/1900,00/01/1900,0,0,00/01/1900,00/01/1900,0,0,,,,,,,,,,,,,,,,,,,,,,,,,0%,,
0,0,0,0,00/01/1900,00/01/1900,00/01/1900,0,0,0,00/01/1900,00/01/1900,0,0,00/01/1900,00/01/1900,0,0,,,,,,,,,,,,,,,,,,,,,,,,,0%,,
0,0,0,0,00/01/1900,00/01/1900,00/01/1900,0,0,0,00/01/1900,00/01/1900,0,0,00/01/1900,00/01/1900,0,0,,,,,,,,,,,,,,,,,,,,,,,,,0%,,
0,0,0,0,00/01/1900,00/01/1900,00/01/1900,0,0,0,00/01/1900,00/01/1900,0,0,00/01/1900,00/01/1900,0,0,,,,,,,,,,,,,,,,,,,,,,,,,0%,,
0,0,0,0,00/01/1900,00/01/1900,00/01/1900,0,0,0,00/01/1900,00/01/1900,0,0,00/01/1900,00/01/1900,0,0,,,,,,,,,,,,,,,,,,,,,,,,,0%,,
0,0,0,0,00/01/1900,00/01/1900,00/01/1900,0,0,0,00/01/1900,00/01/1900,0,0,00/01/1900,00/01/1900,0,0,,,,,,,,,,,,,,,,,,,,,,,,,0%,,
0,0,0,0,00/01/1900,00/01/1900,00/01/1900,0,0,0,00/01/1900,00/01/1900,0,0,00/01/1900,00/01/1900,0,0,,,,,,,,,,,,,,,,,,,,,,,,,0%,,
0,0,0,0,00/01/1900,00/01/1900,00/01/1900,0,0,0,00/01/1900,00/01/1900,0,0,00/01/1900,00/01/1900,0,0,,,,,,,,,,,,,,,,,,,,,,,,,0%,,
0,0,0,0,00/01/1900,00/01/1900,00/01/1900,0,0,0,00/01/1900,00/01/1900,0,0,00/01/1900,00/01/1900,0,0,,,,,,,,,,,,,,,,,,,,,,,,,0%,,
0,0,0,0,00/01/1900,00/01/1900,00/01/1900,0,0,0,00/01/1900,00/01/1900,0,0,00/01/1900,00/01/1900,0,0,,,,,,,,,,,,,,,,,,,,,,,,,0%,,
0,0,0,0,00/01/1900,00/01/1900,00/01/1900,0,0,0,00/01/1900,00/01/1900,0,0,00/01/1900,00/01/1900,0,0,,,,,,,,,,,,,,,,,,,,,,,,,0%,,
0,0,0,0,00/01/1900,00/01/1900,00/01/1900,0,0,0,00/01/1900,00/01/1900,0,0,00/01/1900,00/01/1900,0,0,,,,,,,,,,,,,,,,,,,,,,,,,0%,,
0,0,0,0,00/01/1900,00/01/1900,00/01/1900,0,0,0,00/01/1900,00/01/1900,0,0,00/01/1900,00/01/1900,0,0,,,,,,,,,,,,,,,,,,,,,,,,,0%,,
0,0,0,0,00/01/1900,00/01/1900,00/01/1900,0,0,0,00/01/1900,00/01/1900,0,0,00/01/1900,00/01/1900,0,0,,,,,,,,,,,,,,,,,,,,,,,,,0%,,
0,0,0,0,00/01/1900,00/01/1900,00/01/1900,0,0,0,00/01/1900,00/01/1900,0,0,00/01/1900,00/01/1900,0,0,,,,,,,,,,,,,,,,,,,,,,,,,0%,,
0,0,0,0,00/01/1900,00/01/1900,00/01/1900,0,0,0,00/01/1900,00/01/1900,0,0,00/01/1900,00/01/1900,0,0,,,,,,,,,,,,,,,,,,,,,,,,,0%,,
0,0,0,0,00/01/1900,00/01/1900,00/01/1900,0,0,0,00/01/1900,00/01/1900,0,0,00/01/1900,00/01/1900,0,0,,,,,,,,,,,,,,,,,,,,,,,,,0%,,
0,0,0,0,00/01/1900,00/01/1900,00/01/1900,0,0,0,00/01/1900,00/01/1900,0,0,00/01/1900,00/01/1900,0,0,,,,,,,,,,,,,,,,,,,,,,,,,0%,,
0,0,0,0,00/01/1900,00/01/1900,00/01/1900,0,0,0,00/01/1900,00/01/1900,0,0,00/01/1900,00/01/1900,0,0,,,,,,,,,,,,,,,,,,,,,,,,,0%,,
0,0,0,0,00/01/1900,00/01/1900,00/01/1900,0,0,0,00/01/1900,00/01/1900,0,0,00/01/1900,00/01/1900,0,0,,,,,,,,,,,,,,,,,,,,,,,,,0%,,
0,0,0,0,00/01/1900,00/01/1900,00/01/1900,0,0,0,00/01/1900,00/01/1900,0,0,00/01/1900,00/01/1900,0,0,,,,,,,,,,,,,,,,,,,,,,,,,0%,,
0,0,0,0,00/01/1900,00/01/1900,00/01/1900,0,0,0,00/01/1900,00/01/1900,0,0,00/01/1900,00/01/1900,0,0,,,,,,,,,,,,,,,,,,,,,,,,,0%,,
0,0,0,0,00/01/1900,00/01/1900,00/01/1900,0,0,0,00/01/1900,00/01/1900,0,0,00/01/1900,00/01/1900,0,0,,,,,,,,,,,,,,,,,,,,,,,,,0%,,
0,0,0,0,00/01/1900,00/01/1900,00/01/1900,0,0,0,00/01/1900,00/01/1900,0,0,00/01/1900,00/01/1900,0,0,,,,,,,,,,,,,,,,,,,,,,,,,0%,,
0,0,0,0,00/01/1900,00/01/1900,00/01/1900,0,0,0,00/01/1900,00/01/1900,0,0,00/01/1900,00/01/1900,0,0,,,,,,,,,,,,,,,,,,,,,,,,,0%,,
0,0,0,0,00/01/1900,00/01/1900,00/01/1900,0,0,0,00/01/1900,00/01/1900,0,0,00/01/1900,00/01/1900,0,0,,,,,,,,,,,,,,,,,,,,,,,,,0%,,
0,0,0,0,00/01/1900,00/01/1900,00/01/1900,0,0,0,00/01/1900,00/01/1900,0,0,00/01/1900,00/01/1900,0,0,,,,,,,,,,,,,,,,,,,,,,,,,0%,,
0,0,0,0,00/01/1900,00/01/1900,00/01/1900,0,0,0,00/01/1900,00/01/1900,0,0,00/01/1900,00/01/1900,0,0,,,,,,,,,,,,,,,,,,,,,,,,,0%,,
0,0,0,0,00/01/1900,00/01/1900,00/01/1900,0,0,0,00/01/1900,00/01/1900,0,0,00/01/1900,00/01/1900,0,0,,,,,,,,,,,,,,,,,,,,,,,,,0%,,
0,0,0,0,00/01/1900,00/01/1900,00/01/1900,0,0,0,00/01/1900,00/01/1900,0,0,00/01/1900,00/01/1900,0,0,,,,,,,,,,,,,,,,,,,,,,,,,0%,,
0,0,0,0,00/01/1900,00/01/1900,00/01/1900,0,0,0,00/01/1900,00/01/1900,0,0,00/01/1900,00/01/1900,0,0,,,,,,,,,,,,,,,,,,,,,,,,,0%,,
0,0,0,0,00/01/1900,00/01/1900,00/01/1900,0,0,0,00/01/1900,00/01/1900,0,0,00/01/1900,00/01/1900,0,0,,,,,,,,,,,,,,,,,,,,,,,,,0%,,
0,0,0,0,00/01/1900,00/01/1900,00/01/1900,0,0,0,00/01/1900,00/01/1900,0,0,00/01/1900,00/01/1900,0,0,,,,,,,,,,,,,,,,,,,,,,,,,0%,,
0,0,0,0,00/01/1900,00/01/1900,00/01/1900,0,0,0,00/01/1900,00/01/1900,0,0,00/01/1900,00/01/1900,0,0,,,,,,,,,,,,,,,,,,,,,,,,,0%,,
0,0,0,0,00/01/1900,00/01/1900,00/01/1900,0,0,0,00/01/1900,00/01/1900,0,0,00/01/1900,00/01/1900,0,0,,,,,,,,,,,,,,,,,,,,,,,,,0%,,
0,0,0,0,00/01/1900,00/01/1900,00/01/1900,0,0,0,00/01/1900,00/01/1900,0,0,00/01/1900,00/01/1900,0,0,,,,,,,,,,,,,,,,,,,,,,,,,0%,,
0,0,0,0,00/01/1900,00/01/1900,00/01/1900,0,0,0,00/01/1900,00/01/1900,0,0,00/01/1900,00/01/1900,0,0,,,,,,,,,,,,,,,,,,,,,,,,,0%,,
0,0,0,0,00/01/1900,00/01/1900,00/01/1900,0,0,0,00/01/1900,00/01/1900,0,0,00/01/1900,00/01/1900,0,0,,,,,,,,,,,,,,,,,,,,,,,,,0%,,
0,0,0,0,00/01/1900,00/01/1900,00/01/1900,0,0,0,00/01/1900,00/01/1900,0,0,00/01/1900,00/01/1900,0,0,,,,,,,,,,,,,,,,,,,,,,,,,0%,,
0,0,0,0,00/01/1900,00/01/1900,00/01/1900,0,0,0,00/01/1900,00/01/1900,0,0,00/01/1900,00/01/1900,0,0,,,,,,,,,,,,,,,,,,,,,,,,,0%,,
0,0,0,0,00/01/1900,00/01/1900,00/01/1900,0,0,0,00/01/1900,00/01/1900,0,0,00/01/1900,00/01/1900,0,0,,,,,,,,,,,,,,,,,,,,,,,,,0%,,
0,0,0,0,00/01/1900,00/01/1900,00/01/1900,0,0,0,00/01/1900,00/01/1900,0,0,00/01/1900,00/01/1900,0,0,,,,,,,,,,,,,,,,,,,,,,,,,0%,,
0,0,0,0,00/01/1900,00/01/1900,00/01/1900,0,0,0,00/01/1900,00/01/1900,0,0,00/01/1900,00/01/1900,0,0,,,,,,,,,,,,,,,,,,,,,,,,,0%,,
0,0,0,0,00/01/1900,00/01/1900,00/01/1900,0,0,0,00/01/1900,00/01/1900,0,0,00/01/1900,00/01/1900,0,0,,,,,,,,,,,,,,,,,,,,,,,,,0%,,
0,0,0,0,00/01/1900,00/01/1900,00/01/1900,0,0,0,00/01/1900,00/01/1900,0,0,00/01/1900,00/01/1900,0,0,,,,,,,,,,,,,,,,,,,,,,,,,0%,,
0,0,0,0,00/01/1900,00/01/1900,00/01/1900,0,0,0,00/01/1900,00/01/1900,0,0,00/01/1900,00/01/1900,0,0,,,,,,,,,,,,,,,,,,,,,,,,,0%,,
0,0,0,0,00/01/1900,00/01/1900,00/01/1900,0,0,0,00/01/1900,00/01/1900,0,0,00/01/1900,00/01/1900,0,0,,,,,,,,,,,,,,,,,,,,,,,,,0%,,
0,0,0,0,00/01/1900,00/01/1900,00/01/1900,0,0,0,00/01/1900,00/01/1900,0,0,00/01/1900,00/01/1900,0,0,,,,,,,,,,,,,,,,,,,,,,,,,0%,,
0,0,0,0,00/01/1900,00/01/1900,00/01/1900,0,0,0,00/01/1900,00/01/1900,0,0,00/01/1900,00/01/1900,0,0,,,,,,,,,,,,,,,,,,,,,,,,,0%,,
0,0,0,0,00/01/1900,00/01/1900,00/01/1900,0,0,0,00/01/1900,00/01/1900,0,0,00/01/1900,00/01/1900,0,0,,,,,,,,,,,,,,,,,,,,,,,,,0%,,
0,0,0,0,00/01/1900,00/01/1900,00/01/1900,0,0,0,00/01/1900,00/01/1900,0,0,00/01/1900,00/01/1900,0,0,,,,,,,,,,,,,,,,,,,,,,,,,0%,,
0,0,0,0,00/01/1900,00/01/1900,00/01/1900,0,0,0,00/01/1900,00/01/1900,0,0,00/01/1900,00/01/1900,0,0,,,,,,,,,,,,,,,,,,,,,,,,,0%,,
0,0,0,0,00/01/1900,00/01/1900,00/01/1900,0,0,0,00/01/1900,00/01/1900,0,0,00/01/1900,00/01/1900,0,0,,,,,,,,,,,,,,,,,,,,,,,,,0%,,
0,0,0,0,00/01/1900,00/01/1900,00/01/1900,0,0,0,00/01/1900,00/01/1900,0,0,00/01/1900,00/01/1900,0,0,,,,,,,,,,,,,,,,,,,,,,,,,0%,,
0,0,0,0,00/01/1900,00/01/1900,00/01/1900,0,0,0,00/01/1900,00/01/1900,0,0,00/01/1900,00/01/1900,0,0,,,,,,,,,,,,,,,,,,,,,,,,,0%,,
0,0,0,0,00/01/1900,00/01/1900,00/01/1900,0,0,0,00/01/1900,00/01/1900,0,0,00/01/1900,00/01/1900,0,0,,,,,,,,,,,,,,,,,,,,,,,,,0%,,
0,0,0,0,00/01/1900,00/01/1900,00/01/1900,0,0,0,00/01/1900,00/01/1900,0,0,00/01/1900,00/01/1900,0,0,,,,,,,,,,,,,,,,,,,,,,,,,0%,,
0,0,0,0,00/01/1900,00/01/1900,00/01/1900,0,0,0,00/01/1900,00/01/1900,0,0,00/01/1900,00/01/1900,0,0,,,,,,,,,,,,,,,,,,,,,,,,,0%,,
0,0,0,0,00/01/1900,00/01/1900,00/01/1900,0,0,0,00/01/1900,00/01/1900,0,0,00/01/1900,00/01/1900,0,0,,,,,,,,,,,,,,,,,,,,,,,,,0%,,
0,0,0,0,00/01/1900,00/01/1900,00/01/1900,0,0,0,00/01/1900,00/01/1900,0,0,00/01/1900,00/01/1900,0,0,,,,,,,,,,,,,,,,,,,,,,,,,0%,,
0,0,0,0,00/01/1900,00/01/1900,00/01/1900,0,0,0,00/01/1900,00/01/1900,0,0,00/01/1900,00/01/1900,0,0,,,,,,,,,,,,,,,,,,,,,,,,,0%,,
0,0,0,0,00/01/1900,00/01/1900,00/01/1900,0,0,0,00/01/1900,00/01/1900,0,0,00/01/1900,00/01/1900,0,0,,,,,,,,,,,,,,,,,,,,,,,,,0%,,
0,0,0,0,00/01/1900,00/01/1900,00/01/1900,0,0,0,00/01/1900,00/01/1900,0,0,00/01/1900,00/01/1900,0,0,,,,,,,,,,,,,,,,,,,,,,,,,0%,,
0,0,0,0,00/01/1900,00/01/1900,00/01/1900,0,0,0,00/01/1900,00/01/1900,0,0,00/01/1900,00/01/1900,0,0,,,,,,,,,,,,,,,,,,,,,,,,,0%,,
0,0,0,0,00/01/1900,00/01/1900,00/01/1900,0,0,0,00/01/1900,00/01/1900,0,0,00/01/1900,00/01/1900,0,0,,,,,,,,,,,,,,,,,,,,,,,,,0%,,
0,0,0,0,00/01/1900,00/01/1900,00/01/1900,0,0,0,00/01/1900,00/01/1900,0,0,00/01/1900,00/01/1900,0,0,,,,,,,,,,,,,,,,,,,,,,,,,0%,,
0,0,0,0,00/01/1900,00/01/1900,00/01/1900,0,0,0,00/01/1900,00/01/1900,0,0,00/01/1900,00/01/1900,0,0,,,,,,,,,,,,,,,,,,,,,,,,,0%,,
0,0,0,0,00/01/1900,00/01/1900,00/01/1900,0,0,0,00/01/1900,00/01/1900,0,0,00/01/1900,00/01/1900,0,0,,,,,,,,,,,,,,,,,,,,,,,,,0%,,
0,0,0,0,00/01/1900,00/01/1900,00/01/1900,0,0,0,00/01/1900,00/01/1900,0,0,00/01/1900,00/01/1900,0,0,,,,,,,,,,,,,,,,,,,,,,,,,0%,,
0,0,0,0,00/01/1900,00/01/1900,00/01/1900,0,0,0,00/01/1900,00/01/1900,0,0,00/01/1900,00/01/1900,0,0,,,,,,,,,,,,,,,,,,,,,,,,,0%,,
0,0,0,0,00/01/1900,00/01/1900,00/01/1900,0,0,0,00/01/1900,00/01/1900,0,0,00/01/1900,00/01/1900,0,0,,,,,,,,,,,,,,,,,,,,,,,,,0%,,
0,0,0,0,00/01/1900,00/01/1900,00/01/1900,0,0,0,00/01/1900,00/01/1900,0,0,00/01/1900,00/01/1900,0,0,,,,,,,,,,,,,,,,,,,,,,,,,0%,,
0,0,0,0,00/01/1900,00/01/1900,00/01/1900,0,0,0,00/01/1900,00/01/1900,0,0,00/01/1900,00/01/1900,0,0,,,,,,,,,,,,,,,,,,,,,,,,,0%,,
0,0,0,0,00/01/1900,00/01/1900,00/01/1900,0,0,0,00/01/1900,00/01/1900,0,0,00/01/1900,00/01/1900,0,0,,,,,,,,,,,,,,,,,,,,,,,,,0%,,
0,0,0,0,00/01/1900,00/01/1900,00/01/1900,0,0,0,00/01/1900,00/01/1900,0,0,00/01/1900,00/01/1900,0,0,,,,,,,,,,,,,,,,,,,,,,,,,0%,,
0,0,0,0,00/01/1900,00/01/1900,00/01/1900,0,0,0,00/01/1900,00/01/1900,0,0,00/01/1900,00/01/1900,0,0,,,,,,,,,,,,,,,,,,,,,,,,,0%,,
0,0,0,0,00/01/1900,00/01/1900,00/01/1900,0,0,0,00/01/1900,00/01/1900,0,0,00/01/1900,00/01/1900,0,0,,,,,,,,,,,,,,,,,,,,,,,,,0%,,
0,0,0,0,00/01/1900,00/01/1900,00/01/1900,0,0,0,00/01/1900,00/01/1900,0,0,00/01/1900,00/01/1900,0,0,,,,,,,,,,,,,,,,,,,,,,,,,0%,,
0,0,0,0,00/01/1900,00/01/1900,00/01/1900,0,0,0,00/01/1900,00/01/1900,0,0,00/01/1900,00/01/1900,0,0,,,,,,,,,,,,,,,,,,,,,,,,,0%,,
0,0,0,0,00/01/1900,00/01/1900,00/01/1900,0,0,0,00/01/1900,00/01/1900,0,0,00/01/1900,00/01/1900,0,0,,,,,,,,,,,,,,,,,,,,,,,,,0%,,
0,0,0,0,00/01/1900,00/01/1900,00/01/1900,0,0,0,00/01/1900,00/01/1900,0,0,00/01/1900,00/01/1900,0,0,,,,,,,,,,,,,,,,,,,,,,,,,0%,,
0,0,0,0,00/01/1900,00/01/1900,00/01/1900,0,0,0,00/01/1900,00/01/1900,0,0,00/01/1900,00/01/1900,0,0,,,,,,,,,,,,,,,,,,,,,,,,,0%,,
0,0,0,0,00/01/1900,00/01/1900,00/01/1900,0,0,0,00/01/1900,00/01/1900,0,0,00/01/1900,00/01/1900,0,0,,,,,,,,,,,,,,,,,,,,,,,,,0%,,
0,0,0,0,00/01/1900,00/01/1900,00/01/1900,0,0,0,00/01/1900,00/01/1900,0,0,00/01/1900,00/01/1900,0,0,,,,,,,,,,,,,,,,,,,,,,,,,0%,,
0,0,0,0,00/01/1900,00/01/1900,00/01/1900,0,0,0,00/01/1900,00/01/1900,0,0,00/01/1900,00/01/1900,0,0,,,,,,,,,,,,,,,,,,,,,,,,,0%,,
0,0,0,0,00/01/1900,00/01/1900,00/01/1900,0,0,0,00/01/1900,00/01/1900,0,0,00/01/1900,00/01/1900,0,0,,,,,,,,,,,,,,,,,,,,,,,,,0%,,
0,0,0,0,00/01/1900,00/01/1900,00/01/1900,0,0,0,00/01/1900,00/01/1900,0,0,00/01/1900,00/01/1900,0,0,,,,,,,,,,,,,,,,,,,,,,,,,0%,,
0,0,0,0,00/01/1900,00/01/1900,00/01/1900,0,0,0,00/01/1900,00/01/1900,0,0,00/01/1900,00/01/1900,0,0,,,,,,,,,,,,,,,,,,,,,,,,,0%,,
0,0,0,0,00/01/1900,00/01/1900,00/01/1900,0,0,0,00/01/1900,00/01/1900,0,0,00/01/1900,00/01/1900,0,0,,,,,,,,,,,,,,,,,,,,,,,,,0%,,
0,0,0,0,00/01/1900,00/01/1900,00/01/1900,0,0,0,00/01/1900,00/01/1900,0,0,00/01/1900,00/01/1900,0,0,,,,,,,,,,,,,,,,,,,,,,,,,0%,,
0,0,0,0,00/01/1900,00/01/1900,00/01/1900,0,0,0,00/01/1900,00/01/1900,0,0,00/01/1900,00/01/1900,0,0,,,,,,,,,,,,,,,,,,,,,,,,,0%,,
0,0,0,0,00/01/1900,00/01/1900,00/01/1900,0,0,0,00/01/1900,00/01/1900,0,0,00/01/1900,00/01/1900,0,0,,,,,,,,,,,,,,,,,,,,,,,,,0%,,
0,0,0,0,00/01/1900,00/01/1900,00/01/1900,0,0,0,00/01/1900,00/01/1900,0,0,00/01/1900,00/01/1900,0,0,,,,,,,,,,,,,,,,,,,,,,,,,0%,,
0,0,0,0,00/01/1900,00/01/1900,00/01/1900,0,0,0,00/01/1900,00/01/1900,0,0,00/01/1900,00/01/1900,0,0,,,,,,,,,,,,,,,,,,,,,,,,,0%,,
0,0,0,0,00/01/1900,00/01/1900,00/01/1900,0,0,0,00/01/1900,00/01/1900,0,0,00/01/1900,00/01/1900,0,0,,,,,,,,,,,,,,,,,,,,,,,,,0%,,
0,0,0,0,00/01/1900,00/01/1900,00/01/1900,0,0,0,00/01/1900,00/01/1900,0,0,00/01/1900,00/01/1900,0,0,,,,,,,,,,,,,,,,,,,,,,,,,0%,,
0,0,0,0,00/01/1900,00/01/1900,00/01/1900,0,0,0,00/01/1900,00/01/1900,0,0,00/01/1900,00/01/1900,0,0,,,,,,,,,,,,,,,,,,,,,,,,,0%,,
0,0,0,0,00/01/1900,00/01/1900,00/01/1900,0,0,0,00/01/1900,00/01/1900,0,0,00/01/1900,00/01/1900,0,0,,,,,,,,,,,,,,,,,,,,,,,,,0%,,
0,0,0,0,00/01/1900,00/01/1900,00/01/1900,0,0,0,00/01/1900,00/01/1900,0,0,00/01/1900,00/01/1900,0,0,,,,,,,,,,,,,,,,,,,,,,,,,0%,,
0,0,0,0,00/01/1900,00/01/1900,00/01/1900,0,0,0,00/01/1900,00/01/1900,0,0,00/01/1900,00/01/1900,0,0,,,,,,,,,,,,,,,,,,,,,,,,,0%,,
0,0,0,0,00/01/1900,00/01/1900,00/01/1900,0,0,0,00/01/1900,00/01/1900,0,0,00/01/1900,00/01/1900,0,0,,,,,,,,,,,,,,,,,,,,,,,,,0%,,
0,0,0,0,00/01/1900,00/01/1900,00/01/1900,0,0,0,00/01/1900,00/01/1900,0,0,00/01/1900,00/01/1900,0,0,,,,,,,,,,,,,,,,,,,,,,,,,0%,,
0,0,0,0,00/01/1900,00/01/1900,00/01/1900,0,0,0,00/01/1900,00/01/1900,0,0,00/01/1900,00/01/1900,0,0,,,,,,,,,,,,,,,,,,,,,,,,,0%,,
0,0,0,0,00/01/1900,00/01/1900,00/01/1900,0,0,0,00/01/1900,00/01/1900,0,0,00/01/1900,00/01/1900,0,0,,,,,,,,,,,,,,,,,,,,,,,,,0%,,
0,0,0,0,00/01/1900,00/01/1900,00/01/1900,0,0,0,00/01/1900,00/01/1900,0,0,00/01/1900,00/01/1900,0,0,,,,,,,,,,,,,,,,,,,,,,,,,0%,,
0,0,0,0,00/01/1900,00/01/1900,00/01/1900,0,0,0,00/01/1900,00/01/1900,0,0,00/01/1900,00/01/1900,0,0,,,,,,,,,,,,,,,,,,,,,,,,,0%,,
0,0,0,0,00/01/1900,00/01/1900,00/01/1900,0,0,0,00/01/1900,00/01/1900,0,0,00/01/1900,00/01/1900,0,0,,,,,,,,,,,,,,,,,,,,,,,,,0%,,
0,0,0,0,00/01/1900,00/01/1900,00/01/1900,0,0,0,00/01/1900,00/01/1900,0,0,00/01/1900,00/01/1900,0,0,,,,,,,,,,,,,,,,,,,,,,,,,0%,,
0,0,0,0,00/01/1900,00/01/1900,00/01/1900,0,0,0,00/01/1900,00/01/1900,0,0,00/01/1900,00/01/1900,0,0,,,,,,,,,,,,,,,,,,,,,,,,,0%,,
0,0,0,0,00/01/1900,00/01/1900,00/01/1900,0,0,0,00/01/1900,00/01/1900,0,0,00/01/1900,00/01/1900,0,0,,,,,,,,,,,,,,,,,,,,,,,,,0%,,
0,0,0,0,00/01/1900,00/01/1900,00/01/1900,0,0,0,00/01/1900,00/01/1900,0,0,00/01/1900,00/01/1900,0,0,,,,,,,,,,,,,,,,,,,,,,,,,0%,,
0,0,0,0,00/01/1900,00/01/1900,00/01/1900,0,0,0,00/01/1900,00/01/1900,0,0,00/01/1900,00/01/1900,0,0,,,,,,,,,,,,,,,,,,,,,,,,,0%,,
0,0,0,0,00/01/1900,00/01/1900,00/01/1900,0,0,0,00/01/1900,00/01/1900,0,0,00/01/1900,00/01/1900,0,0,,,,,,,,,,,,,,,,,,,,,,,,,0%,,
0,0,0,0,00/01/1900,00/01/1900,00/01/1900,0,0,0,00/01/1900,00/01/1900,0,0,00/01/1900,00/01/1900,0,0,,,,,,,,,,,,,,,,,,,,,,,,,0%,,
0,0,0,0,00/01/1900,00/01/1900,00/01/1900,0,0,0,00/01/1900,00/01/1900,0,0,00/01/1900,00/01/1900,0,0,,,,,,,,,,,,,,,,,,,,,,,,,0%,,
0,0,0,0,00/01/1900,00/01/1900,00/01/1900,0,0,0,00/01/1900,00/01/1900,0,0,00/01/1900,00/01/1900,0,0,,,,,,,,,,,,,,,,,,,,,,,,,0%,,
0,0,0,0,00/01/1900,00/01/1900,00/01/1900,0,0,0,00/01/1900,00/01/1900,0,0,00/01/1900,00/01/1900,0,0,,,,,,,,,,,,,,,,,,,,,,,,,0%,,
0,0,0,0,00/01/1900,00/01/1900,00/01/1900,0,0,0,00/01/1900,00/01/1900,0,0,00/01/1900,00/01/1900,0,0,,,,,,,,,,,,,,,,,,,,,,,,,0%,,
0,0,0,0,00/01/1900,00/01/1900,00/01/1900,0,0,0,00/01/1900,00/01/1900,0,0,00/01/1900,00/01/1900,0,0,,,,,,,,,,,,,,,,,,,,,,,,,0%,,
0,0,0,0,00/01/1900,00/01/1900,00/01/1900,0,0,0,00/01/1900,00/01/1900,0,0,00/01/1900,00/01/1900,0,0,,,,,,,,,,,,,,,,,,,,,,,,,0%,,
0,0,0,0,00/01/1900,00/01/1900,00/01/1900,0,0,0,00/01/1900,00/01/1900,0,0,00/01/1900,00/01/1900,0,0,,,,,,,,,,,,,,,,,,,,,,,,,0%,,
0,0,0,0,00/01/1900,00/01/1900,00/01/1900,0,0,0,00/01/1900,00/01/1900,0,0,00/01/1900,00/01/1900,0,0,,,,,,,,,,,,,,,,,,,,,,,,,0%,,
0,0,0,0,00/01/1900,00/01/1900,00/01/1900,0,0,0,00/01/1900,00/01/1900,0,0,00/01/1900,00/01/1900,0,0,,,,,,,,,,,,,,,,,,,,,,,,,0%,,
0,0,0,0,00/01/1900,00/01/1900,00/01/1900,0,0,0,00/01/1900,00/01/1900,0,0,00/01/1900,00/01/1900,0,0,,,,,,,,,,,,,,,,,,,,,,,,,0%,,
0,0,0,0,00/01/1900,00/01/1900,00/01/1900,0,0,0,00/01/1900,00/01/1900,0,0,00/01/1900,00/01/1900,0,0,,,,,,,,,,,,,,,,,,,,,,,,,0%,,
0,0,0,0,00/01/1900,00/01/1900,00/01/1900,0,0,0,00/01/1900,00/01/1900,0,0,00/01/1900,00/01/1900,0,0,,,,,,,,,,,,,,,,,,,,,,,,,0%,,
0,0,0,0,00/01/1900,00/01/1900,00/01/1900,0,0,0,00/01/1900,00/01/1900,0,0,00/01/1900,00/01/1900,0,0,,,,,,,,,,,,,,,,,,,,,,,,,0%,,
0,0,0,0,00/01/1900,00/01/1900,00/01/1900,0,0,0,00/01/1900,00/01/1900,0,0,00/01/1900,00/01/1900,0,0,,,,,,,,,,,,,,,,,,,,,,,,,0%,,
0,0,0,0,00/01/1900,00/01/1900,00/01/1900,0,0,0,00/01/1900,00/01/1900,0,0,00/01/1900,00/01/1900,0,0,,,,,,,,,,,,,,,,,,,,,,,,,0%,,
0,0,0,0,00/01/1900,00/01/1900,00/01/1900,0,0,0,00/01/1900,00/01/1900,0,0,00/01/1900,00/01/1900,0,0,,,,,,,,,,,,,,,,,,,,,,,,,0%,,
0,0,0,0,00/01/1900,00/01/1900,00/01/1900,0,0,0,00/01/1900,00/01/1900,0,0,00/01/1900,00/01/1900,0,0,,,,,,,,,,,,,,,,,,,,,,,,,0%,,
0,0,0,0,00/01/1900,00/01/1900,00/01/1900,0,0,0,00/01/1900,00/01/1900,0,0,00/01/1900,00/01/1900,0,0,,,,,,,,,,,,,,,,,,,,,,,,,0%,,
0,0,0,0,00/01/1900,00/01/1900,00/01/1900,0,0,0,00/01/1900,00/01/1900,0,0,00/01/1900,00/01/1900,0,0,,,,,,,,,,,,,,,,,,,,,,,,,0%,,
0,0,0,0,00/01/1900,00/01/1900,00/01/1900,0,0,0,00/01/1900,00/01/1900,0,0,00/01/1900,00/01/1900,0,0,,,,,,,,,,,,,,,,,,,,,,,,,0%,,
0,0,0,0,00/01/1900,00/01/1900,00/01/1900,0,0,0,00/01/1900,00/01/1900,0,0,00/01/1900,00/01/1900,0,0,,,,,,,,,,,,,,,,,,,,,,,,,0%,,
0,0,0,0,00/01/1900,00/01/1900,00/01/1900,0,0,0,00/01/1900,00/01/1900,0,0,00/01/1900,00/01/1900,0,0,,,,,,,,,,,,,,,,,,,,,,,,,0%,,
0,0,0,0,00/01/1900,00/01/1900,00/01/1900,0,0,0,00/01/1900,00/01/1900,0,0,00/01/1900,00/01/1900,0,0,,,,,,,,,,,,,,,,,,,,,,,,,0%,,
0,0,0,0,00/01/1900,00/01/1900,00/01/1900,0,0,0,00/01/1900,00/01/1900,0,0,00/01/1900,00/01/1900,0,0,,,,,,,,,,,,,,,,,,,,,,,,,0%,,
0,0,0,0,00/01/1900,00/01/1900,00/01/1900,0,0,0,00/01/1900,00/01/1900,0,0,00/01/1900,00/01/1900,0,0,,,,,,,,,,,,,,,,,,,,,,,,,0%,,
0,0,0,0,00/01/1900,00/01/1900,00/01/1900,0,0,0,00/01/1900,00/01/1900,0,0,00/01/1900,00/01/1900,0,0,,,,,,,,,,,,,,,,,,,,,,,,,0%,,
0,0,0,0,00/01/1900,00/01/1900,00/01/1900,0,0,0,00/01/1900,00/01/1900,0,0,00/01/1900,00/01/1900,0,0,,,,,,,,,,,,,,,,,,,,,,,,,0%,,
0,0,0,0,00/01/1900,00/01/1900,00/01/1900,0,0,0,00/01/1900,00/01/1900,0,0,00/01/1900,00/01/1900,0,0,,,,,,,,,,,,,,,,,,,,,,,,,0%,,
0,0,0,0,00/01/1900,00/01/1900,00/01/1900,0,0,0,00/01/1900,00/01/1900,0,0,00/01/1900,00/01/1900,0,0,,,,,,,,,,,,,,,,,,,,,,,,,0%,,
0,0,0,0,00/01/1900,00/01/1900,00/01/1900,0,0,0,00/01/1900,00/01/1900,0,0,00/01/1900,00/01/1900,0,0,,,,,,,,,,,,,,,,,,,,,,,,,0%,,
0,0,0,0,00/01/1900,00/01/1900,00/01/1900,0,0,0,00/01/1900,00/01/1900,0,0,00/01/1900,00/01/1900,0,0,,,,,,,,,,,,,,,,,,,,,,,,,0%,,
0,0,0,0,00/01/1900,00/01/1900,00/01/1900,0,0,0,00/01/1900,00/01/1900,0,0,00/01/1900,00/01/1900,0,0,,,,,,,,,,,,,,,,,,,,,,,,,0%,,
0,0,0,0,00/01/1900,00/01/1900,00/01/1900,0,0,0,00/01/1900,00/01/1900,0,0,00/01/1900,00/01/1900,0,0,,,,,,,,,,,,,,,,,,,,,,,,,0%,,
0,0,0,0,00/01/1900,00/01/1900,00/01/1900,0,0,0,00/01/1900,00/01/1900,0,0,00/01/1900,00/01/1900,0,0,,,,,,,,,,,,,,,,,,,,,,,,,0%,,
0,0,0,0,00/01/1900,00/01/1900,00/01/1900,0,0,0,00/01/1900,00/01/1900,0,0,00/01/1900,00/01/1900,0,0,,,,,,,,,,,,,,,,,,,,,,,,,0%,,
0,0,0,0,00/01/1900,00/01/1900,00/01/1900,0,0,0,00/01/1900,00/01/1900,0,0,00/01/1900,00/01/1900,0,0,,,,,,,,,,,,,,,,,,,,,,,,,0%,,
0,0,0,0,00/01/1900,00/01/1900,00/01/1900,0,0,0,00/01/1900,00/01/1900,0,0,00/01/1900,00/01/1900,0,0,,,,,,,,,,,,,,,,,,,,,,,,,0%,,
0,0,0,0,00/01/1900,00/01/1900,00/01/1900,0,0,0,00/01/1900,00/01/1900,0,0,00/01/1900,00/01/1900,0,0,,,,,,,,,,,,,,,,,,,,,,,,,0%,,
0,0,0,0,00/01/1900,00/01/1900,00/01/1900,0,0,0,00/01/1900,00/01/1900,0,0,00/01/1900,00/01/1900,0,0,,,,,,,,,,,,,,,,,,,,,,,,,0%,,
0,0,0,0,00/01/1900,00/01/1900,00/01/1900,0,0,0,00/01/1900,00/01/1900,0,0,00/01/1900,00/01/1900,0,0,,,,,,,,,,,,,,,,,,,,,,,,,0%,,
0,0,0,0,00/01/1900,00/01/1900,00/01/1900,0,0,0,00/01/1900,00/01/1900,0,0,00/01/1900,00/01/1900,0,0,,,,,,,,,,,,,,,,,,,,,,,,,0%,,
0,0,0,0,00/01/1900,00/01/1900,00/01/1900,0,0,0,00/01/1900,00/01/1900,0,0,00/01/1900,00/01/1900,0,0,,,,,,,,,,,,,,,,,,,,,,,,,0%,,
0,0,0,0,00/01/1900,00/01/1900,00/01/1900,0,0,0,00/01/1900,00/01/1900,0,0,00/01/1900,00/01/1900,0,0,,,,,,,,,,,,,,,,,,,,,,,,,0%,,
0,0,0,0,00/01/1900,00/01/1900,00/01/1900,0,0,0,00/01/1900,00/01/1900,0,0,00/01/1900,00/01/1900,0,0,,,,,,,,,,,,,,,,,,,,,,,,,0%,,
0,0,0,0,00/01/1900,00/01/1900,00/01/1900,0,0,0,00/01/1900,00/01/1900,0,0,00/01/1900,00/01/1900,0,0,,,,,,,,,,,,,,,,,,,,,,,,,0%,,
0,0,0,0,00/01/1900,00/01/1900,00/01/1900,0,0,0,00/01/1900,00/01/1900,0,0,00/01/1900,00/01/1900,0,0,,,,,,,,,,,,,,,,,,,,,,,,,0%,,
0,0,0,0,00/01/1900,00/01/1900,00/01/1900,0,0,0,00/01/1900,00/01/1900,0,0,00/01/1900,00/01/1900,0,0,,,,,,,,,,,,,,,,,,,,,,,,,0%,,
0,0,0,0,00/01/1900,00/01/1900,00/01/1900,0,0,0,00/01/1900,00/01/1900,0,0,00/01/1900,00/01/1900,0,0,,,,,,,,,,,,,,,,,,,,,,,,,0%,,
0,0,0,0,00/01/1900,00/01/1900,00/01/1900,0,0,0,00/01/1900,00/01/1900,0,0,00/01/1900,00/01/1900,0,0,,,,,,,,,,,,,,,,,,,,,,,,,0%,,
0,0,0,0,00/01/1900,00/01/1900,00/01/1900,0,0,0,00/01/1900,00/01/1900,0,0,00/01/1900,00/01/1900,0,0,,,,,,,,,,,,,,,,,,,,,,,,,0%,,
0,0,0,0,00/01/1900,00/01/1900,00/01/1900,0,0,0,00/01/1900,00/01/1900,0,0,00/01/1900,00/01/1900,0,0,,,,,,,,,,,,,,,,,,,,,,,,,0%,,
0,0,0,0,00/01/1900,00/01/1900,00/01/1900,0,0,0,00/01/1900,00/01/1900,0,0,00/01/1900,00/01/1900,0,0,,,,,,,,,,,,,,,,,,,,,,,,,0%,,
0,0,0,0,00/01/1900,00/01/1900,00/01/1900,0,0,0,00/01/1900,00/01/1900,0,0,00/01/1900,00/01/1900,0,0,,,,,,,,,,,,,,,,,,,,,,,,,0%,,
0,0,0,0,00/01/1900,00/01/1900,00/01/1900,0,0,0,00/01/1900,00/01/1900,0,0,00/01/1900,00/01/1900,0,0,,,,,,,,,,,,,,,,,,,,,,,,,0%,,
0,0,0,0,00/01/1900,00/01/1900,00/01/1900,0,0,0,00/01/1900,00/01/1900,0,0,00/01/1900,00/01/1900,0,0,,,,,,,,,,,,,,,,,,,,,,,,,0%,,
0,0,0,0,00/01/1900,00/01/1900,00/01/1900,0,0,0,00/01/1900,00/01/1900,0,0,00/01/1900,00/01/1900,0,0,,,,,,,,,,,,,,,,,,,,,,,,,0%,,
0,0,0,0,00/01/1900,00/01/1900,00/01/1900,0,0,0,00/01/1900,00/01/1900,0,0,00/01/1900,00/01/1900,0,0,,,,,,,,,,,,,,,,,,,,,,,,,0%,,
0,0,0,0,00/01/1900,00/01/1900,00/01/1900,0,0,0,00/01/1900,00/01/1900,0,0,00/01/1900,00/01/1900,0,0,,,,,,,,,,,,,,,,,,,,,,,,,0%,,
0,0,0,0,00/01/1900,00/01/1900,00/01/1900,0,0,0,00/01/1900,00/01/1900,0,0,00/01/1900,00/01/1900,0,0,,,,,,,,,,,,,,,,,,,,,,,,,0%,,
0,0,0,0,00/01/1900,00/01/1900,00/01/1900,0,0,0,00/01/1900,00/01/1900,0,0,00/01/1900,00/01/1900,0,0,,,,,,,,,,,,,,,,,,,,,,,,,0%,,
0,0,0,0,00/01/1900,00/01/1900,00/01/1900,0,0,0,00/01/1900,00/01/1900,0,0,00/01/1900,00/01/1900,0,0,,,,,,,,,,,,,,,,,,,,,,,,,0%,,
0,0,0,0,00/01/1900,00/01/1900,00/01/1900,0,0,0,00/01/1900,00/01/1900,0,0,00/01/1900,00/01/1900,0,0,,,,,,,,,,,,,,,,,,,,,,,,,0%,,
0,0,0,0,00/01/1900,00/01/1900,00/01/1900,0,0,0,00/01/1900,00/01/1900,0,0,00/01/1900,00/01/1900,0,0,,,,,,,,,,,,,,,,,,,,,,,,,0%,,
0,0,0,0,00/01/1900,00/01/1900,00/01/1900,0,0,0,00/01/1900,00/01/1900,0,0,00/01/1900,00/01/1900,0,0,,,,,,,,,,,,,,,,,,,,,,,,,0%,,
0,0,0,0,00/01/1900,00/01/1900,00/01/1900,0,0,0,00/01/1900,00/01/1900,0,0,00/01/1900,00/01/1900,0,0,,,,,,,,,,,,,,,,,,,,,,,,,0%,,
0,0,0,0,00/01/1900,00/01/1900,00/01/1900,0,0,0,00/01/1900,00/01/1900,0,0,00/01/1900,00/01/1900,0,0,,,,,,,,,,,,,,,,,,,,,,,,,0%,,
0,0,0,0,00/01/1900,00/01/1900,00/01/1900,0,0,0,00/01/1900,00/01/1900,0,0,00/01/1900,00/01/1900,0,0,,,,,,,,,,,,,,,,,,,,,,,,,0%,,
0,0,0,0,00/01/1900,00/01/1900,00/01/1900,0,0,0,00/01/1900,00/01/1900,0,0,00/01/1900,00/01/1900,0,0,,,,,,,,,,,,,,,,,,,,,,,,,0%,,
0,0,0,0,00/01/1900,00/01/1900,00/01/1900,0,0,0,00/01/1900,00/01/1900,0,0,00/01/1900,00/01/1900,0,0,,,,,,,,,,,,,,,,,,,,,,,,,0%,,
0,0,0,0,00/01/1900,00/01/1900,00/01/1900,0,0,0,00/01/1900,00/01/1900,0,0,00/01/1900,00/01/1900,0,0,,,,,,,,,,,,,,,,,,,,,,,,,0%,,
0,0,0,0,00/01/1900,00/01/1900,00/01/1900,0,0,0,00/01/1900,00/01/1900,0,0,00/01/1900,00/01/1900,0,0,,,,,,,,,,,,,,,,,,,,,,,,,0%,,
0,0,0,0,00/01/1900,00/01/1900,00/01/1900,0,0,0,00/01/1900,00/01/1900,0,0,00/01/1900,00/01/1900,0,0,,,,,,,,,,,,,,,,,,,,,,,,,0%,,
0,0,0,0,00/01/1900,00/01/1900,00/01/1900,0,0,0,00/01/1900,00/01/1900,0,0,00/01/1900,00/01/1900,0,0,,,,,,,,,,,,,,,,,,,,,,,,,0%,,
0,0,0,0,00/01/1900,00/01/1900,00/01/1900,0,0,0,00/01/1900,00/01/1900,0,0,00/01/1900,00/01/1900,0,0,,,,,,,,,,,,,,,,,,,,,,,,,0%,,
0,0,0,0,00/01/1900,00/01/1900,00/01/1900,0,0,0,00/01/1900,00/01/1900,0,0,00/01/1900,00/01/1900,0,0,,,,,,,,,,,,,,,,,,,,,,,,,0%,,
0,0,0,0,00/01/1900,00/01/1900,00/01/1900,0,0,0,00/01/1900,00/01/1900,0,0,00/01/1900,00/01/1900,0,0,,,,,,,,,,,,,,,,,,,,,,,,,0%,,
0,0,0,0,00/01/1900,00/01/1900,00/01/1900,0,0,0,00/01/1900,00/01/1900,0,0,00/01/1900,00/01/1900,0,0,,,,,,,,,,,,,,,,,,,,,,,,,0%,,
0,0,0,0,00/01/1900,00/01/1900,00/01/1900,0,0,0,00/01/1900,00/01/1900,0,0,00/01/1900,00/01/1900,0,0,,,,,,,,,,,,,,,,,,,,,,,,,0%,,
0,0,0,0,00/01/1900,00/01/1900,00/01/1900,0,0,0,00/01/1900,00/01/1900,0,0,00/01/1900,00/01/1900,0,0,,,,,,,,,,,,,,,,,,,,,,,,,0%,,
0,0,0,0,00/01/1900,00/01/1900,00/01/1900,0,0,0,00/01/1900,00/01/1900,0,0,00/01/1900,00/01/1900,0,0,,,,,,,,,,,,,,,,,,,,,,,,,0%,,
0,0,0,0,00/01/1900,00/01/1900,00/01/1900,0,0,0,00/01/1900,00/01/1900,0,0,00/01/1900,00/01/1900,0,0,,,,,,,,,,,,,,,,,,,,,,,,,0%,,
0,0,0,0,00/01/1900,00/01/1900,00/01/1900,0,0,0,00/01/1900,00/01/1900,0,0,00/01/1900,00/01/1900,0,0,,,,,,,,,,,,,,,,,,,,,,,,,0%,,
0,0,0,0,00/01/1900,00/01/1900,00/01/1900,0,0,0,00/01/1900,00/01/1900,0,0,00/01/1900,00/01/1900,0,0,,,,,,,,,,,,,,,,,,,,,,,,,0%,,
0,0,0,0,00/01/1900,00/01/1900,00/01/1900,0,0,0,00/01/1900,00/01/1900,0,0,00/01/1900,00/01/1900,0,0,,,,,,,,,,,,,,,,,,,,,,,,,0%,,
0,0,0,0,00/01/1900,00/01/1900,00/01/1900,0,0,0,00/01/1900,00/01/1900,0,0,00/01/1900,00/01/1900,0,0,,,,,,,,,,,,,,,,,,,,,,,,,0%,,
0,0,0,0,00/01/1900,00/01/1900,00/01/1900,0,0,0,00/01/1900,00/01/1900,0,0,00/01/1900,00/01/1900,0,0,,,,,,,,,,,,,,,,,,,,,,,,,0%,,
0,0,0,0,00/01/1900,00/01/1900,00/01/1900,0,0,0,00/01/1900,00/01/1900,0,0,00/01/1900,00/01/1900,0,0,,,,,,,,,,,,,,,,,,,,,,,,,0%,,
0,0,0,0,00/01/1900,00/01/1900,00/01/1900,0,0,0,00/01/1900,00/01/1900,0,0,00/01/1900,00/01/1900,0,0,,,,,,,,,,,,,,,,,,,,,,,,,0%,,
0,0,0,0,00/01/1900,00/01/1900,00/01/1900,0,0,0,00/01/1900,00/01/1900,0,0,00/01/1900,00/01/1900,0,0,,,,,,,,,,,,,,,,,,,,,,,,,0%,,
0,0,0,0,00/01/1900,00/01/1900,00/01/1900,0,0,0,00/01/1900,00/01/1900,0,0,00/01/1900,00/01/1900,0,0,,,,,,,,,,,,,,,,,,,,,,,,,0%,,
0,0,0,0,00/01/1900,00/01/1900,00/01/1900,0,0,0,00/01/1900,00/01/1900,0,0,00/01/1900,00/01/1900,0,0,,,,,,,,,,,,,,,,,,,,,,,,,0%,,
0,0,0,0,00/01/1900,00/01/1900,00/01/1900,0,0,0,00/01/1900,00/01/1900,0,0,00/01/1900,00/01/1900,0,0,,,,,,,,,,,,,,,,,,,,,,,,,0%,,
0,0,0,0,00/01/1900,00/01/1900,00/01/1900,0,0,0,00/01/1900,00/01/1900,0,0,00/01/1900,00/01/1900,0,0,,,,,,,,,,,,,,,,,,,,,,,,,0%,,
0,0,0,0,00/01/1900,00/01/1900,00/01/1900,0,0,0,00/01/1900,00/01/1900,0,0,00/01/1900,00/01/1900,0,0,,,,,,,,,,,,,,,,,,,,,,,,,0%,,
0,0,0,0,00/01/1900,00/01/1900,00/01/1900,0,0,0,00/01/1900,00/01/1900,0,0,00/01/1900,00/01/1900,0,0,,,,,,,,,,,,,,,,,,,,,,,,,0%,,
0,0,0,0,00/01/1900,00/01/1900,00/01/1900,0,0,0,00/01/1900,00/01/1900,0,0,00/01/1900,00/01/1900,0,0,,,,,,,,,,,,,,,,,,,,,,,,,0%,,
0,0,0,0,00/01/1900,00/01/1900,00/01/1900,0,0,0,00/01/1900,00/01/1900,0,0,00/01/1900,00/01/1900,0,0,,,,,,,,,,,,,,,,,,,,,,,,,0%,,
0,0,0,0,00/01/1900,00/01/1900,00/01/1900,0,0,0,00/01/1900,00/01/1900,0,0,00/01/1900,00/01/1900,0,0,,,,,,,,,,,,,,,,,,,,,,,,,0%,,
0,0,0,0,00/01/1900,00/01/1900,00/01/1900,0,0,0,00/01/1900,00/01/1900,0,0,00/01/1900,00/01/1900,0,0,,,,,,,,,,,,,,,,,,,,,,,,,0%,,
0,0,0,0,00/01/1900,00/01/1900,00/01/1900,0,0,0,00/01/1900,00/01/1900,0,0,00/01/1900,00/01/1900,0,0,,,,,,,,,,,,,,,,,,,,,,,,,0%,,
0,0,0,0,00/01/1900,00/01/1900,00/01/1900,0,0,0,00/01/1900,00/01/1900,0,0,00/01/1900,00/01/1900,0,0,,,,,,,,,,,,,,,,,,,,,,,,,0%,,
0,0,0,0,00/01/1900,00/01/1900,00/01/1900,0,0,0,00/01/1900,00/01/1900,0,0,00/01/1900,00/01/1900,0,0,,,,,,,,,,,,,,,,,,,,,,,,,0%,,
0,0,0,0,00/01/1900,00/01/1900,00/01/1900,0,0,0,00/01/1900,00/01/1900,0,0,00/01/1900,00/01/1900,0,0,,,,,,,,,,,,,,,,,,,,,,,,,0%,,
0,0,0,0,00/01/1900,00/01/1900,00/01/1900,0,0,0,00/01/1900,00/01/1900,0,0,00/01/1900,00/01/1900,0,0,,,,,,,,,,,,,,,,,,,,,,,,,0%,,
0,0,0,0,00/01/1900,00/01/1900,00/01/1900,0,0,0,00/01/1900,00/01/1900,0,0,00/01/1900,00/01/1900,0,0,,,,,,,,,,,,,,,,,,,,,,,,,0%,,
0,0,0,0,00/01/1900,00/01/1900,00/01/1900,0,0,0,00/01/1900,00/01/1900,0,0,00/01/1900,00/01/1900,0,0,,,,,,,,,,,,,,,,,,,,,,,,,0%,,
0,0,0,0,00/01/1900,00/01/1900,00/01/1900,0,0,0,00/01/1900,00/01/1900,0,0,00/01/1900,00/01/1900,0,0,,,,,,,,,,,,,,,,,,,,,,,,,0%,,
0,0,0,0,00/01/1900,00/01/1900,00/01/1900,0,0,0,00/01/1900,00/01/1900,0,0,00/01/1900,00/01/1900,0,0,,,,,,,,,,,,,,,,,,,,,,,,,0%,,
0,0,0,0,00/01/1900,00/01/1900,00/01/1900,0,0,0,00/01/1900,00/01/1900,0,0,00/01/1900,00/01/1900,0,0,,,,,,,,,,,,,,,,,,,,,,,,,0%,,
0,0,0,0,00/01/1900,00/01/1900,00/01/1900,0,0,0,00/01/1900,00/01/1900,0,0,00/01/1900,00/01/1900,0,0,,,,,,,,,,,,,,,,,,,,,,,,,0%,,
0,0,0,0,00/01/1900,00/01/1900,00/01/1900,0,0,0,00/01/1900,00/01/1900,0,0,00/01/1900,00/01/1900,0,0,,,,,,,,,,,,,,,,,,,,,,,,,0%,,
0,0,0,0,00/01/1900,00/01/1900,00/01/1900,0,0,0,00/01/1900,00/01/1900,0,0,00/01/1900,00/01/1900,0,0,,,,,,,,,,,,,,,,,,,,,,,,,0%,,
0,0,0,0,00/01/1900,00/01/1900,00/01/1900,0,0,0,00/01/1900,00/01/1900,0,0,00/01/1900,00/01/1900,0,0,,,,,,,,,,,,,,,,,,,,,,,,,0%,,
0,0,0,0,00/01/1900,00/01/1900,00/01/1900,0,0,0,00/01/1900,00/01/1900,0,0,00/01/1900,00/01/1900,0,0,,,,,,,,,,,,,,,,,,,,,,,,,0%,,
0,0,0,0,00/01/1900,00/01/1900,00/01/1900,0,0,0,00/01/1900,00/01/1900,0,0,00/01/1900,00/01/1900,0,0,,,,,,,,,,,,,,,,,,,,,,,,,0%,,
0,0,0,0,00/01/1900,00/01/1900,00/01/1900,0,0,0,00/01/1900,00/01/1900,0,0,00/01/1900,00/01/1900,0,0,,,,,,,,,,,,,,,,,,,,,,,,,0%,,
0,0,0,0,00/01/1900,00/01/1900,00/01/1900,0,0,0,00/01/1900,00/01/1900,0,0,00/01/1900,00/01/1900,0,0,,,,,,,,,,,,,,,,,,,,,,,,,0%,,
0,0,0,0,00/01/1900,00/01/1900,00/01/1900,0,0,0,00/01/1900,00/01/1900,0,0,00/01/1900,00/01/1900,0,0,,,,,,,,,,,,,,,,,,,,,,,,,0%,,
0,0,0,0,00/01/1900,00/01/1900,00/01/1900,0,0,0,00/01/1900,00/01/1900,0,0,00/01/1900,00/01/1900,0,0,,,,,,,,,,,,,,,,,,,,,,,,,0%,,
0,0,0,0,00/01/1900,00/01/1900,00/01/1900,0,0,0,00/01/1900,00/01/1900,0,0,00/01/1900,00/01/1900,0,0,,,,,,,,,,,,,,,,,,,,,,,,,0%,,
0,0,0,0,00/01/1900,00/01/1900,00/01/1900,0,0,0,00/01/1900,00/01/1900,0,0,00/01/1900,00/01/1900,0,0,,,,,,,,,,,,,,,,,,,,,,,,,0%,,
0,0,0,0,00/01/1900,00/01/1900,00/01/1900,0,0,0,00/01/1900,00/01/1900,0,0,00/01/1900,00/01/1900,0,0,,,,,,,,,,,,,,,,,,,,,,,,,0%,,
0,0,0,0,00/01/1900,00/01/1900,00/01/1900,0,0,0,00/01/1900,00/01/1900,0,0,00/01/1900,00/01/1900,0,0,,,,,,,,,,,,,,,,,,,,,,,,,0%,,
0,0,0,0,00/01/1900,00/01/1900,00/01/1900,0,0,0,00/01/1900,00/01/1900,0,0,00/01/1900,00/01/1900,0,0,,,,,,,,,,,,,,,,,,,,,,,,,0%,,
0,0,0,0,00/01/1900,00/01/1900,00/01/1900,0,0,0,00/01/1900,00/01/1900,0,0,00/01/1900,00/01/1900,0,0,,,,,,,,,,,,,,,,,,,,,,,,,0%,,
0,0,0,0,00/01/1900,00/01/1900,00/01/1900,0,0,0,00/01/1900,00/01/1900,0,0,00/01/1900,00/01/1900,0,0,,,,,,,,,,,,,,,,,,,,,,,,,0%,,
0,0,0,0,00/01/1900,00/01/1900,00/01/1900,0,0,0,00/01/1900,00/01/1900,0,0,00/01/1900,00/01/1900,0,0,,,,,,,,,,,,,,,,,,,,,,,,,0%,,
0,0,0,0,00/01/1900,00/01/1900,00/01/1900,0,0,0,00/01/1900,00/01/1900,0,0,00/01/1900,00/01/1900,0,0,,,,,,,,,,,,,,,,,,,,,,,,,0%,,
0,0,0,0,00/01/1900,00/01/1900,00/01/1900,0,0,0,00/01/1900,00/01/1900,0,0,00/01/1900,00/01/1900,0,0,,,,,,,,,,,,,,,,,,,,,,,,,0%,,
0,0,0,0,00/01/1900,00/01/1900,00/01/1900,0,0,0,00/01/1900,00/01/1900,0,0,00/01/1900,00/01/1900,0,0,,,,,,,,,,,,,,,,,,,,,,,,,0%,,
0,0,0,0,00/01/1900,00/01/1900,00/01/1900,0,0,0,00/01/1900,00/01/1900,0,0,00/01/1900,00/01/1900,0,0,,,,,,,,,,,,,,,,,,,,,,,,,0%,,
0,0,0,0,00/01/1900,00/01/1900,00/01/1900,0,0,0,00/01/1900,00/01/1900,0,0,00/01/1900,00/01/1900,0,0,,,,,,,,,,,,,,,,,,,,,,,,,0%,,
0,0,0,0,00/01/1900,00/01/1900,00/01/1900,0,0,0,00/01/1900,00/01/1900,0,0,00/01/1900,00/01/1900,0,0,,,,,,,,,,,,,,,,,,,,,,,,,0%,,
0,0,0,0,00/01/1900,00/01/1900,00/01/1900,0,0,0,00/01/1900,00/01/1900,0,0,00/01/1900,00/01/1900,0,0,,,,,,,,,,,,,,,,,,,,,,,,,0%,,
0,0,0,0,00/01/1900,00/01/1900,00/01/1900,0,0,0,00/01/1900,00/01/1900,0,0,00/01/1900,00/01/1900,0,0,,,,,,,,,,,,,,,,,,,,,,,,,0%,,
0,0,0,0,00/01/1900,00/01/1900,00/01/1900,0,0,0,00/01/1900,00/01/1900,0,0,00/01/1900,00/01/1900,0,0,,,,,,,,,,,,,,,,,,,,,,,,,0%,,
0,0,0,0,00/01/1900,00/01/1900,00/01/1900,0,0,0,00/01/1900,00/01/1900,0,0,00/01/1900,00/01/1900,0,0,,,,,,,,,,,,,,,,,,,,,,,,,0%,,
0,0,0,0,00/01/1900,00/01/1900,00/01/1900,0,0,0,00/01/1900,00/01/1900,0,0,00/01/1900,00/01/1900,0,0,,,,,,,,,,,,,,,,,,,,,,,,,0%,,
0,0,0,0,00/01/1900,00/01/1900,00/01/1900,0,0,0,00/01/1900,00/01/1900,0,0,00/01/1900,00/01/1900,0,0,,,,,,,,,,,,,,,,,,,,,,,,,0%,,
0,0,0,0,00/01/1900,00/01/1900,00/01/1900,0,0,0,00/01/1900,00/01/1900,0,0,00/01/1900,00/01/1900,0,0,,,,,,,,,,,,,,,,,,,,,,,,,0%,,
0,0,0,0,00/01/1900,00/01/1900,00/01/1900,0,0,0,00/01/1900,00/01/1900,0,0,00/01/1900,00/01/1900,0,0,,,,,,,,,,,,,,,,,,,,,,,,,0%,,
0,0,0,0,00/01/1900,00/01/1900,00/01/1900,0,0,0,00/01/1900,00/01/1900,0,0,00/01/1900,00/01/1900,0,0,,,,,,,,,,,,,,,,,,,,,,,,,0%,,
0,0,0,0,00/01/1900,00/01/1900,00/01/1900,0,0,0,00/01/1900,00/01/1900,0,0,00/01/1900,00/01/1900,0,0,,,,,,,,,,,,,,,,,,,,,,,,,0%,,
0,0,0,0,00/01/1900,00/01/1900,00/01/1900,0,0,0,00/01/1900,00/01/1900,0,0,00/01/1900,00/01/1900,0,0,,,,,,,,,,,,,,,,,,,,,,,,,0%,,
0,0,0,0,00/01/1900,00/01/1900,00/01/1900,0,0,0,00/01/1900,00/01/1900,0,0,00/01/1900,00/01/1900,0,0,,,,,,,,,,,,,,,,,,,,,,,,,0%,,
0,0,0,0,00/01/1900,00/01/1900,00/01/1900,0,0,0,00/01/1900,00/01/1900,0,0,00/01/1900,00/01/1900,0,0,,,,,,,,,,,,,,,,,,,,,,,,,0%,,
0,0,0,0,00/01/1900,00/01/1900,00/01/1900,0,0,0,00/01/1900,00/01/1900,0,0,00/01/1900,00/01/1900,0,0,,,,,,,,,,,,,,,,,,,,,,,,,0%,,
0,0,0,0,00/01/1900,00/01/1900,00/01/1900,0,0,0,00/01/1900,00/01/1900,0,0,00/01/1900,00/01/1900,0,0,,,,,,,,,,,,,,,,,,,,,,,,,0%,,
0,0,0,0,00/01/1900,00/01/1900,00/01/1900,0,0,0,00/01/1900,00/01/1900,0,0,00/01/1900,00/01/1900,0,0,,,,,,,,,,,,,,,,,,,,,,,,,0%,,
0,0,0,0,00/01/1900,00/01/1900,00/01/1900,0,0,0,00/01/1900,00/01/1900,0,0,00/01/1900,00/01/1900,0,0,,,,,,,,,,,,,,,,,,,,,,,,,0%,,
0,0,0,0,00/01/1900,00/01/1900,00/01/1900,0,0,0,00/01/1900,00/01/1900,0,0,00/01/1900,00/01/1900,0,0,,,,,,,,,,,,,,,,,,,,,,,,,0%,,
0,0,0,0,00/01/1900,00/01/1900,00/01/1900,0,0,0,00/01/1900,00/01/1900,0,0,00/01/1900,00/01/1900,0,0,,,,,,,,,,,,,,,,,,,,,,,,,0%,,
0,0,0,0,00/01/1900,00/01/1900,00/01/1900,0,0,0,00/01/1900,00/01/1900,0,0,00/01/1900,00/01/1900,0,0,,,,,,,,,,,,,,,,,,,,,,,,,0%,,
0,0,0,0,00/01/1900,00/01/1900,00/01/1900,0,0,0,00/01/1900,00/01/1900,0,0,00/01/1900,00/01/1900,0,0,,,,,,,,,,,,,,,,,,,,,,,,,0%,,
0,0,0,0,00/01/1900,00/01/1900,00/01/1900,0,0,0,00/01/1900,00/01/1900,0,0,00/01/1900,00/01/1900,0,0,,,,,,,,,,,,,,,,,,,,,,,,,0%,,
0,0,0,0,00/01/1900,00/01/1900,00/01/1900,0,0,0,00/01/1900,00/01/1900,0,0,00/01/1900,00/01/1900,0,0,,,,,,,,,,,,,,,,,,,,,,,,,0%,,
0,0,0,0,00/01/1900,00/01/1900,00/01/1900,0,0,0,00/01/1900,00/01/1900,0,0,00/01/1900,00/01/1900,0,0,,,,,,,,,,,,,,,,,,,,,,,,,0%,,
0,0,0,0,00/01/1900,00/01/1900,00/01/1900,0,0,0,00/01/1900,00/01/1900,0,0,00/01/1900,00/01/1900,0,0,,,,,,,,,,,,,,,,,,,,,,,,,0%,,
0,0,0,0,00/01/1900,00/01/1900,00/01/1900,0,0,0,00/01/1900,00/01/1900,0,0,00/01/1900,00/01/1900,0,0,,,,,,,,,,,,,,,,,,,,,,,,,0%,,
0,0,0,0,00/01/1900,00/01/1900,00/01/1900,0,0,0,00/01/1900,00/01/1900,0,0,00/01/1900,00/01/1900,0,0,,,,,,,,,,,,,,,,,,,,,,,,,0%,,
0,0,0,0,00/01/1900,00/01/1900,00/01/1900,0,0,0,00/01/1900,00/01/1900,0,0,00/01/1900,00/01/1900,0,0,,,,,,,,,,,,,,,,,,,,,,,,,0%,,
0,0,0,0,00/01/1900,00/01/1900,00/01/1900,0,0,0,00/01/1900,00/01/1900,0,0,00/01/1900,00/01/1900,0,0,,,,,,,,,,,,,,,,,,,,,,,,,0%,,
0,0,0,0,00/01/1900,00/01/1900,00/01/1900,0,0,0,00/01/1900,00/01/1900,0,0,00/01/1900,00/01/1900,0,0,,,,,,,,,,,,,,,,,,,,,,,,,0%,,
0,0,0,0,00/01/1900,00/01/1900,00/01/1900,0,0,0,00/01/1900,00/01/1900,0,0,00/01/1900,00/01/1900,0,0,,,,,,,,,,,,,,,,,,,,,,,,,0%,,
0,0,0,0,00/01/1900,00/01/1900,00/01/1900,0,0,0,00/01/1900,00/01/1900,0,0,00/01/1900,00/01/1900,0,0,,,,,,,,,,,,,,,,,,,,,,,,,0%,,
0,0,0,0,00/01/1900,00/01/1900,00/01/1900,0,0,0,00/01/1900,00/01/1900,0,0,00/01/1900,00/01/1900,0,0,,,,,,,,,,,,,,,,,,,,,,,,,0%,,
0,0,0,0,00/01/1900,00/01/1900,00/01/1900,0,0,0,00/01/1900,00/01/1900,0,0,00/01/1900,00/01/1900,0,0,,,,,,,,,,,,,,,,,,,,,,,,,0%,,
0,0,0,0,00/01/1900,00/01/1900,00/01/1900,0,0,0,00/01/1900,00/01/1900,0,0,00/01/1900,00/01/1900,0,0,,,,,,,,,,,,,,,,,,,,,,,,,0%,,
0,0,0,0,00/01/1900,00/01/1900,00/01/1900,0,0,0,00/01/1900,00/01/1900,0,0,00/01/1900,00/01/1900,0,0,,,,,,,,,,,,,,,,,,,,,,,,,0%,,
0,0,0,0,00/01/1900,00/01/1900,00/01/1900,0,0,0,00/01/1900,00/01/1900,0,0,00/01/1900,00/01/1900,0,0,,,,,,,,,,,,,,,,,,,,,,,,,0%,,
0,0,0,0,00/01/1900,00/01/1900,00/01/1900,0,0,0,00/01/1900,00/01/1900,0,0,00/01/1900,00/01/1900,0,0,,,,,,,,,,,,,,,,,,,,,,,,,0%,,
0,0,0,0,00/01/1900,00/01/1900,00/01/1900,0,0,0,00/01/1900,00/01/1900,0,0,00/01/1900,00/01/1900,0,0,,,,,,,,,,,,,,,,,,,,,,,,,0%,,
0,0,0,0,00/01/1900,00/01/1900,00/01/1900,0,0,0,00/01/1900,00/01/1900,0,0,00/01/1900,00/01/1900,0,0,,,,,,,,,,,,,,,,,,,,,,,,,0%,,
0,0,0,0,00/01/1900,00/01/1900,00/01/1900,0,0,0,00/01/1900,00/01/1900,0,0,00/01/1900,00/01/1900,0,0,,,,,,,,,,,,,,,,,,,,,,,,,0%,,
0,0,0,0,00/01/1900,00/01/1900,00/01/1900,0,0,0,00/01/1900,00/01/1900,0,0,00/01/1900,00/01/1900,0,0,,,,,,,,,,,,,,,,,,,,,,,,,0%,,
0,0,0,0,00/01/1900,00/01/1900,00/01/1900,0,0,0,00/01/1900,00/01/1900,0,0,00/01/1900,00/01/1900,0,0,,,,,,,,,,,,,,,,,,,,,,,,,0%,,
0,0,0,0,00/01/1900,00/01/1900,00/01/1900,0,0,0,00/01/1900,00/01/1900,0,0,00/01/1900,00/01/1900,0,0,,,,,,,,,,,,,,,,,,,,,,,,,0%,,
0,0,0,0,00/01/1900,00/01/1900,00/01/1900,0,0,0,00/01/1900,00/01/1900,0,0,00/01/1900,00/01/1900,0,0,,,,,,,,,,,,,,,,,,,,,,,,,0%,,
0,0,0,0,00/01/1900,00/01/1900,00/01/1900,0,0,0,00/01/1900,00/01/1900,0,0,00/01/1900,00/01/1900,0,0,,,,,,,,,,,,,,,,,,,,,,,,,0%,,
0,0,0,0,00/01/1900,00/01/1900,00/01/1900,0,0,0,00/01/1900,00/01/1900,0,0,00/01/1900,00/01/1900,0,0,,,,,,,,,,,,,,,,,,,,,,,,,0%,,
0,0,0,0,00/01/1900,00/01/1900,00/01/1900,0,0,0,00/01/1900,00/01/1900,0,0,00/01/1900,00/01/1900,0,0,,,,,,,,,,,,,,,,,,,,,,,,,0%,,
0,0,0,0,00/01/1900,00/01/1900,00/01/1900,0,0,0,00/01/1900,00/01/1900,0,0,00/01/1900,00/01/1900,0,0,,,,,,,,,,,,,,,,,,,,,,,,,0%,,
0,0,0,0,00/01/1900,00/01/1900,00/01/1900,0,0,0,00/01/1900,00/01/1900,0,0,00/01/1900,00/01/1900,0,0,,,,,,,,,,,,,,,,,,,,,,,,,0%,,
0,0,0,0,00/01/1900,00/01/1900,00/01/1900,0,0,0,00/01/1900,00/01/1900,0,0,00/01/1900,00/01/1900,0,0,,,,,,,,,,,,,,,,,,,,,,,,,0%,,
0,0,0,0,00/01/1900,00/01/1900,00/01/1900,0,0,0,00/01/1900,00/01/1900,0,0,00/01/1900,00/01/1900,0,0,,,,,,,,,,,,,,,,,,,,,,,,,0%,,
0,0,0,0,00/01/1900,00/01/1900,00/01/1900,0,0,0,00/01/1900,00/01/1900,0,0,00/01/1900,00/01/1900,0,0,,,,,,,,,,,,,,,,,,,,,,,,,0%,,
0,0,0,0,00/01/1900,00/01/1900,00/01/1900,0,0,0,00/01/1900,00/01/1900,0,0,00/01/1900,00/01/1900,0,0,,,,,,,,,,,,,,,,,,,,,,,,,0%,,
0,0,0,0,00/01/1900,00/01/1900,00/01/1900,0,0,0,00/01/1900,00/01/1900,0,0,00/01/1900,00/01/1900,0,0,,,,,,,,,,,,,,,,,,,,,,,,,0%,,
0,0,0,0,00/01/1900,00/01/1900,00/01/1900,0,0,0,00/01/1900,00/01/1900,0,0,00/01/1900,00/01/1900,0,0,,,,,,,,,,,,,,,,,,,,,,,,,0%,,
0,0,0,0,00/01/1900,00/01/1900,00/01/1900,0,0,0,00/01/1900,00/01/1900,0,0,00/01/1900,00/01/1900,0,0,,,,,,,,,,,,,,,,,,,,,,,,,0%,,
0,0,0,0,00/01/1900,00/01/1900,00/01/1900,0,0,0,00/01/1900,00/01/1900,0,0,00/01/1900,00/01/1900,0,0,,,,,,,,,,,,,,,,,,,,,,,,,0%,,
0,0,0,0,00/01/1900,00/01/1900,00/01/1900,0,0,0,00/01/1900,00/01/1900,0,0,00/01/1900,00/01/1900,0,0,,,,,,,,,,,,,,,,,,,,,,,,,0%,,
0,0,0,0,00/01/1900,00/01/1900,00/01/1900,0,0,0,00/01/1900,00/01/1900,0,0,00/01/1900,00/01/1900,0,0,,,,,,,,,,,,,,,,,,,,,,,,,0%,,
0,0,0,0,00/01/1900,00/01/1900,00/01/1900,0,0,0,00/01/1900,00/01/1900,0,0,00/01/1900,00/01/1900,0,0,,,,,,,,,,,,,,,,,,,,,,,,,0%,,
0,0,0,0,00/01/1900,00/01/1900,00/01/1900,0,0,0,00/01/1900,00/01/1900,0,0,00/01/1900,00/01/1900,0,0,,,,,,,,,,,,,,,,,,,,,,,,,0%,,
0,0,0,0,00/01/1900,00/01/1900,00/01/1900,0,0,0,00/01/1900,00/01/1900,0,0,00/01/1900,00/01/1900,0,0,,,,,,,,,,,,,,,,,,,,,,,,,0%,,
0,0,0,0,00/01/1900,00/01/1900,00/01/1900,0,0,0,00/01/1900,00/01/1900,0,0,00/01/1900,00/01/1900,0,0,,,,,,,,,,,,,,,,,,,,,,,,,0%,,
0,0,0,0,00/01/1900,00/01/1900,00/01/1900,0,0,0,00/01/1900,00/01/1900,0,0,00/01/1900,00/01/1900,0,0,,,,,,,,,,,,,,,,,,,,,,,,,0%,,
0,0,0,0,00/01/1900,00/01/1900,00/01/1900,0,0,0,00/01/1900,00/01/1900,0,0,00/01/1900,00/01/1900,0,0,,,,,,,,,,,,,,,,,,,,,,,,,0%,,
0,0,0,0,00/01/1900,00/01/1900,00/01/1900,0,0,0,00/01/1900,00/01/1900,0,0,00/01/1900,00/01/1900,0,0,,,,,,,,,,,,,,,,,,,,,,,,,0%,,
0,0,0,0,00/01/1900,00/01/1900,00/01/1900,0,0,0,00/01/1900,00/01/1900,0,0,00/01/1900,00/01/1900,0,0,,,,,,,,,,,,,,,,,,,,,,,,,0%,,
0,0,0,0,00/01/1900,00/01/1900,00/01/1900,0,0,0,00/01/1900,00/01/1900,0,0,00/01/1900,00/01/1900,0,0,,,,,,,,,,,,,,,,,,,,,,,,,0%,,
0,0,0,0,00/01/1900,00/01/1900,00/01/1900,0,0,0,00/01/1900,00/01/1900,0,0,00/01/1900,00/01/1900,0,0,,,,,,,,,,,,,,,,,,,,,,,,,0%,,
0,0,0,0,00/01/1900,00/01/1900,00/01/1900,0,0,0,00/01/1900,00/01/1900,0,0,00/01/1900,00/01/1900,0,0,,,,,,,,,,,,,,,,,,,,,,,,,0%,,
0,0,0,0,00/01/1900,00/01/1900,00/01/1900,0,0,0,00/01/1900,00/01/1900,0,0,00/01/1900,00/01/1900,0,0,,,,,,,,,,,,,,,,,,,,,,,,,0%,,
0,0,0,0,00/01/1900,00/01/1900,00/01/1900,0,0,0,00/01/1900,00/01/1900,0,0,00/01/1900,00/01/1900,0,0,,,,,,,,,,,,,,,,,,,,,,,,,0%,,
0,0,0,0,00/01/1900,00/01/1900,00/01/1900,0,0,0,00/01/1900,00/01/1900,0,0,00/01/1900,00/01/1900,0,0,,,,,,,,,,,,,,,,,,,,,,,,,0%,,
0,0,0,0,00/01/1900,00/01/1900,00/01/1900,0,0,0,00/01/1900,00/01/1900,0,0,00/01/1900,00/01/1900,0,0,,,,,,,,,,,,,,,,,,,,,,,,,0%,,
0,0,0,0,00/01/1900,00/01/1900,00/01/1900,0,0,0,00/01/1900,00/01/1900,0,0,00/01/1900,00/01/1900,0,0,,,,,,,,,,,,,,,,,,,,,,,,,0%,,
0,0,0,0,00/01/1900,00/01/1900,00/01/1900,0,0,0,00/01/1900,00/01/1900,0,0,00/01/1900,00/01/1900,0,0,,,,,,,,,,,,,,,,,,,,,,,,,0%,,
0,0,0,0,00/01/1900,00/01/1900,00/01/1900,0,0,0,00/01/1900,00/01/1900,0,0,00/01/1900,00/01/1900,0,0,,,,,,,,,,,,,,,,,,,,,,,,,0%,,
0,0,0,0,00/01/1900,00/01/1900,00/01/1900,0,0,0,00/01/1900,00/01/1900,0,0,00/01/1900,00/01/1900,0,0,,,,,,,,,,,,,,,,,,,,,,,,,0%,,
0,0,0,0,00/01/1900,00/01/1900,00/01/1900,0,0,0,00/01/1900,00/01/1900,0,0,00/01/1900,00/01/1900,0,0,,,,,,,,,,,,,,,,,,,,,,,,,0%,,
0,0,0,0,00/01/1900,00/01/1900,00/01/1900,0,0,0,00/01/1900,00/01/1900,0,0,00/01/1900,00/01/1900,0,0,,,,,,,,,,,,,,,,,,,,,,,,,0%,,
0,0,0,0,00/01/1900,00/01/1900,00/01/1900,0,0,0,00/01/1900,00/01/1900,0,0,00/01/1900,00/01/1900,0,0,,,,,,,,,,,,,,,,,,,,,,,,,0%,,
0,0,0,0,00/01/1900,00/01/1900,00/01/1900,0,0,0,00/01/1900,00/01/1900,0,0,00/01/1900,00/01/1900,0,0,,,,,,,,,,,,,,,,,,,,,,,,,0%,,
0,0,0,0,00/01/1900,00/01/1900,00/01/1900,0,0,0,00/01/1900,00/01/1900,0,0,00/01/1900,00/01/1900,0,0,,,,,,,,,,,,,,,,,,,,,,,,,0%,,
0,0,0,0,00/01/1900,00/01/1900,00/01/1900,0,0,0,00/01/1900,00/01/1900,0,0,00/01/1900,00/01/1900,0,0,,,,,,,,,,,,,,,,,,,,,,,,,0%,,
0,0,0,0,00/01/1900,00/01/1900,00/01/1900,0,0,0,00/01/1900,00/01/1900,0,0,00/01/1900,00/01/1900,0,0,,,,,,,,,,,,,,,,,,,,,,,,,0%,,
0,0,0,0,00/01/1900,00/01/1900,00/01/1900,0,0,0,00/01/1900,00/01/1900,0,0,00/01/1900,00/01/1900,0,0,,,,,,,,,,,,,,,,,,,,,,,,,0%,,
0,0,0,0,00/01/1900,00/01/1900,00/01/1900,0,0,0,00/01/1900,00/01/1900,0,0,00/01/1900,00/01/1900,0,0,,,,,,,,,,,,,,,,,,,,,,,,,0%,,
0,0,0,0,00/01/1900,00/01/1900,00/01/1900,0,0,0,00/01/1900,00/01/1900,0,0,00/01/1900,00/01/1900,0,0,,,,,,,,,,,,,,,,,,,,,,,,,0%,,
0,0,0,0,00/01/1900,00/01/1900,00/01/1900,0,0,0,00/01/1900,00/01/1900,0,0,00/01/1900,00/01/1900,0,0,,,,,,,,,,,,,,,,,,,,,,,,,0%,,
0,0,0,0,00/01/1900,00/01/1900,00/01/1900,0,0,0,00/01/1900,00/01/1900,0,0,00/01/1900,00/01/1900,0,0,,,,,,,,,,,,,,,,,,,,,,,,,0%,,
0,0,0,0,00/01/1900,00/01/1900,00/01/1900,0,0,0,00/01/1900,00/01/1900,0,0,00/01/1900,00/01/1900,0,0,,,,,,,,,,,,,,,,,,,,,,,,,0%,,
0,0,0,0,00/01/1900,00/01/1900,00/01/1900,0,0,0,00/01/1900,00/01/1900,0,0,00/01/1900,00/01/1900,0,0,,,,,,,,,,,,,,,,,,,,,,,,,0%,,
0,0,0,0,00/01/1900,00/01/1900,00/01/1900,0,0,0,00/01/1900,00/01/1900,0,0,00/01/1900,00/01/1900,0,0,,,,,,,,,,,,,,,,,,,,,,,,,0%,,
0,0,0,0,00/01/1900,00/01/1900,00/01/1900,0,0,0,00/01/1900,00/01/1900,0,0,00/01/1900,00/01/1900,0,0,,,,,,,,,,,,,,,,,,,,,,,,,0%,,
0,0,0,0,00/01/1900,00/01/1900,00/01/1900,0,0,0,00/01/1900,00/01/1900,0,0,00/01/1900,00/01/1900,0,0,,,,,,,,,,,,,,,,,,,,,,,,,0%,,
0,0,0,0,00/01/1900,00/01/1900,00/01/1900,0,0,0,00/01/1900,00/01/1900,0,0,00/01/1900,00/01/1900,0,0,,,,,,,,,,,,,,,,,,,,,,,,,0%,,
0,0,0,0,00/01/1900,00/01/1900,00/01/1900,0,0,0,00/01/1900,00/01/1900,0,0,00/01/1900,00/01/1900,0,0,,,,,,,,,,,,,,,,,,,,,,,,,0%,,
0,0,0,0,00/01/1900,00/01/1900,00/01/1900,0,0,0,00/01/1900,00/01/1900,0,0,00/01/1900,00/01/1900,0,0,,,,,,,,,,,,,,,,,,,,,,,,,0%,,
0,0,0,0,00/01/1900,00/01/1900,00/01/1900,0,0,0,00/01/1900,00/01/1900,0,0,00/01/1900,00/01/1900,0,0,,,,,,,,,,,,,,,,,,,,,,,,,0%,,
0,0,0,0,00/01/1900,00/01/1900,00/01/1900,0,0,0,00/01/1900,00/01/1900,0,0,00/01/1900,00/01/1900,0,0,,,,,,,,,,,,,,,,,,,,,,,,,0%,,
0,0,0,0,00/01/1900,00/01/1900,00/01/1900,0,0,0,00/01/1900,00/01/1900,0,0,00/01/1900,00/01/1900,0,0,,,,,,,,,,,,,,,,,,,,,,,,,0%,,
0,0,0,0,00/01/1900,00/01/1900,00/01/1900,0,0,0,00/01/1900,00/01/1900,0,0,00/01/1900,00/01/1900,0,0,,,,,,,,,,,,,,,,,,,,,,,,,0%,,
0,0,0,0,00/01/1900,00/01/1900,00/01/1900,0,0,0,00/01/1900,00/01/1900,0,0,00/01/1900,00/01/1900,0,0,,,,,,,,,,,,,,,,,,,,,,,,,0%,,
0,0,0,0,00/01/1900,00/01/1900,00/01/1900,0,0,0,00/01/1900,00/01/1900,0,0,00/01/1900,00/01/1900,0,0,,,,,,,,,,,,,,,,,,,,,,,,,0%,,
0,0,0,0,00/01/1900,00/01/1900,00/01/1900,0,0,0,00/01/1900,00/01/1900,0,0,00/01/1900,00/01/1900,0,0,,,,,,,,,,,,,,,,,,,,,,,,,0%,,
0,0,0,0,00/01/1900,00/01/1900,00/01/1900,0,0,0,00/01/1900,00/01/1900,0,0,00/01/1900,00/01/1900,0,0,,,,,,,,,,,,,,,,,,,,,,,,,0%,,
0,0,0,0,00/01/1900,00/01/1900,00/01/1900,0,0,0,00/01/1900,00/01/1900,0,0,00/01/1900,00/01/1900,0,0,,,,,,,,,,,,,,,,,,,,,,,,,0%,,
0,0,0,0,00/01/1900,00/01/1900,00/01/1900,0,0,0,00/01/1900,00/01/1900,0,0,00/01/1900,00/01/1900,0,0,,,,,,,,,,,,,,,,,,,,,,,,,0%,,
0,0,0,0,00/01/1900,00/01/1900,00/01/1900,0,0,0,00/01/1900,00/01/1900,0,0,00/01/1900,00/01/1900,0,0,,,,,,,,,,,,,,,,,,,,,,,,,0%,,
0,0,0,0,00/01/1900,00/01/1900,00/01/1900,0,0,0,00/01/1900,00/01/1900,0,0,00/01/1900,00/01/1900,0,0,,,,,,,,,,,,,,,,,,,,,,,,,0%,,
0,0,0,0,00/01/1900,00/01/1900,00/01/1900,0,0,0,00/01/1900,00/01/1900,0,0,00/01/1900,00/01/1900,0,0,,,,,,,,,,,,,,,,,,,,,,,,,0%,,
0,0,0,0,00/01/1900,00/01/1900,00/01/1900,0,0,0,00/01/1900,00/01/1900,0,0,00/01/1900,00/01/1900,0,0,,,,,,,,,,,,,,,,,,,,,,,,,0%,,
0,0,0,0,00/01/1900,00/01/1900,00/01/1900,0,0,0,00/01/1900,00/01/1900,0,0,00/01/1900,00/01/1900,0,0,,,,,,,,,,,,,,,,,,,,,,,,,0%,,
0,0,0,0,00/01/1900,00/01/1900,00/01/1900,0,0,0,00/01/1900,00/01/1900,0,0,00/01/1900,00/01/1900,0,0,,,,,,,,,,,,,,,,,,,,,,,,,0%,,
0,0,0,0,00/01/1900,00/01/1900,00/01/1900,0,0,0,00/01/1900,00/01/1900,0,0,00/01/1900,00/01/1900,0,0,,,,,,,,,,,,,,,,,,,,,,,,,0%,,
0,0,0,0,00/01/1900,00/01/1900,00/01/1900,0,0,0,00/01/1900,00/01/1900,0,0,00/01/1900,00/01/1900,0,0,,,,,,,,,,,,,,,,,,,,,,,,,0%,,
0,0,0,0,00/01/1900,00/01/1900,00/01/1900,0,0,0,00/01/1900,00/01/1900,0,0,00/01/1900,00/01/1900,0,0,,,,,,,,,,,,,,,,,,,,,,,,,0%,,
0,0,0,0,00/01/1900,00/01/1900,00/01/1900,0,0,0,00/01/1900,00/01/1900,0,0,00/01/1900,00/01/1900,0,0,,,,,,,,,,,,,,,,,,,,,,,,,0%,,
0,0,0,0,00/01/1900,00/01/1900,00/01/1900,0,0,0,00/01/1900,00/01/1900,0,0,00/01/1900,00/01/1900,0,0,,,,,,,,,,,,,,,,,,,,,,,,,0%,,
0,0,0,0,00/01/1900,00/01/1900,00/01/1900,0,0,0,00/01/1900,00/01/1900,0,0,00/01/1900,00/01/1900,0,0,,,,,,,,,,,,,,,,,,,,,,,,,0%,,
0,0,0,0,00/01/1900,00/01/1900,00/01/1900,0,0,0,00/01/1900,00/01/1900,0,0,00/01/1900,00/01/1900,0,0,,,,,,,,,,,,,,,,,,,,,,,,,0%,,
0,0,0,0,00/01/1900,00/01/1900,00/01/1900,0,0,0,00/01/1900,00/01/1900,0,0,00/01/1900,00/01/1900,0,0,,,,,,,,,,,,,,,,,,,,,,,,,0%,,
0,0,0,0,00/01/1900,00/01/1900,00/01/1900,0,0,0,00/01/1900,00/01/1900,0,0,00/01/1900,00/01/1900,0,0,,,,,,,,,,,,,,,,,,,,,,,,,0%,,
0,0,0,0,00/01/1900,00/01/1900,00/01/1900,0,0,0,00/01/1900,00/01/1900,0,0,00/01/1900,00/01/1900,0,0,,,,,,,,,,,,,,,,,,,,,,,,,0%,,
0,0,0,0,00/01/1900,00/01/1900,00/01/1900,0,0,0,00/01/1900,00/01/1900,0,0,00/01/1900,00/01/1900,0,0,,,,,,,,,,,,,,,,,,,,,,,,,0%,,
0,0,0,0,00/01/1900,00/01/1900,00/01/1900,0,0,0,00/01/1900,00/01/1900,0,0,00/01/1900,00/01/1900,0,0,,,,,,,,,,,,,,,,,,,,,,,,,0%,,
0,0,0,0,00/01/1900,00/01/1900,00/01/1900,0,0,0,00/01/1900,00/01/1900,0,0,00/01/1900,00/01/1900,0,0,,,,,,,,,,,,,,,,,,,,,,,,,0%,,
0,0,0,0,00/01/1900,00/01/1900,00/01/1900,0,0,0,00/01/1900,00/01/1900,0,0,00/01/1900,00/01/1900,0,0,,,,,,,,,,,,,,,,,,,,,,,,,0%,,
0,0,0,0,00/01/1900,00/01/1900,00/01/1900,0,0,0,00/01/1900,00/01/1900,0,0,00/01/1900,00/01/1900,0,0,,,,,,,,,,,,,,,,,,,,,,,,,0%,,
0,0,0,0,00/01/1900,00/01/1900,00/01/1900,0,0,0,00/01/1900,00/01/1900,0,0,00/01/1900,00/01/1900,0,0,,,,,,,,,,,,,,,,,,,,,,,,,0%,,
0,0,0,0,00/01/1900,00/01/1900,00/01/1900,0,0,0,00/01/1900,00/01/1900,0,0,00/01/1900,00/01/1900,0,0,,,,,,,,,,,,,,,,,,,,,,,,,0%,,
0,0,0,0,00/01/1900,00/01/1900,00/01/1900,0,0,0,00/01/1900,00/01/1900,0,0,00/01/1900,00/01/1900,0,0,,,,,,,,,,,,,,,,,,,,,,,,,0%,,
0,0,0,0,00/01/1900,00/01/1900,00/01/1900,0,0,0,00/01/1900,00/01/1900,0,0,00/01/1900,00/01/1900,0,0,,,,,,,,,,,,,,,,,,,,,,,,,0%,,
0,0,0,0,00/01/1900,00/01/1900,00/01/1900,0,0,0,00/01/1900,00/01/1900,0,0,00/01/1900,00/01/1900,0,0,,,,,,,,,,,,,,,,,,,,,,,,,0%,,
0,0,0,0,00/01/1900,00/01/1900,00/01/1900,0,0,0,00/01/1900,00/01/1900,0,0,00/01/1900,00/01/1900,0,0,,,,,,,,,,,,,,,,,,,,,,,,,0%,,
0,0,0,0,00/01/1900,00/01/1900,00/01/1900,0,0,0,00/01/1900,00/01/1900,0,0,00/01/1900,00/01/1900,0,0,,,,,,,,,,,,,,,,,,,,,,,,,0%,,
0,0,0,0,00/01/1900,00/01/1900,00/01/1900,0,0,0,00/01/1900,00/01/1900,0,0,00/01/1900,00/01/1900,0,0,,,,,,,,,,,,,,,,,,,,,,,,,0%,,
0,0,0,0,00/01/1900,00/01/1900,00/01/1900,0,0,0,00/01/1900,00/01/1900,0,0,00/01/1900,00/01/1900,0,0,,,,,,,,,,,,,,,,,,,,,,,,,0%,,
0,0,0,0,00/01/1900,00/01/1900,00/01/1900,0,0,0,00/01/1900,00/01/1900,0,0,00/01/1900,00/01/1900,0,0,,,,,,,,,,,,,,,,,,,,,,,,,0%,,
0,0,0,0,00/01/1900,00/01/1900,00/01/1900,0,0,0,00/01/1900,00/01/1900,0,0,00/01/1900,00/01/1900,0,0,,,,,,,,,,,,,,,,,,,,,,,,,0%,,
0,0,0,0,00/01/1900,00/01/1900,00/01/1900,0,0,0,00/01/1900,00/01/1900,0,0,00/01/1900,00/01/1900,0,0,,,,,,,,,,,,,,,,,,,,,,,,,0%,,
0,0,0,0,00/01/1900,00/01/1900,00/01/1900,0,0,0,00/01/1900,00/01/1900,0,0,00/01/1900,00/01/1900,0,0,,,,,,,,,,,,,,,,,,,,,,,,,0%,,
0,0,0,0,00/01/1900,00/01/1900,00/01/1900,0,0,0,00/01/1900,00/01/1900,0,0,00/01/1900,00/01/1900,0,0,,,,,,,,,,,,,,,,,,,,,,,,,0%,,
0,0,0,0,00/01/1900,00/01/1900,00/01/1900,0,0,0,00/01/1900,00/01/1900,0,0,00/01/1900,00/01/1900,0,0,,,,,,,,,,,,,,,,,,,,,,,,,0%,,
0,0,0,0,00/01/1900,00/01/1900,00/01/1900,0,0,0,00/01/1900,00/01/1900,0,0,00/01/1900,00/01/1900,0,0,,,,,,,,,,,,,,,,,,,,,,,,,0%,,
0,0,0,0,00/01/1900,00/01/1900,00/01/1900,0,0,0,00/01/1900,00/01/1900,0,0,00/01/1900,00/01/1900,0,0,,,,,,,,,,,,,,,,,,,,,,,,,0%,,
0,0,0,0,00/01/1900,00/01/1900,00/01/1900,0,0,0,00/01/1900,00/01/1900,0,0,00/01/1900,00/01/1900,0,0,,,,,,,,,,,,,,,,,,,,,,,,,0%,,
0,0,0,0,00/01/1900,00/01/1900,00/01/1900,0,0,0,00/01/1900,00/01/1900,0,0,00/01/1900,00/01/1900,0,0,,,,,,,,,,,,,,,,,,,,,,,,,0%,,
0,0,0,0,00/01/1900,00/01/1900,00/01/1900,0,0,0,00/01/1900,00/01/1900,0,0,00/01/1900,00/01/1900,0,0,,,,,,,,,,,,,,,,,,,,,,,,,0%,,
0,0,0,0,00/01/1900,00/01/1900,00/01/1900,0,0,0,00/01/1900,00/01/1900,0,0,00/01/1900,00/01/1900,0,0,,,,,,,,,,,,,,,,,,,,,,,,,0%,,
0,0,0,0,00/01/1900,00/01/1900,00/01/1900,0,0,0,00/01/1900,00/01/1900,0,0,00/01/1900,00/01/1900,0,0,,,,,,,,,,,,,,,,,,,,,,,,,0%,,
0,0,0,0,00/01/1900,00/01/1900,00/01/1900,0,0,0,00/01/1900,00/01/1900,0,0,00/01/1900,00/01/1900,0,0,,,,,,,,,,,,,,,,,,,,,,,,,0%,,
0,0,0,0,00/01/1900,00/01/1900,00/01/1900,0,0,0,00/01/1900,00/01/1900,0,0,00/01/1900,00/01/1900,0,0,,,,,,,,,,,,,,,,,,,,,,,,,0%,,
0,0,0,0,00/01/1900,00/01/1900,00/01/1900,0,0,0,00/01/1900,00/01/1900,0,0,00/01/1900,00/01/1900,0,0,,,,,,,,,,,,,,,,,,,,,,,,,0%,,
0,0,0,0,00/01/1900,00/01/1900,00/01/1900,0,0,0,00/01/1900,00/01/1900,0,0,00/01/1900,00/01/1900,0,0,,,,,,,,,,,,,,,,,,,,,,,,,0%,,
0,0,0,0,00/01/1900,00/01/1900,00/01/1900,0,0,0,00/01/1900,00/01/1900,0,0,00/01/1900,00/01/1900,0,0,,,,,,,,,,,,,,,,,,,,,,,,,0%,,
0,0,0,0,00/01/1900,00/01/1900,00/01/1900,0,0,0,00/01/1900,00/01/1900,0,0,00/01/1900,00/01/1900,0,0,,,,,,,,,,,,,,,,,,,,,,,,,0%,,
0,0,0,0,00/01/1900,00/01/1900,00/01/1900,0,0,0,00/01/1900,00/01/1900,0,0,00/01/1900,00/01/1900,0,0,,,,,,,,,,,,,,,,,,,,,,,,,0%,,
0,0,0,0,00/01/1900,00/01/1900,00/01/1900,0,0,0,00/01/1900,00/01/1900,0,0,00/01/1900,00/01/1900,0,0,,,,,,,,,,,,,,,,,,,,,,,,,0%,,
0,0,0,0,00/01/1900,00/01/1900,00/01/1900,0,0,0,00/01/1900,00/01/1900,0,0,00/01/1900,00/01/1900,0,0,,,,,,,,,,,,,,,,,,,,,,,,,0%,,
0,0,0,0,00/01/1900,00/01/1900,00/01/1900,0,0,0,00/01/1900,00/01/1900,0,0,00/01/1900,00/01/1900,0,0,,,,,,,,,,,,,,,,,,,,,,,,,0%,,
0,0,0,0,00/01/1900,00/01/1900,00/01/1900,0,0,0,00/01/1900,00/01/1900,0,0,00/01/1900,00/01/1900,0,0,,,,,,,,,,,,,,,,,,,,,,,,,0%,,
0,0,0,0,00/01/1900,00/01/1900,00/01/1900,0,0,0,00/01/1900,00/01/1900,0,0,00/01/1900,00/01/1900,0,0,,,,,,,,,,,,,,,,,,,,,,,,,0%,,
0,0,0,0,00/01/1900,00/01/1900,00/01/1900,0,0,0,00/01/1900,00/01/1900,0,0,00/01/1900,00/01/1900,0,0,,,,,,,,,,,,,,,,,,,,,,,,,0%,,
0,0,0,0,00/01/1900,00/01/1900,00/01/1900,0,0,0,00/01/1900,00/01/1900,0,0,00/01/1900,00/01/1900,0,0,,,,,,,,,,,,,,,,,,,,,,,,,0%,,
0,0,0,0,00/01/1900,00/01/1900,00/01/1900,0,0,0,00/01/1900,00/01/1900,0,0,00/01/1900,00/01/1900,0,0,,,,,,,,,,,,,,,,,,,,,,,,,0%,,
0,0,0,0,00/01/1900,00/01/1900,00/01/1900,0,0,0,00/01/1900,00/01/1900,0,0,00/01/1900,00/01/1900,0,0,,,,,,,,,,,,,,,,,,,,,,,,,0%,,
0,0,0,0,00/01/1900,00/01/1900,00/01/1900,0,0,0,00/01/1900,00/01/1900,0,0,00/01/1900,00/01/1900,0,0,,,,,,,,,,,,,,,,,,,,,,,,,0%,,
0,0,0,0,00/01/1900,00/01/1900,00/01/1900,0,0,0,00/01/1900,00/01/1900,0,0,00/01/1900,00/01/1900,0,0,,,,,,,,,,,,,,,,,,,,,,,,,0%,,
0,0,0,0,00/01/1900,00/01/1900,00/01/1900,0,0,0,00/01/1900,00/01/1900,0,0,00/01/1900,00/01/1900,0,0,,,,,,,,,,,,,,,,,,,,,,,,,0%,,
0,0,0,0,00/01/1900,00/01/1900,00/01/1900,0,0,0,00/01/1900,00/01/1900,0,0,00/01/1900,00/01/1900,0,0,,,,,,,,,,,,,,,,,,,,,,,,,0%,,
0,0,0,0,00/01/1900,00/01/1900,00/01/1900,0,0,0,00/01/1900,00/01/1900,0,0,00/01/1900,00/01/1900,0,0,,,,,,,,,,,,,,,,,,,,,,,,,0%,,
0,0,0,0,00/01/1900,00/01/1900,00/01/1900,0,0,0,00/01/1900,00/01/1900,0,0,00/01/1900,00/01/1900,0,0,,,,,,,,,,,,,,,,,,,,,,,,,0%,,
0,0,0,0,00/01/1900,00/01/1900,00/01/1900,0,0,0,00/01/1900,00/01/1900,0,0,00/01/1900,00/01/1900,0,0,,,,,,,,,,,,,,,,,,,,,,,,,0%,,
0,0,0,0,00/01/1900,00/01/1900,00/01/1900,0,0,0,00/01/1900,00/01/1900,0,0,00/01/1900,00/01/1900,0,0,,,,,,,,,,,,,,,,,,,,,,,,,0%,,
0,0,0,0,00/01/1900,00/01/1900,00/01/1900,0,0,0,00/01/1900,00/01/1900,0,0,00/01/1900,00/01/1900,0,0,,,,,,,,,,,,,,,,,,,,,,,,,0%,,
0,0,0,0,00/01/1900,00/01/1900,00/01/1900,0,0,0,00/01/1900,00/01/1900,0,0,00/01/1900,00/01/1900,0,0,,,,,,,,,,,,,,,,,,,,,,,,,0%,,
0,0,0,0,00/01/1900,00/01/1900,00/01/1900,0,0,0,00/01/1900,00/01/1900,0,0,00/01/1900,00/01/1900,0,0,,,,,,,,,,,,,,,,,,,,,,,,,0%,,
0,0,0,0,00/01/1900,00/01/1900,00/01/1900,0,0,0,00/01/1900,00/01/1900,0,0,00/01/1900,00/01/1900,0,0,,,,,,,,,,,,,,,,,,,,,,,,,0%,,
0,0,0,0,00/01/1900,00/01/1900,00/01/1900,0,0,0,00/01/1900,00/01/1900,0,0,00/01/1900,00/01/1900,0,0,,,,,,,,,,,,,,,,,,,,,,,,,0%,,
0,0,0,0,00/01/1900,00/01/1900,00/01/1900,0,0,0,00/01/1900,00/01/1900,0,0,00/01/1900,00/01/1900,0,0,,,,,,,,,,,,,,,,,,,,,,,,,0%,,
0,0,0,0,00/01/1900,00/01/1900,00/01/1900,0,0,0,00/01/1900,00/01/1900,0,0,00/01/1900,00/01/1900,0,0,,,,,,,,,,,,,,,,,,,,,,,,,0%,,
0,0,0,0,00/01/1900,00/01/1900,00/01/1900,0,0,0,00/01/1900,00/01/1900,0,0,00/01/1900,00/01/1900,0,0,,,,,,,,,,,,,,,,,,,,,,,,,0%,,
0,0,0,0,00/01/1900,00/01/1900,00/01/1900,0,0,0,00/01/1900,00/01/1900,0,0,00/01/1900,00/01/1900,0,0,,,,,,,,,,,,,,,,,,,,,,,,,0%,,
0,0,0,0,00/01/1900,00/01/1900,00/01/1900,0,0,0,00/01/1900,00/01/1900,0,0,00/01/1900,00/01/1900,0,0,,,,,,,,,,,,,,,,,,,,,,,,,0%,,
0,0,0,0,00/01/1900,00/01/1900,00/01/1900,0,0,0,00/01/1900,00/01/1900,0,0,00/01/1900,00/01/1900,0,0,,,,,,,,,,,,,,,,,,,,,,,,,0%,,
0,0,0,0,00/01/1900,00/01/1900,00/01/1900,0,0,0,00/01/1900,00/01/1900,0,0,00/01/1900,00/01/1900,0,0,,,,,,,,,,,,,,,,,,,,,,,,,0%,,
0,0,0,0,00/01/1900,00/01/1900,00/01/1900,0,0,0,00/01/1900,00/01/1900,0,0,00/01/1900,00/01/1900,0,0,,,,,,,,,,,,,,,,,,,,,,,,,0%,,
0,0,0,0,00/01/1900,00/01/1900,00/01/1900,0,0,0,00/01/1900,00/01/1900,0,0,00/01/1900,00/01/1900,0,0,,,,,,,,,,,,,,,,,,,,,,,,,0%,,
0,0,0,0,00/01/1900,00/01/1900,00/01/1900,0,0,0,00/01/1900,00/01/1900,0,0,00/01/1900,00/01/1900,0,0,,,,,,,,,,,,,,,,,,,,,,,,,0%,,
0,0,0,0,00/01/1900,00/01/1900,00/01/1900,0,0,0,00/01/1900,00/01/1900,0,0,00/01/1900,00/01/1900,0,0,,,,,,,,,,,,,,,,,,,,,,,,,0%,,
0,0,0,0,00/01/1900,00/01/1900,00/01/1900,0,0,0,00/01/1900,00/01/1900,0,0,00/01/1900,00/01/1900,0,0,,,,,,,,,,,,,,,,,,,,,,,,,0%,,
0,0,0,0,00/01/1900,00/01/1900,00/01/1900,0,0,0,00/01/1900,00/01/1900,0,0,00/01/1900,00/01/1900,0,0,,,,,,,,,,,,,,,,,,,,,,,,,0%,,
0,0,0,0,00/01/1900,00/01/1900,00/01/1900,0,0,0,00/01/1900,00/01/1900,0,0,00/01/1900,00/01/1900,0,0,,,,,,,,,,,,,,,,,,,,,,,,,0%,,
0,0,0,0,00/01/1900,00/01/1900,00/01/1900,0,0,0,00/01/1900,00/01/1900,0,0,00/01/1900,00/01/1900,0,0,,,,,,,,,,,,,,,,,,,,,,,,,0%,,
0,0,0,0,00/01/1900,00/01/1900,00/01/1900,0,0,0,00/01/1900,00/01/1900,0,0,00/01/1900,00/01/1900,0,0,,,,,,,,,,,,,,,,,,,,,,,,,0%,,
0,0,0,0,00/01/1900,00/01/1900,00/01/1900,0,0,0,00/01/1900,00/01/1900,0,0,00/01/1900,00/01/1900,0,0,,,,,,,,,,,,,,,,,,,,,,,,,0%,,
0,0,0,0,00/01/1900,00/01/1900,00/01/1900,0,0,0,00/01/1900,00/01/1900,0,0,00/01/1900,00/01/1900,0,0,,,,,,,,,,,,,,,,,,,,,,,,,0%,,
0,0,0,0,00/01/1900,00/01/1900,00/01/1900,0,0,0,00/01/1900,00/01/1900,0,0,00/01/1900,00/01/1900,0,0,,,,,,,,,,,,,,,,,,,,,,,,,0%,,
0,0,0,0,00/01/1900,00/01/1900,00/01/1900,0,0,0,00/01/1900,00/01/1900,0,0,00/01/1900,00/01/1900,0,0,,,,,,,,,,,,,,,,,,,,,,,,,0%,,
0,0,0,0,00/01/1900,00/01/1900,00/01/1900,0,0,0,00/01/1900,00/01/1900,0,0,00/01/1900,00/01/1900,0,0,,,,,,,,,,,,,,,,,,,,,,,,,0%,,
0,0,0,0,00/01/1900,00/01/1900,00/01/1900,0,0,0,00/01/1900,00/01/1900,0,0,00/01/1900,00/01/1900,0,0,,,,,,,,,,,,,,,,,,,,,,,,,0%,,
0,0,0,0,00/01/1900,00/01/1900,00/01/1900,0,0,0,00/01/1900,00/01/1900,0,0,00/01/1900,00/01/1900,0,0,,,,,,,,,,,,,,,,,,,,,,,,,0%,,
0,0,0,0,00/01/1900,00/01/1900,00/01/1900,0,0,0,00/01/1900,00/01/1900,0,0,00/01/1900,00/01/1900,0,0,,,,,,,,,,,,,,,,,,,,,,,,,0%,,
0,0,0,0,00/01/1900,00/01/1900,00/01/1900,0,0,0,00/01/1900,00/01/1900,0,0,00/01/1900,00/01/1900,0,0,,,,,,,,,,,,,,,,,,,,,,,,,0%,,
0,0,0,0,00/01/1900,00/01/1900,00/01/1900,0,0,0,00/01/1900,00/01/1900,0,0,00/01/1900,00/01/1900,0,0,,,,,,,,,,,,,,,,,,,,,,,,,0%,,
0,0,0,0,00/01/1900,00/01/1900,00/01/1900,0,0,0,00/01/1900,00/01/1900,0,0,00/01/1900,00/01/1900,0,0,,,,,,,,,,,,,,,,,,,,,,,,,0%,,
0,0,0,0,00/01/1900,00/01/1900,00/01/1900,0,0,0,00/01/1900,00/01/1900,0,0,00/01/1900,00/01/1900,0,0,,,,,,,,,,,,,,,,,,,,,,,,,0%,,
0,0,0,0,00/01/1900,00/01/1900,00/01/1900,0,0,0,00/01/1900,00/01/1900,0,0,00/01/1900,00/01/1900,0,0,,,,,,,,,,,,,,,,,,,,,,,,,0%,,
0,0,0,0,00/01/1900,00/01/1900,00/01/1900,0,0,0,00/01/1900,00/01/1900,0,0,00/01/1900,00/01/1900,0,0,,,,,,,,,,,,,,,,,,,,,,,,,0%,,
0,0,0,0,00/01/1900,00/01/1900,00/01/1900,0,0,0,00/01/1900,00/01/1900,0,0,00/01/1900,00/01/1900,0,0,,,,,,,,,,,,,,,,,,,,,,,,,0%,,
0,0,0,0,00/01/1900,00/01/1900,00/01/1900,0,0,0,00/01/1900,00/01/1900,0,0,00/01/1900,00/01/1900,0,0,,,,,,,,,,,,,,,,,,,,,,,,,0%,,
0,0,0,0,00/01/1900,00/01/1900,00/01/1900,0,0,0,00/01/1900,00/01/1900,0,0,00/01/1900,00/01/1900,0,0,,,,,,,,,,,,,,,,,,,,,,,,,0%,,
0,0,0,0,00/01/1900,00/01/1900,00/01/1900,0,0,0,00/01/1900,00/01/1900,0,0,00/01/1900,00/01/1900,0,0,,,,,,,,,,,,,,,,,,,,,,,,,0%,,
0,0,0,0,00/01/1900,00/01/1900,00/01/1900,0,0,0,00/01/1900,00/01/1900,0,0,00/01/1900,00/01/1900,0,0,,,,,,,,,,,,,,,,,,,,,,,,,0%,,
0,0,0,0,00/01/1900,00/01/1900,00/01/1900,0,0,0,00/01/1900,00/01/1900,0,0,00/01/1900,00/01/1900,0,0,,,,,,,,,,,,,,,,,,,,,,,,,0%,,
0,0,0,0,00/01/1900,00/01/1900,00/01/1900,0,0,0,00/01/1900,00/01/1900,0,0,00/01/1900,00/01/1900,0,0,,,,,,,,,,,,,,,,,,,,,,,,,0%,,
0,0,0,0,00/01/1900,00/01/1900,00/01/1900,0,0,0,00/01/1900,00/01/1900,0,0,00/01/1900,00/01/1900,0,0,,,,,,,,,,,,,,,,,,,,,,,,,0%,,
0,0,0,0,00/01/1900,00/01/1900,00/01/1900,0,0,0,00/01/1900,00/01/1900,0,0,00/01/1900,00/01/1900,0,0,,,,,,,,,,,,,,,,,,,,,,,,,0%,,
0,0,0,0,00/01/1900,00/01/1900,00/01/1900,0,0,0,00/01/1900,00/01/1900,0,0,00/01/1900,00/01/1900,0,0,,,,,,,,,,,,,,,,,,,,,,,,,0%,,
0,0,0,0,00/01/1900,00/01/1900,00/01/1900,0,0,0,00/01/1900,00/01/1900,0,0,00/01/1900,00/01/1900,0,0,,,,,,,,,,,,,,,,,,,,,,,,,0%,,
0,0,0,0,00/01/1900,00/01/1900,00/01/1900,0,0,0,00/01/1900,00/01/1900,0,0,00/01/1900,00/01/1900,0,0,,,,,,,,,,,,,,,,,,,,,,,,,0%,,
0,0,0,0,00/01/1900,00/01/1900,00/01/1900,0,0,0,00/01/1900,00/01/1900,0,0,00/01/1900,00/01/1900,0,0,,,,,,,,,,,,,,,,,,,,,,,,,0%,,
0,0,0,0,00/01/1900,00/01/1900,00/01/1900,0,0,0,00/01/1900,00/01/1900,0,0,00/01/1900,00/01/1900,0,0,,,,,,,,,,,,,,,,,,,,,,,,,0%,,
0,0,0,0,00/01/1900,00/01/1900,00/01/1900,0,0,0,00/01/1900,00/01/1900,0,0,00/01/1900,00/01/1900,0,0,,,,,,,,,,,,,,,,,,,,,,,,,0%,,
0,0,0,0,00/01/1900,00/01/1900,00/01/1900,0,0,0,00/01/1900,00/01/1900,0,0,00/01/1900,00/01/1900,0,0,,,,,,,,,,,,,,,,,,,,,,,,,0%,,
0,0,0,0,00/01/1900,00/01/1900,00/01/1900,0,0,0,00/01/1900,00/01/1900,0,0,00/01/1900,00/01/1900,0,0,,,,,,,,,,,,,,,,,,,,,,,,,0%,,
0,0,0,0,00/01/1900,00/01/1900,00/01/1900,0,0,0,00/01/1900,00/01/1900,0,0,00/01/1900,00/01/1900,0,0,,,,,,,,,,,,,,,,,,,,,,,,,0%,,
0,0,0,0,00/01/1900,00/01/1900,00/01/1900,0,0,0,00/01/1900,00/01/1900,0,0,00/01/1900,00/01/1900,0,0,,,,,,,,,,,,,,,,,,,,,,,,,0%,,
0,0,0,0,00/01/1900,00/01/1900,00/01/1900,0,0,0,00/01/1900,00/01/1900,0,0,00/01/1900,00/01/1900,0,0,,,,,,,,,,,,,,,,,,,,,,,,,0%,,
0,0,0,0,00/01/1900,00/01/1900,00/01/1900,0,0,0,00/01/1900,00/01/1900,0,0,00/01/1900,00/01/1900,0,0,,,,,,,,,,,,,,,,,,,,,,,,,0%,,
0,0,0,0,00/01/1900,00/01/1900,00/01/1900,0,0,0,00/01/1900,00/01/1900,0,0,00/01/1900,00/01/1900,0,0,,,,,,,,,,,,,,,,,,,,,,,,,0%,,
0,0,0,0,00/01/1900,00/01/1900,00/01/1900,0,0,0,00/01/1900,00/01/1900,0,0,00/01/1900,00/01/1900,0,0,,,,,,,,,,,,,,,,,,,,,,,,,0%,,
0,0,0,0,00/01/1900,00/01/1900,00/01/1900,0,0,0,00/01/1900,00/01/1900,0,0,00/01/1900,00/01/1900,0,0,,,,,,,,,,,,,,,,,,,,,,,,,0%,,
0,0,0,0,00/01/1900,00/01/1900,00/01/1900,0,0,0,00/01/1900,00/01/1900,0,0,00/01/1900,00/01/1900,0,0,,,,,,,,,,,,,,,,,,,,,,,,,0%,,
0,0,0,0,00/01/1900,00/01/1900,00/01/1900,0,0,0,00/01/1900,00/01/1900,0,0,00/01/1900,00/01/1900,0,0,,,,,,,,,,,,,,,,,,,,,,,,,0%,,
0,0,0,0,00/01/1900,00/01/1900,00/01/1900,0,0,0,00/01/1900,00/01/1900,0,0,00/01/1900,00/01/1900,0,0,,,,,,,,,,,,,,,,,,,,,,,,,0%,,
0,0,0,0,00/01/1900,00/01/1900,00/01/1900,0,0,0,00/01/1900,00/01/1900,0,0,00/01/1900,00/01/1900,0,0,,,,,,,,,,,,,,,,,,,,,,,,,0%,,
0,0,0,0,00/01/1900,00/01/1900,00/01/1900,0,0,0,00/01/1900,00/01/1900,0,0,00/01/1900,00/01/1900,0,0,,,,,,,,,,,,,,,,,,,,,,,,,0%,,
0,0,0,0,00/01/1900,00/01/1900,00/01/1900,0,0,0,00/01/1900,00/01/1900,0,0,00/01/1900,00/01/1900,0,0,,,,,,,,,,,,,,,,,,,,,,,,,0%,,
0,0,0,0,00/01/1900,00/01/1900,00/01/1900,0,0,0,00/01/1900,00/01/1900,0,0,00/01/1900,00/01/1900,0,0,,,,,,,,,,,,,,,,,,,,,,,,,0%,,
0,0,0,0,00/01/1900,00/01/1900,00/01/1900,0,0,0,00/01/1900,00/01/1900,0,0,00/01/1900,00/01/1900,0,0,,,,,,,,,,,,,,,,,,,,,,,,,0%,,
0,0,0,0,00/01/1900,00/01/1900,00/01/1900,0,0,0,00/01/1900,00/01/1900,0,0,00/01/1900,00/01/1900,0,0,,,,,,,,,,,,,,,,,,,,,,,,,0%,,
0,0,0,0,00/01/1900,00/01/1900,00/01/1900,0,0,0,00/01/1900,00/01/1900,0,0,00/01/1900,00/01/1900,0,0,,,,,,,,,,,,,,,,,,,,,,,,,0%,,
0,0,0,0,00/01/1900,00/01/1900,00/01/1900,0,0,0,00/01/1900,00/01/1900,0,0,00/01/1900,00/01/1900,0,0,,,,,,,,,,,,,,,,,,,,,,,,,0%,,
0,0,0,0,00/01/1900,00/01/1900,00/01/1900,0,0,0,00/01/1900,00/01/1900,0,0,00/01/1900,00/01/1900,0,0,,,,,,,,,,,,,,,,,,,,,,,,,0%,,
0,0,0,0,00/01/1900,00/01/1900,00/01/1900,0,0,0,00/01/1900,00/01/1900,0,0,00/01/1900,00/01/1900,0,0,,,,,,,,,,,,,,,,,,,,,,,,,0%,,
0,0,0,0,00/01/1900,00/01/1900,00/01/1900,0,0,0,00/01/1900,00/01/1900,0,0,00/01/1900,00/01/1900,0,0,,,,,,,,,,,,,,,,,,,,,,,,,0%,,
0,0,0,0,00/01/1900,00/01/1900,00/01/1900,0,0,0,00/01/1900,00/01/1900,0,0,00/01/1900,00/01/1900,0,0,,,,,,,,,,,,,,,,,,,,,,,,,0%,,
0,0,0,0,00/01/1900,00/01/1900,00/01/1900,0,0,0,00/01/1900,00/01/1900,0,0,00/01/1900,00/01/1900,0,0,,,,,,,,,,,,,,,,,,,,,,,,,0%,,
0,0,0,0,00/01/1900,00/01/1900,00/01/1900,0,0,0,00/01/1900,00/01/1900,0,0,00/01/1900,00/01/1900,0,0,,,,,,,,,,,,,,,,,,,,,,,,,0%,,
0,0,0,0,00/01/1900,00/01/1900,00/01/1900,0,0,0,00/01/1900,00/01/1900,0,0,00/01/1900,00/01/1900,0,0,,,,,,,,,,,,,,,,,,,,,,,,,0%,,
0,0,0,0,00/01/1900,00/01/1900,00/01/1900,0,0,0,00/01/1900,00/01/1900,0,0,00/01/1900,00/01/1900,0,0,,,,,,,,,,,,,,,,,,,,,,,,,0%,,
0,0,0,0,00/01/1900,00/01/1900,00/01/1900,0,0,0,00/01/1900,00/01/1900,0,0,00/01/1900,00/01/1900,0,0,,,,,,,,,,,,,,,,,,,,,,,,,0%,,
0,0,0,0,00/01/1900,00/01/1900,00/01/1900,0,0,0,00/01/1900,00/01/1900,0,0,00/01/1900,00/01/1900,0,0,,,,,,,,,,,,,,,,,,,,,,,,,0%,,
0,0,0,0,00/01/1900,00/01/1900,00/01/1900,0,0,0,00/01/1900,00/01/1900,0,0,00/01/1900,00/01/1900,0,0,,,,,,,,,,,,,,,,,,,,,,,,,0%,,
0,0,0,0,00/01/1900,00/01/1900,00/01/1900,0,0,0,00/01/1900,00/01/1900,0,0,00/01/1900,00/01/1900,0,0,,,,,,,,,,,,,,,,,,,,,,,,,0%,,
0,0,0,0,00/01/1900,00/01/1900,00/01/1900,0,0,0,00/01/1900,00/01/1900,0,0,00/01/1900,00/01/1900,0,0,,,,,,,,,,,,,,,,,,,,,,,,,0%,,
0,0,0,0,00/01/1900,00/01/1900,00/01/1900,0,0,0,00/01/1900,00/01/1900,0,0,00/01/1900,00/01/1900,0,0,,,,,,,,,,,,,,,,,,,,,,,,,0%,,
0,0,0,0,00/01/1900,00/01/1900,00/01/1900,0,0,0,00/01/1900,00/01/1900,0,0,00/01/1900,00/01/1900,0,0,,,,,,,,,,,,,,,,,,,,,,,,,0%,,
0,0,0,0,00/01/1900,00/01/1900,00/01/1900,0,0,0,00/01/1900,00/01/1900,0,0,00/01/1900,00/01/1900,0,0,,,,,,,,,,,,,,,,,,,,,,,,,0%,,
0,0,0,0,00/01/1900,00/01/1900,00/01/1900,0,0,0,00/01/1900,00/01/1900,0,0,00/01/1900,00/01/1900,0,0,,,,,,,,,,,,,,,,,,,,,,,,,0%,,
0,0,0,0,00/01/1900,00/01/1900,00/01/1900,0,0,0,00/01/1900,00/01/1900,0,0,00/01/1900,00/01/1900,0,0,,,,,,,,,,,,,,,,,,,,,,,,,0%,,
0,0,0,0,00/01/1900,00/01/1900,00/01/1900,0,0,0,00/01/1900,00/01/1900,0,0,00/01/1900,00/01/1900,0,0,,,,,,,,,,,,,,,,,,,,,,,,,0%,,
0,0,0,0,00/01/1900,00/01/1900,00/01/1900,0,0,0,00/01/1900,00/01/1900,0,0,00/01/1900,00/01/1900,0,0,,,,,,,,,,,,,,,,,,,,,,,,,0%,,
0,0,0,0,00/01/1900,00/01/1900,00/01/1900,0,0,0,00/01/1900,00/01/1900,0,0,00/01/1900,00/01/1900,0,0,,,,,,,,,,,,,,,,,,,,,,,,,0%,,
0,0,0,0,00/01/1900,00/01/1900,00/01/1900,0,0,0,00/01/1900,00/01/1900,0,0,00/01/1900,00/01/1900,0,0,,,,,,,,,,,,,,,,,,,,,,,,,0%,,
0,0,0,0,00/01/1900,00/01/1900,00/01/1900,0,0,0,00/01/1900,00/01/1900,0,0,00/01/1900,00/01/1900,0,0,,,,,,,,,,,,,,,,,,,,,,,,,0%,,
0,0,0,0,00/01/1900,00/01/1900,00/01/1900,0,0,0,00/01/1900,00/01/1900,0,0,00/01/1900,00/01/1900,0,0,,,,,,,,,,,,,,,,,,,,,,,,,0%,,
0,0,0,0,00/01/1900,00/01/1900,00/01/1900,0,0,0,00/01/1900,00/01/1900,0,0,00/01/1900,00/01/1900,0,0,,,,,,,,,,,,,,,,,,,,,,,,,0%,,
0,0,0,0,00/01/1900,00/01/1900,00/01/1900,0,0,0,00/01/1900,00/01/1900,0,0,00/01/1900,00/01/1900,0,0,,,,,,,,,,,,,,,,,,,,,,,,,0%,,
0,0,0,0,00/01/1900,00/01/1900,00/01/1900,0,0,0,00/01/1900,00/01/1900,0,0,00/01/1900,00/01/1900,0,0,,,,,,,,,,,,,,,,,,,,,,,,,0%,,
0,0,0,0,00/01/1900,00/01/1900,00/01/1900,0,0,0,00/01/1900,00/01/1900,0,0,00/01/1900,00/01/1900,0,0,,,,,,,,,,,,,,,,,,,,,,,,,0%,,
0,0,0,0,00/01/1900,00/01/1900,00/01/1900,0,0,0,00/01/1900,00/01/1900,0,0,00/01/1900,00/01/1900,0,0,,,,,,,,,,,,,,,,,,,,,,,,,0%,,
0,0,0,0,00/01/1900,00/01/1900,00/01/1900,0,0,0,00/01/1900,00/01/1900,0,0,00/01/1900,00/01/1900,0,0,,,,,,,,,,,,,,,,,,,,,,,,,0%,,
0,0,0,0,00/01/1900,00/01/1900,00/01/1900,0,0,0,00/01/1900,00/01/1900,0,0,00/01/1900,00/01/1900,0,0,,,,,,,,,,,,,,,,,,,,,,,,,0%,,
0,0,0,0,00/01/1900,00/01/1900,00/01/1900,0,0,0,00/01/1900,00/01/1900,0,0,00/01/1900,00/01/1900,0,0,,,,,,,,,,,,,,,,,,,,,,,,,0%,,
0,0,0,0,00/01/1900,00/01/1900,00/01/1900,0,0,0,00/01/1900,00/01/1900,0,0,00/01/1900,00/01/1900,0,0,,,,,,,,,,,,,,,,,,,,,,,,,0%,,
0,0,0,0,00/01/1900,00/01/1900,00/01/1900,0,0,0,00/01/1900,00/01/1900,0,0,00/01/1900,00/01/1900,0,0,,,,,,,,,,,,,,,,,,,,,,,,,0%,,
0,0,0,0,00/01/1900,00/01/1900,00/01/1900,0,0,0,00/01/1900,00/01/1900,0,0,00/01/1900,00/01/1900,0,0,,,,,,,,,,,,,,,,,,,,,,,,,0%,,
0,0,0,0,00/01/1900,00/01/1900,00/01/1900,0,0,0,00/01/1900,00/01/1900,0,0,00/01/1900,00/01/1900,0,0,,,,,,,,,,,,,,,,,,,,,,,,,0%,,
0,0,0,0,00/01/1900,00/01/1900,00/01/1900,0,0,0,00/01/1900,00/01/1900,0,0,00/01/1900,00/01/1900,0,0,,,,,,,,,,,,,,,,,,,,,,,,,0%,,
0,0,0,0,00/01/1900,00/01/1900,00/01/1900,0,0,0,00/01/1900,00/01/1900,0,0,00/01/1900,00/01/1900,0,0,,,,,,,,,,,,,,,,,,,,,,,,,0%,,
0,0,0,0,00/01/1900,00/01/1900,00/01/1900,0,0,0,00/01/1900,00/01/1900,0,0,00/01/1900,00/01/1900,0,0,,,,,,,,,,,,,,,,,,,,,,,,,0%,,
0,0,0,0,00/01/1900,00/01/1900,00/01/1900,0,0,0,00/01/1900,00/01/1900,0,0,00/01/1900,00/01/1900,0,0,,,,,,,,,,,,,,,,,,,,,,,,,0%,,
0,0,0,0,00/01/1900,00/01/1900,00/01/1900,0,0,0,00/01/1900,00/01/1900,0,0,00/01/1900,00/01/1900,0,0,,,,,,,,,,,,,,,,,,,,,,,,,0%,,
0,0,0,0,00/01/1900,00/01/1900,00/01/1900,0,0,0,00/01/1900,00/01/1900,0,0,00/01/1900,00/01/1900,0,0,,,,,,,,,,,,,,,,,,,,,,,,,0%,,
0,0,0,0,00/01/1900,00/01/1900,00/01/1900,0,0,0,00/01/1900,00/01/1900,0,0,00/01/1900,00/01/1900,0,0,,,,,,,,,,,,,,,,,,,,,,,,,0%,,
0,0,0,0,00/01/1900,00/01/1900,00/01/1900,0,0,0,00/01/1900,00/01/1900,0,0,00/01/1900,00/01/1900,0,0,,,,,,,,,,,,,,,,,,,,,,,,,0%,,
0,0,0,0,00/01/1900,00/01/1900,00/01/1900,0,0,0,00/01/1900,00/01/1900,0,0,00/01/1900,00/01/1900,0,0,,,,,,,,,,,,,,,,,,,,,,,,,0%,,
0,0,0,0,00/01/1900,00/01/1900,00/01/1900,0,0,0,00/01/1900,00/01/1900,0,0,00/01/1900,00/01/1900,0,0,,,,,,,,,,,,,,,,,,,,,,,,,0%,,
0,0,0,0,00/01/1900,00/01/1900,00/01/1900,0,0,0,00/01/1900,00/01/1900,0,0,00/01/1900,00/01/1900,0,0,,,,,,,,,,,,,,,,,,,,,,,,,0%,,
0,0,0,0,00/01/1900,00/01/1900,00/01/1900,0,0,0,00/01/1900,00/01/1900,0,0,00/01/1900,00/01/1900,0,0,,,,,,,,,,,,,,,,,,,,,,,,,0%,,
0,0,0,0,00/01/1900,00/01/1900,00/01/1900,0,0,0,00/01/1900,00/01/1900,0,0,00/01/1900,00/01/1900,0,0,,,,,,,,,,,,,,,,,,,,,,,,,0%,,
0,0,0,0,00/01/1900,00/01/1900,00/01/1900,0,0,0,00/01/1900,00/01/1900,0,0,00/01/1900,00/01/1900,0,0,,,,,,,,,,,,,,,,,,,,,,,,,0%,,
0,0,0,0,00/01/1900,00/01/1900,00/01/1900,0,0,0,00/01/1900,00/01/1900,0,0,00/01/1900,00/01/1900,0,0,,,,,,,,,,,,,,,,,,,,,,,,,0%,,
0,0,0,0,00/01/1900,00/01/1900,00/01/1900,0,0,0,00/01/1900,00/01/1900,0,0,00/01/1900,00/01/1900,0,0,,,,,,,,,,,,,,,,,,,,,,,,,0%,,
0,0,0,0,00/01/1900,00/01/1900,00/01/1900,0,0,0,00/01/1900,00/01/1900,0,0,00/01/1900,00/01/1900,0,0,,,,,,,,,,,,,,,,,,,,,,,,,0%,,
0,0,0,0,00/01/1900,00/01/1900,00/01/1900,0,0,0,00/01/1900,00/01/1900,0,0,00/01/1900,00/01/1900,0,0,,,,,,,,,,,,,,,,,,,,,,,,,0%,,
0,0,0,0,00/01/1900,00/01/1900,00/01/1900,0,0,0,00/01/1900,00/01/1900,0,0,00/01/1900,00/01/1900,0,0,,,,,,,,,,,,,,,,,,,,,,,,,0%,,
0,0,0,0,00/01/1900,00/01/1900,00/01/1900,0,0,0,00/01/1900,00/01/1900,0,0,00/01/1900,00/01/1900,0,0,,,,,,,,,,,,,,,,,,,,,,,,,0%,,
0,0,0,0,00/01/1900,00/01/1900,00/01/1900,0,0,0,00/01/1900,00/01/1900,0,0,00/01/1900,00/01/1900,0,0,,,,,,,,,,,,,,,,,,,,,,,,,0%,,
0,0,0,0,00/01/1900,00/01/1900,00/01/1900,0,0,0,00/01/1900,00/01/1900,0,0,00/01/1900,00/01/1900,0,0,,,,,,,,,,,,,,,,,,,,,,,,,0%,,
0,0,0,0,00/01/1900,00/01/1900,00/01/1900,0,0,0,00/01/1900,00/01/1900,0,0,00/01/1900,00/01/1900,0,0,,,,,,,,,,,,,,,,,,,,,,,,,0%,,
0,0,0,0,00/01/1900,00/01/1900,00/01/1900,0,0,0,00/01/1900,00/01/1900,0,0,00/01/1900,00/01/1900,0,0,,,,,,,,,,,,,,,,,,,,,,,,,0%,,
0,0,0,0,00/01/1900,00/01/1900,00/01/1900,0,0,0,00/01/1900,00/01/1900,0,0,00/01/1900,00/01/1900,0,0,,,,,,,,,,,,,,,,,,,,,,,,,0%,,
0,0,0,0,00/01/1900,00/01/1900,00/01/1900,0,0,0,00/01/1900,00/01/1900,0,0,00/01/1900,00/01/1900,0,0,,,,,,,,,,,,,,,,,,,,,,,,,0%,,
0,0,0,0,00/01/1900,00/01/1900,00/01/1900,0,0,0,00/01/1900,00/01/1900,0,0,00/01/1900,00/01/1900,0,0,,,,,,,,,,,,,,,,,,,,,,,,,0%,,
0,0,0,0,00/01/1900,00/01/1900,00/01/1900,0,0,0,00/01/1900,00/01/1900,0,0,00/01/1900,00/01/1900,0,0,,,,,,,,,,,,,,,,,,,,,,,,,0%,,
0,0,0,0,00/01/1900,00/01/1900,00/01/1900,0,0,0,00/01/1900,00/01/1900,0,0,00/01/1900,00/01/1900,0,0,,,,,,,,,,,,,,,,,,,,,,,,,0%,,
0,0,0,0,00/01/1900,00/01/1900,00/01/1900,0,0,0,00/01/1900,00/01/1900,0,0,00/01/1900,00/01/1900,0,0,,,,,,,,,,,,,,,,,,,,,,,,,0%,,
0,0,0,0,00/01/1900,00/01/1900,00/01/1900,0,0,0,00/01/1900,00/01/1900,0,0,00/01/1900,00/01/1900,0,0,,,,,,,,,,,,,,,,,,,,,,,,,0%,,
0,0,0,0,00/01/1900,00/01/1900,00/01/1900,0,0,0,00/01/1900,00/01/1900,0,0,00/01/1900,00/01/1900,0,0,,,,,,,,,,,,,,,,,,,,,,,,,0%,,
0,0,0,0,00/01/1900,00/01/1900,00/01/1900,0,0,0,00/01/1900,00/01/1900,0,0,00/01/1900,00/01/1900,0,0,,,,,,,,,,,,,,,,,,,,,,,,,0%,,
0,0,0,0,00/01/1900,00/01/1900,00/01/1900,0,0,0,00/01/1900,00/01/1900,0,0,00/01/1900,00/01/1900,0,0,,,,,,,,,,,,,,,,,,,,,,,,,0%,,
0,0,0,0,00/01/1900,00/01/1900,00/01/1900,0,0,0,00/01/1900,00/01/1900,0,0,00/01/1900,00/01/1900,0,0,,,,,,,,,,,,,,,,,,,,,,,,,0%,,
0,0,0,0,00/01/1900,00/01/1900,00/01/1900,0,0,0,00/01/1900,00/01/1900,0,0,00/01/1900,00/01/1900,0,0,,,,,,,,,,,,,,,,,,,,,,,,,0%,,
0,0,0,0,00/01/1900,00/01/1900,00/01/1900,0,0,0,00/01/1900,00/01/1900,0,0,00/01/1900,00/01/1900,0,0,,,,,,,,,,,,,,,,,,,,,,,,,0%,,
0,0,0,0,00/01/1900,00/01/1900,00/01/1900,0,0,0,00/01/1900,00/01/1900,0,0,00/01/1900,00/01/1900,0,0,,,,,,,,,,,,,,,,,,,,,,,,,0%,,
0,0,0,0,00/01/1900,00/01/1900,00/01/1900,0,0,0,00/01/1900,00/01/1900,0,0,00/01/1900,00/01/1900,0,0,,,,,,,,,,,,,,,,,,,,,,,,,0%,,
0,0,0,0,00/01/1900,00/01/1900,00/01/1900,0,0,0,00/01/1900,00/01/1900,0,0,00/01/1900,00/01/1900,0,0,,,,,,,,,,,,,,,,,,,,,,,,,0%,,
0,0,0,0,00/01/1900,00/01/1900,00/01/1900,0,0,0,00/01/1900,00/01/1900,0,0,00/01/1900,00/01/1900,0,0,,,,,,,,,,,,,,,,,,,,,,,,,0%,,
0,0,0,0,00/01/1900,00/01/1900,00/01/1900,0,0,0,00/01/1900,00/01/1900,0,0,00/01/1900,00/01/1900,0,0,,,,,,,,,,,,,,,,,,,,,,,,,0%,,
0,0,0,0,00/01/1900,00/01/1900,00/01/1900,0,0,0,00/01/1900,00/01/1900,0,0,00/01/1900,00/01/1900,0,0,,,,,,,,,,,,,,,,,,,,,,,,,0%,,
0,0,0,0,00/01/1900,00/01/1900,00/01/1900,0,0,0,00/01/1900,00/01/1900,0,0,00/01/1900,00/01/1900,0,0,,,,,,,,,,,,,,,,,,,,,,,,,0%,,
0,0,0,0,00/01/1900,00/01/1900,00/01/1900,0,0,0,00/01/1900,00/01/1900,0,0,00/01/1900,00/01/1900,0,0,,,,,,,,,,,,,,,,,,,,,,,,,0%,,
0,0,0,0,00/01/1900,00/01/1900,00/01/1900,0,0,0,00/01/1900,00/01/1900,0,0,00/01/1900,00/01/1900,0,0,,,,,,,,,,,,,,,,,,,,,,,,,0%,,
0,0,0,0,00/01/1900,00/01/1900,00/01/1900,0,0,0,00/01/1900,00/01/1900,0,0,00/01/1900,00/01/1900,0,0,,,,,,,,,,,,,,,,,,,,,,,,,0%,,
0,0,0,0,00/01/1900,00/01/1900,00/01/1900,0,0,0,00/01/1900,00/01/1900,0,0,00/01/1900,00/01/1900,0,0,,,,,,,,,,,,,,,,,,,,,,,,,0%,,
0,0,0,0,00/01/1900,00/01/1900,00/01/1900,0,0,0,00/01/1900,00/01/1900,0,0,00/01/1900,00/01/1900,0,0,,,,,,,,,,,,,,,,,,,,,,,,,0%,,
0,0,0,0,00/01/1900,00/01/1900,00/01/1900,0,0,0,00/01/1900,00/01/1900,0,0,00/01/1900,00/01/1900,0,0,,,,,,,,,,,,,,,,,,,,,,,,,0%,,
0,0,0,0,00/01/1900,00/01/1900,00/01/1900,0,0,0,00/01/1900,00/01/1900,0,0,00/01/1900,00/01/1900,0,0,,,,,,,,,,,,,,,,,,,,,,,,,0%,,
0,0,0,0,00/01/1900,00/01/1900,00/01/1900,0,0,0,00/01/1900,00/01/1900,0,0,00/01/1900,00/01/1900,0,0,,,,,,,,,,,,,,,,,,,,,,,,,0%,,
0,0,0,0,00/01/1900,00/01/1900,00/01/1900,0,0,0,00/01/1900,00/01/1900,0,0,00/01/1900,00/01/1900,0,0,,,,,,,,,,,,,,,,,,,,,,,,,0%,,
0,0,0,0,00/01/1900,00/01/1900,00/01/1900,0,0,0,00/01/1900,00/01/1900,0,0,00/01/1900,00/01/1900,0,0,,,,,,,,,,,,,,,,,,,,,,,,,0%,,
0,0,0,0,00/01/1900,00/01/1900,00/01/1900,0,0,0,00/01/1900,00/01/1900,0,0,00/01/1900,00/01/1900,0,0,,,,,,,,,,,,,,,,,,,,,,,,,0%,,
0,0,0,0,00/01/1900,00/01/1900,00/01/1900,0,0,0,00/01/1900,00/01/1900,0,0,00/01/1900,00/01/1900,0,0,,,,,,,,,,,,,,,,,,,,,,,,,0%,,
0,0,0,0,00/01/1900,00/01/1900,00/01/1900,0,0,0,00/01/1900,00/01/1900,0,0,00/01/1900,00/01/1900,0,0,,,,,,,,,,,,,,,,,,,,,,,,,0%,,
0,0,0,0,00/01/1900,00/01/1900,00/01/1900,0,0,0,00/01/1900,00/01/1900,0,0,00/01/1900,00/01/1900,0,0,,,,,,,,,,,,,,,,,,,,,,,,,0%,,
0,0,0,0,00/01/1900,00/01/1900,00/01/1900,0,0,0,00/01/1900,00/01/1900,0,0,00/01/1900,00/01/1900,0,0,,,,,,,,,,,,,,,,,,,,,,,,,0%,,
0,0,0,0,00/01/1900,00/01/1900,00/01/1900,0,0,0,00/01/1900,00/01/1900,0,0,00/01/1900,00/01/1900,0,0,,,,,,,,,,,,,,,,,,,,,,,,,0%,,
0,0,0,0,00/01/1900,00/01/1900,00/01/1900,0,0,0,00/01/1900,00/01/1900,0,0,00/01/1900,00/01/1900,0,0,,,,,,,,,,,,,,,,,,,,,,,,,0%,,
0,0,0,0,00/01/1900,00/01/1900,00/01/1900,0,0,0,00/01/1900,00/01/1900,0,0,00/01/1900,00/01/1900,0,0,,,,,,,,,,,,,,,,,,,,,,,,,0%,,
0,0,0,0,00/01/1900,00/01/1900,00/01/1900,0,0,0,00/01/1900,00/01/1900,0,0,00/01/1900,00/01/1900,0,0,,,,,,,,,,,,,,,,,,,,,,,,,0%,,
0,0,0,0,00/01/1900,00/01/1900,00/01/1900,0,0,0,00/01/1900,00/01/1900,0,0,00/01/1900,00/01/1900,0,0,,,,,,,,,,,,,,,,,,,,,,,,,0%,,
0,0,0,0,00/01/1900,00/01/1900,00/01/1900,0,0,0,00/01/1900,00/01/1900,0,0,00/01/1900,00/01/1900,0,0,,,,,,,,,,,,,,,,,,,,,,,,,0%,,
0,0,0,0,00/01/1900,00/01/1900,00/01/1900,0,0,0,00/01/1900,00/01/1900,0,0,00/01/1900,00/01/1900,0,0,,,,,,,,,,,,,,,,,,,,,,,,,0%,,
0,0,0,0,00/01/1900,00/01/1900,00/01/1900,0,0,0,00/01/1900,00/01/1900,0,0,00/01/1900,00/01/1900,0,0,,,,,,,,,,,,,,,,,,,,,,,,,0%,,
0,0,0,0,00/01/1900,00/01/1900,00/01/1900,0,0,0,00/01/1900,00/01/1900,0,0,00/01/1900,00/01/1900,0,0,,,,,,,,,,,,,,,,,,,,,,,,,0%,,
0,0,0,0,00/01/1900,00/01/1900,00/01/1900,0,0,0,00/01/1900,00/01/1900,0,0,00/01/1900,00/01/1900,0,0,,,,,,,,,,,,,,,,,,,,,,,,,0%,,
0,0,0,0,00/01/1900,00/01/1900,00/01/1900,0,0,0,00/01/1900,00/01/1900,0,0,00/01/1900,00/01/1900,0,0,,,,,,,,,,,,,,,,,,,,,,,,,0%,,
0,0,0,0,00/01/1900,00/01/1900,00/01/1900,0,0,0,00/01/1900,00/01/1900,0,0,00/01/1900,00/01/1900,0,0,,,,,,,,,,,,,,,,,,,,,,,,,0%,,
0,0,0,0,00/01/1900,00/01/1900,00/01/1900,0,0,0,00/01/1900,00/01/1900,0,0,00/01/1900,00/01/1900,0,0,,,,,,,,,,,,,,,,,,,,,,,,,0%,,
0,0,0,0,00/01/1900,00/01/1900,00/01/1900,0,0,0,00/01/1900,00/01/1900,0,0,00/01/1900,00/01/1900,0,0,,,,,,,,,,,,,,,,,,,,,,,,,0%,,
0,0,0,0,00/01/1900,00/01/1900,00/01/1900,0,0,0,00/01/1900,00/01/1900,0,0,00/01/1900,00/01/1900,0,0,,,,,,,,,,,,,,,,,,,,,,,,,0%,,
0,0,0,0,00/01/1900,00/01/1900,00/01/1900,0,0,0,00/01/1900,00/01/1900,0,0,00/01/1900,00/01/1900,0,0,,,,,,,,,,,,,,,,,,,,,,,,,0%,,
0,0,0,0,00/01/1900,00/01/1900,00/01/1900,0,0,0,00/01/1900,00/01/1900,0,0,00/01/1900,00/01/1900,0,0,,,,,,,,,,,,,,,,,,,,,,,,,0%,,
0,0,0,0,00/01/1900,00/01/1900,00/01/1900,0,0,0,00/01/1900,00/01/1900,0,0,00/01/1900,00/01/1900,0,0,,,,,,,,,,,,,,,,,,,,,,,,,0%,,
0,0,0,0,00/01/1900,00/01/1900,00/01/1900,0,0,0,00/01/1900,00/01/1900,0,0,00/01/1900,00/01/1900,0,0,,,,,,,,,,,,,,,,,,,,,,,,,0%,,
0,0,0,0,00/01/1900,00/01/1900,00/01/1900,0,0,0,00/01/1900,00/01/1900,0,0,00/01/1900,00/01/1900,0,0,,,,,,,,,,,,,,,,,,,,,,,,,0%,,
0,0,0,0,00/01/1900,00/01/1900,00/01/1900,0,0,0,00/01/1900,00/01/1900,0,0,00/01/1900,00/01/1900,0,0,,,,,,,,,,,,,,,,,,,,,,,,,0%,,
0,0,0,0,00/01/1900,00/01/1900,00/01/1900,0,0,0,00/01/1900,00/01/1900,0,0,00/01/1900,00/01/1900,0,0,,,,,,,,,,,,,,,,,,,,,,,,,0%,,
0,0,0,0,00/01/1900,00/01/1900,00/01/1900,0,0,0,00/01/1900,00/01/1900,0,0,00/01/1900,00/01/1900,0,0,,,,,,,,,,,,,,,,,,,,,,,,,0%,,
0,0,0,0,00/01/1900,00/01/1900,00/01/1900,0,0,0,00/01/1900,00/01/1900,0,0,00/01/1900,00/01/1900,0,0,,,,,,,,,,,,,,,,,,,,,,,,,0%,,
0,0,0,0,00/01/1900,00/01/1900,00/01/1900,0,0,0,00/01/1900,00/01/1900,0,0,00/01/1900,00/01/1900,0,0,,,,,,,,,,,,,,,,,,,,,,,,,0%,,
0,0,0,0,00/01/1900,00/01/1900,00/01/1900,0,0,0,00/01/1900,00/01/1900,0,0,00/01/1900,00/01/1900,0,0,,,,,,,,,,,,,,,,,,,,,,,,,0%,,
0,0,0,0,00/01/1900,00/01/1900,00/01/1900,0,0,0,00/01/1900,00/01/1900,0,0,00/01/1900,00/01/1900,0,0,,,,,,,,,,,,,,,,,,,,,,,,,0%,,
0,0,0,0,00/01/1900,00/01/1900,00/01/1900,0,0,0,00/01/1900,00/01/1900,0,0,00/01/1900,00/01/1900,0,0,,,,,,,,,,,,,,,,,,,,,,,,,0%,,
0,0,0,0,00/01/1900,00/01/1900,00/01/1900,0,0,0,00/01/1900,00/01/1900,0,0,00/01/1900,00/01/1900,0,0,,,,,,,,,,,,,,,,,,,,,,,,,0%,,
0,0,0,0,00/01/1900,00/01/1900,00/01/1900,0,0,0,00/01/1900,00/01/1900,0,0,00/01/1900,00/01/1900,0,0,,,,,,,,,,,,,,,,,,,,,,,,,0%,,
0,0,0,0,00/01/1900,00/01/1900,00/01/1900,0,0,0,00/01/1900,00/01/1900,0,0,00/01/1900,00/01/1900,0,0,,,,,,,,,,,,,,,,,,,,,,,,,0%,,
0,0,0,0,00/01/1900,00/01/1900,00/01/1900,0,0,0,00/01/1900,00/01/1900,0,0,00/01/1900,00/01/1900,0,0,,,,,,,,,,,,,,,,,,,,,,,,,0%,,
0,0,0,0,00/01/1900,00/01/1900,00/01/1900,0,0,0,00/01/1900,00/01/1900,0,0,00/01/1900,00/01/1900,0,0,,,,,,,,,,,,,,,,,,,,,,,,,0%,,
0,0,0,0,00/01/1900,00/01/1900,00/01/1900,0,0,0,00/01/1900,00/01/1900,0,0,00/01/1900,00/01/1900,0,0,,,,,,,,,,,,,,,,,,,,,,,,,0%,,
0,0,0,0,00/01/1900,00/01/1900,00/01/1900,0,0,0,00/01/1900,00/01/1900,0,0,00/01/1900,00/01/1900,0,0,,,,,,,,,,,,,,,,,,,,,,,,,0%,,
0,0,0,0,00/01/1900,00/01/1900,00/01/1900,0,0,0,00/01/1900,00/01/1900,0,0,00/01/1900,00/01/1900,0,0,,,,,,,,,,,,,,,,,,,,,,,,,0%,,
0,0,0,0,00/01/1900,00/01/1900,00/01/1900,0,0,0,00/01/1900,00/01/1900,0,0,00/01/1900,00/01/1900,0,0,,,,,,,,,,,,,,,,,,,,,,,,,0%,,
0,0,0,0,00/01/1900,00/01/1900,00/01/1900,0,0,0,00/01/1900,00/01/1900,0,0,00/01/1900,00/01/1900,0,0,,,,,,,,,,,,,,,,,,,,,,,,,0%,,
0,0,0,0,00/01/1900,00/01/1900,00/01/1900,0,0,0,00/01/1900,00/01/1900,0,0,00/01/1900,00/01/1900,0,0,,,,,,,,,,,,,,,,,,,,,,,,,0%,,
0,0,0,0,00/01/1900,00/01/1900,00/01/1900,0,0,0,00/01/1900,00/01/1900,0,0,00/01/1900,00/01/1900,0,0,,,,,,,,,,,,,,,,,,,,,,,,,0%,,
0,0,0,0,00/01/1900,00/01/1900,00/01/1900,0,0,0,00/01/1900,00/01/1900,0,0,00/01/1900,00/01/1900,0,0,,,,,,,,,,,,,,,,,,,,,,,,,0%,,
